Date,Year,Month,Annual_Polyolefin_Packaging_Tonnes,Incineration_Energy_Recovery_Rate_Pct,Mechanical_Recycling_Rate_Pct,Seasonal_Factor,Monthly_Polyolefin_Packaging_Tonnes,Sector,Lead_Partner_Example,Polymer_Type,Sector_Market_Share_Pct,P_Life_Adoption_Start_Year,P_Life_Adoption_Rate,Sector_Polyolefin_Tonnes,P_Life_Treated_Plastic_Tonnes,Untreated_Plastic_Tonnes,Baseline_Unmanaged_Leakage_Rate_Pct,Raw_Unmanaged_Leakage_Tonnes,P_Life_Abated_Leakage_Tonnes,Net_Persistent_Environmental_Leakage_Tonnes,P_Life_Pollution_Reduction_Pct
2010-01-01,2010,1,3850000,68.0,21.0,0.9200000000000002,295166.6666666667,Beverage_Straws_Bottles,ITO_EN_Ltd,PP,28.0,2016,0.002,82646.66666666669,165.29333333333338,82481.37333333335,1.2,991.7600000000002,1.6859920000000004,990.0740080000002,0.16999999999999998
2010-01-01,2010,1,3850000,68.0,21.0,0.9200000000000002,295166.6666666667,Convenience_Store_Packaging,SI_Jushi_Sangyo,PE_LDPE,45.0,2018,0.002,132825.0,265.65,132559.35,1.2,1593.9,2.7096299999999998,1591.19037,0.16999999999999996
2010-01-01,2010,1,3850000,68.0,21.0,0.9200000000000002,295166.6666666667,Agricultural_Films_Bags,Japan_Agri_Coop,PE_HDPE,27.0,2019,0.002,79695.00000000001,159.39000000000004,79535.61000000002,1.2,956.3400000000001,1.6257780000000004,954.7142220000002,0.17
2010-02-01,2010,2,3850000,68.0,21.0,0.9100000000000001,291958.3333333334,Beverage_Straws_Bottles,ITO_EN_Ltd,PP,28.0,2016,0.002,81748.33333333336,163.49666666666673,81584.83666666668,1.2,980.9800000000004,1.6676660000000008,979.3123340000003,0.17
2010-02-01,2010,2,3850000,68.0,21.0,0.9100000000000001,291958.3333333334,Convenience_Store_Packaging,SI_Jushi_Sangyo,PE_LDPE,45.0,2018,0.002,131381.25000000003,262.76250000000005,131118.48750000002,1.2,1576.5750000000003,2.6801775000000005,1573.8948225000004,0.17
2010-02-01,2010,2,3850000,68.0,21.0,0.9100000000000001,291958.3333333334,Agricultural_Films_Bags,Japan_Agri_Coop,PE_HDPE,27.0,2019,0.002,78828.75000000001,157.65750000000003,78671.09250000001,1.2,945.9450000000002,1.6081065,944.3368935000002,0.16999999999999998
2010-03-01,2010,3,3850000,68.0,21.0,0.9800000000000001,314416.6666666667,Beverage_Straws_Bottles,ITO_EN_Ltd,PP,28.0,2016,0.002,88036.66666666669,176.07333333333338,87860.59333333335,1.2,1056.4400000000003,1.7959480000000003,1054.6440520000003,0.16999999999999998
2010-03-01,2010,3,3850000,68.0,21.0,0.9800000000000001,314416.6666666667,Convenience_Store_Packaging,SI_Jushi_Sangyo,PE_LDPE,45.0,2018,0.002,141487.5,282.975,141204.525,1.2,1697.8500000000001,2.886345,1694.9636550000002,0.16999999999999998
2010-03-01,2010,3,3850000,68.0,21.0,0.9800000000000001,314416.6666666667,Agricultural_Films_Bags,Japan_Agri_Coop,PE_HDPE,27.0,2019,0.002,84892.50000000001,169.78500000000003,84722.71500000001,1.2,1018.7100000000002,1.7318070000000003,1016.9781930000001,0.17
2010-04-01,2010,4,3850000,68.0,21.0,1.0200000000000002,327250.00000000006,Beverage_Straws_Bottles,ITO_EN_Ltd,PP,28.0,2016,0.002,91630.00000000003,183.26000000000008,91446.74000000003,1.2,1099.5600000000004,1.8692520000000008,1097.6907480000004,0.17
2010-04-01,2010,4,3850000,68.0,21.0,1.0200000000000002,327250.00000000006,Convenience_Store_Packaging,SI_Jushi_Sangyo,PE_LDPE,45.0,2018,0.002,147262.50000000003,294.5250000000001,146967.97500000003,1.2,1767.1500000000003,3.0041550000000012,1764.1458450000002,0.17000000000000004
2010-04-01,2010,4,3850000,68.0,21.0,1.0200000000000002,327250.00000000006,Agricultural_Films_Bags,Japan_Agri_Coop,PE_HDPE,27.0,2019,0.002,88357.50000000001,176.71500000000003,88180.78500000002,1.2,1060.2900000000002,1.8024930000000003,1058.4875070000003,0.17
2010-05-01,2010,5,3850000,68.0,21.0,1.0500000000000003,336875.00000000006,Beverage_Straws_Bottles,ITO_EN_Ltd,PP,28.0,2016,0.002,94325.00000000003,188.65000000000006,94136.35000000003,1.2,1131.9000000000003,1.9242300000000006,1129.9757700000002,0.16999999999999998
2010-05-01,2010,5,3850000,68.0,21.0,1.0500000000000003,336875.00000000006,Convenience_Store_Packaging,SI_Jushi_Sangyo,PE_LDPE,45.0,2018,0.002,151593.75000000003,303.18750000000006,151290.56250000003,1.2,1819.1250000000005,3.0925125000000007,1816.0324875000003,0.16999999999999998
2010-05-01,2010,5,3850000,68.0,21.0,1.0500000000000003,336875.00000000006,Agricultural_Films_Bags,Japan_Agri_Coop,PE_HDPE,27.0,2019,0.002,90956.25000000001,181.91250000000002,90774.33750000001,1.2,1091.4750000000001,1.8555075000000003,1089.6194925000002,0.17
2010-06-01,2010,6,3850000,68.0,21.0,1.0800000000000003,346500.00000000006,Beverage_Straws_Bottles,ITO_EN_Ltd,PP,28.0,2016,0.002,97020.00000000003,194.04000000000005,96825.96000000004,1.2,1164.2400000000005,1.9792080000000005,1162.2607920000005,0.16999999999999996
2010-06-01,2010,6,3850000,68.0,21.0,1.0800000000000003,346500.00000000006,Convenience_Store_Packaging,SI_Jushi_Sangyo,PE_LDPE,45.0,2018,0.002,155925.00000000003,311.8500000000001,155613.15000000002,1.2,1871.1000000000004,3.1808700000000005,1867.9191300000005,0.16999999999999998
2010-06-01,2010,6,3850000,68.0,21.0,1.0800000000000003,346500.00000000006,Agricultural_Films_Bags,Japan_Agri_Coop,PE_HDPE,27.0,2019,0.002,93555.00000000003,187.11000000000007,93367.89000000003,1.2,1122.6600000000003,1.9085220000000007,1120.7514780000004,0.17
2010-07-01,2010,7,3850000,68.0,21.0,1.1200000000000003,359333.33333333343,Beverage_Straws_Bottles,ITO_EN_Ltd,PP,28.0,2016,0.002,100613.33333333337,201.22666666666674,100412.1066666667,1.2,1207.3600000000006,2.0525120000000006,1205.3074880000006,0.16999999999999996
2010-07-01,2010,7,3850000,68.0,21.0,1.1200000000000003,359333.33333333343,Convenience_Store_Packaging,SI_Jushi_Sangyo,PE_LDPE,45.0,2018,0.002,161700.00000000006,323.40000000000015,161376.60000000006,1.2,1940.4000000000008,3.298680000000002,1937.1013200000007,0.17000000000000004
2010-07-01,2010,7,3850000,68.0,21.0,1.1200000000000003,359333.33333333343,Agricultural_Films_Bags,Japan_Agri_Coop,PE_HDPE,27.0,2019,0.002,97020.00000000003,194.04000000000005,96825.96000000004,1.2,1164.2400000000005,1.9792080000000005,1162.2607920000005,0.16999999999999996
2010-08-01,2010,8,3850000,68.0,21.0,1.1000000000000003,352916.66666666674,Beverage_Straws_Bottles,ITO_EN_Ltd,PP,28.0,2016,0.002,98816.6666666667,197.6333333333334,98619.03333333337,1.2,1185.8000000000004,2.0158600000000004,1183.7841400000004,0.16999999999999996
2010-08-01,2010,8,3850000,68.0,21.0,1.1000000000000003,352916.66666666674,Convenience_Store_Packaging,SI_Jushi_Sangyo,PE_LDPE,45.0,2018,0.002,158812.50000000003,317.62500000000006,158494.87500000003,1.2,1905.7500000000005,3.2397750000000003,1902.5102250000004,0.16999999999999996
2010-08-01,2010,8,3850000,68.0,21.0,1.1000000000000003,352916.66666666674,Agricultural_Films_Bags,Japan_Agri_Coop,PE_HDPE,27.0,2019,0.002,95287.50000000003,190.57500000000007,95096.92500000003,1.2,1143.4500000000003,1.9438650000000008,1141.5061350000003,0.17000000000000004
2010-09-01,2010,9,3850000,68.0,21.0,1.0100000000000002,324041.66666666674,Beverage_Straws_Bottles,ITO_EN_Ltd,PP,28.0,2016,0.002,90731.6666666667,181.4633333333334,90550.20333333337,1.2,1088.7800000000004,1.8509260000000005,1086.9290740000004,0.16999999999999998
2010-09-01,2010,9,3850000,68.0,21.0,1.0100000000000002,324041.66666666674,Convenience_Store_Packaging,SI_Jushi_Sangyo,PE_LDPE,45.0,2018,0.002,145818.75000000003,291.63750000000005,145527.11250000002,1.2,1749.8250000000003,2.9747025000000007,1746.8502975000004,0.17
2010-09-01,2010,9,3850000,68.0,21.0,1.0100000000000002,324041.66666666674,Agricultural_Films_Bags,Japan_Agri_Coop,PE_HDPE,27.0,2019,0.002,87491.25000000003,174.98250000000007,87316.26750000003,1.2,1049.8950000000004,1.7848215000000007,1048.1101785000005,0.16999999999999998
2010-10-01,2010,10,3850000,68.0,21.0,0.9600000000000001,308000.0,Beverage_Straws_Bottles,ITO_EN_Ltd,PP,28.0,2016,0.002,86240.00000000001,172.48000000000005,86067.52000000002,1.2,1034.88,1.7592960000000004,1033.1207040000002,0.17
2010-10-01,2010,10,3850000,68.0,21.0,0.9600000000000001,308000.0,Convenience_Store_Packaging,SI_Jushi_Sangyo,PE_LDPE,45.0,2018,0.002,138600.0,277.2,138322.8,1.2,1663.2,2.8274399999999997,1660.37256,0.16999999999999996
2010-10-01,2010,10,3850000,68.0,21.0,0.9600000000000001,308000.0,Agricultural_Films_Bags,Japan_Agri_Coop,PE_HDPE,27.0,2019,0.002,83160.0,166.32,82993.68,1.2,997.9200000000001,1.696464,996.2235360000001,0.16999999999999998
2010-11-01,2010,11,3850000,68.0,21.0,0.9300000000000002,298375.00000000006,Beverage_Straws_Bottles,ITO_EN_Ltd,PP,28.0,2016,0.002,83545.00000000003,167.09000000000006,83377.91000000003,1.2,1002.5400000000004,1.7043180000000007,1000.8356820000004,0.16999999999999998
2010-11-01,2010,11,3850000,68.0,21.0,0.9300000000000002,298375.00000000006,Convenience_Store_Packaging,SI_Jushi_Sangyo,PE_LDPE,45.0,2018,0.002,134268.75000000003,268.5375000000001,134000.21250000002,1.2,1611.2250000000004,2.7390825000000008,1608.4859175000004,0.17
2010-11-01,2010,11,3850000,68.0,21.0,0.9300000000000002,298375.00000000006,Agricultural_Films_Bags,Japan_Agri_Coop,PE_HDPE,27.0,2019,0.002,80561.25000000001,161.12250000000003,80400.12750000002,1.2,966.7350000000002,1.6434495000000005,965.0915505000003,0.17
2010-12-01,2010,12,3850000,68.0,21.0,0.9200000000000002,295166.6666666667,Beverage_Straws_Bottles,ITO_EN_Ltd,PP,28.0,2016,0.002,82646.66666666669,165.29333333333338,82481.37333333335,1.2,991.7600000000002,1.6859920000000004,990.0740080000002,0.16999999999999998
2010-12-01,2010,12,3850000,68.0,21.0,0.9200000000000002,295166.6666666667,Convenience_Store_Packaging,SI_Jushi_Sangyo,PE_LDPE,45.0,2018,0.002,132825.0,265.65,132559.35,1.2,1593.9,2.7096299999999998,1591.19037,0.16999999999999996
2010-12-01,2010,12,3850000,68.0,21.0,0.9200000000000002,295166.6666666667,Agricultural_Films_Bags,Japan_Agri_Coop,PE_HDPE,27.0,2019,0.002,79695.00000000001,159.39000000000004,79535.61000000002,1.2,956.3400000000001,1.6257780000000004,954.7142220000002,0.17
2011-01-01,2011,1,3880000,68.5,21.2,0.9200000000000002,297466.6666666667,Beverage_Straws_Bottles,ITO_EN_Ltd,PP,28.0,2016,0.002,83290.66666666669,166.58133333333336,83124.08533333335,1.2,999.4880000000003,1.6991296000000002,997.7888704000003,0.16999999999999996
2011-01-01,2011,1,3880000,68.5,21.2,0.9200000000000002,297466.6666666667,Convenience_Store_Packaging,SI_Jushi_Sangyo,PE_LDPE,45.0,2018,0.002,133860.0,267.72,133592.28,1.2,1606.32,2.730744,1603.589256,0.17
2011-01-01,2011,1,3880000,68.5,21.2,0.9200000000000002,297466.6666666667,Agricultural_Films_Bags,Japan_Agri_Coop,PE_HDPE,27.0,2019,0.002,80316.00000000001,160.63200000000003,80155.36800000002,1.2,963.7920000000001,1.6384464000000003,962.1535536000001,0.17
2011-02-01,2011,2,3880000,68.5,21.2,0.9100000000000001,294233.3333333334,Beverage_Straws_Bottles,ITO_EN_Ltd,PP,28.0,2016,0.002,82385.33333333336,164.77066666666673,82220.5626666667,1.2,988.6240000000004,1.6806608000000007,986.9433392000003,0.17
2011-02-01,2011,2,3880000,68.5,21.2,0.9100000000000001,294233.3333333334,Convenience_Store_Packaging,SI_Jushi_Sangyo,PE_LDPE,45.0,2018,0.002,132405.00000000003,264.81000000000006,132140.19000000003,1.2,1588.8600000000004,2.7010620000000007,1586.1589380000003,0.17
2011-02-01,2011,2,3880000,68.5,21.2,0.9100000000000001,294233.3333333334,Agricultural_Films_Bags,Japan_Agri_Coop,PE_HDPE,27.0,2019,0.002,79443.00000000001,158.88600000000002,79284.11400000002,1.2,953.3160000000001,1.6206372000000002,951.6953628000001,0.16999999999999998
2011-03-01,2011,3,3880000,68.5,21.2,0.9800000000000001,316866.6666666667,Beverage_Straws_Bottles,ITO_EN_Ltd,PP,28.0,2016,0.002,88722.66666666669,177.44533333333337,88545.22133333335,1.2,1064.6720000000003,1.8099424000000004,1062.8620576000003,0.16999999999999998
2011-03-01,2011,3,3880000,68.5,21.2,0.9800000000000001,316866.6666666667,Convenience_Store_Packaging,SI_Jushi_Sangyo,PE_LDPE,45.0,2018,0.002,142590.0,285.18,142304.82,1.2,1711.08,2.908836,1708.1711639999999,0.17
2011-03-01,2011,3,3880000,68.5,21.2,0.9800000000000001,316866.6666666667,Agricultural_Films_Bags,Japan_Agri_Coop,PE_HDPE,27.0,2019,0.002,85554.00000000001,171.10800000000003,85382.89200000002,1.2,1026.6480000000001,1.7453016000000003,1024.9026984000002,0.17
2011-04-01,2011,4,3880000,68.5,21.2,1.0200000000000002,329800.00000000006,Beverage_Straws_Bottles,ITO_EN_Ltd,PP,28.0,2016,0.002,92344.00000000003,184.68800000000007,92159.31200000003,1.2,1108.1280000000004,1.8838176000000006,1106.2441824000005,0.16999999999999998
2011-04-01,2011,4,3880000,68.5,21.2,1.0200000000000002,329800.00000000006,Convenience_Store_Packaging,SI_Jushi_Sangyo,PE_LDPE,45.0,2018,0.002,148410.00000000003,296.82000000000005,148113.18000000002,1.2,1780.9200000000003,3.0275640000000004,1777.8924360000003,0.16999999999999998
2011-04-01,2011,4,3880000,68.5,21.2,1.0200000000000002,329800.00000000006,Agricultural_Films_Bags,Japan_Agri_Coop,PE_HDPE,27.0,2019,0.002,89046.00000000001,178.09200000000004,88867.90800000001,1.2,1068.5520000000001,1.8165384000000002,1066.7354616000002,0.16999999999999998
2011-05-01,2011,5,3880000,68.5,21.2,1.0500000000000003,339500.00000000006,Beverage_Straws_Bottles,ITO_EN_Ltd,PP,28.0,2016,0.002,95060.00000000003,190.12000000000006,94869.88000000003,1.2,1140.7200000000005,1.9392240000000007,1138.7807760000005,0.16999999999999998
2011-05-01,2011,5,3880000,68.5,21.2,1.0500000000000003,339500.00000000006,Convenience_Store_Packaging,SI_Jushi_Sangyo,PE_LDPE,45.0,2018,0.002,152775.00000000003,305.55000000000007,152469.45000000004,1.2,1833.3000000000004,3.1166100000000005,1830.1833900000004,0.16999999999999998
2011-05-01,2011,5,3880000,68.5,21.2,1.0500000000000003,339500.00000000006,Agricultural_Films_Bags,Japan_Agri_Coop,PE_HDPE,27.0,2019,0.002,91665.00000000001,183.33000000000004,91481.67000000001,1.2,1099.9800000000002,1.8699660000000002,1098.1100340000003,0.16999999999999998
2011-06-01,2011,6,3880000,68.5,21.2,1.0800000000000003,349200.00000000006,Beverage_Straws_Bottles,ITO_EN_Ltd,PP,28.0,2016,0.002,97776.00000000003,195.55200000000005,97580.44800000003,1.2,1173.3120000000004,1.9946304000000006,1171.3173696000003,0.16999999999999998
2011-06-01,2011,6,3880000,68.5,21.2,1.0800000000000003,349200.00000000006,Convenience_Store_Packaging,SI_Jushi_Sangyo,PE_LDPE,45.0,2018,0.002,157140.00000000003,314.2800000000001,156825.72000000003,1.2,1885.6800000000003,3.2056560000000007,1882.4743440000002,0.17
2011-06-01,2011,6,3880000,68.5,21.2,1.0800000000000003,349200.00000000006,Agricultural_Films_Bags,Japan_Agri_Coop,PE_HDPE,27.0,2019,0.002,94284.00000000003,188.56800000000007,94095.43200000003,1.2,1131.4080000000004,1.9233936000000007,1129.4846064000003,0.17
2011-07-01,2011,7,3880000,68.5,21.2,1.1200000000000003,362133.33333333343,Beverage_Straws_Bottles,ITO_EN_Ltd,PP,28.0,2016,0.002,101397.33333333337,202.79466666666676,101194.5386666667,1.2,1216.7680000000005,2.068505600000001,1214.6994944000005,0.16999999999999998
2011-07-01,2011,7,3880000,68.5,21.2,1.1200000000000003,362133.33333333343,Convenience_Store_Packaging,SI_Jushi_Sangyo,PE_LDPE,45.0,2018,0.002,162960.00000000006,325.92000000000013,162634.08000000005,1.2,1955.5200000000007,3.324384000000001,1952.1956160000007,0.16999999999999998
2011-07-01,2011,7,3880000,68.5,21.2,1.1200000000000003,362133.33333333343,Agricultural_Films_Bags,Japan_Agri_Coop,PE_HDPE,27.0,2019,0.002,97776.00000000003,195.55200000000005,97580.44800000003,1.2,1173.3120000000004,1.9946304000000006,1171.3173696000003,0.16999999999999998
2011-08-01,2011,8,3880000,68.5,21.2,1.1000000000000003,355666.66666666674,Beverage_Straws_Bottles,ITO_EN_Ltd,PP,28.0,2016,0.002,99586.6666666667,199.1733333333334,99387.49333333336,1.2,1195.0400000000004,2.031568000000001,1193.0084320000003,0.17
2011-08-01,2011,8,3880000,68.5,21.2,1.1000000000000003,355666.66666666674,Convenience_Store_Packaging,SI_Jushi_Sangyo,PE_LDPE,45.0,2018,0.002,160050.00000000003,320.1000000000001,159729.90000000002,1.2,1920.6000000000004,3.2650200000000007,1917.3349800000003,0.17
2011-08-01,2011,8,3880000,68.5,21.2,1.1000000000000003,355666.66666666674,Agricultural_Films_Bags,Japan_Agri_Coop,PE_HDPE,27.0,2019,0.002,96030.00000000003,192.06000000000006,95837.94000000003,1.2,1152.3600000000004,1.9590120000000004,1150.4009880000003,0.16999999999999998
2011-09-01,2011,9,3880000,68.5,21.2,1.0100000000000002,326566.66666666674,Beverage_Straws_Bottles,ITO_EN_Ltd,PP,28.0,2016,0.002,91438.6666666667,182.8773333333334,91255.78933333336,1.2,1097.2640000000004,1.8653488000000007,1095.3986512000004,0.17
2011-09-01,2011,9,3880000,68.5,21.2,1.0100000000000002,326566.66666666674,Convenience_Store_Packaging,SI_Jushi_Sangyo,PE_LDPE,45.0,2018,0.002,146955.00000000003,293.9100000000001,146661.09000000003,1.2,1763.4600000000005,2.9978820000000006,1760.4621180000006,0.16999999999999998
2011-09-01,2011,9,3880000,68.5,21.2,1.0100000000000002,326566.66666666674,Agricultural_Films_Bags,Japan_Agri_Coop,PE_HDPE,27.0,2019,0.002,88173.00000000003,176.34600000000006,87996.65400000002,1.2,1058.0760000000005,1.7987292000000008,1056.2772708000005,0.16999999999999998
2011-10-01,2011,10,3880000,68.5,21.2,0.9600000000000001,310400.0,Beverage_Straws_Bottles,ITO_EN_Ltd,PP,28.0,2016,0.002,86912.00000000001,173.82400000000004,86738.17600000002,1.2,1042.9440000000002,1.7730048000000005,1041.1709952,0.17
2011-10-01,2011,10,3880000,68.5,21.2,0.9600000000000001,310400.0,Convenience_Store_Packaging,SI_Jushi_Sangyo,PE_LDPE,45.0,2018,0.002,139680.0,279.36,139400.64,1.2,1676.16,2.849472,1673.310528,0.16999999999999998
2011-10-01,2011,10,3880000,68.5,21.2,0.9600000000000001,310400.0,Agricultural_Films_Bags,Japan_Agri_Coop,PE_HDPE,27.0,2019,0.002,83808.0,167.616,83640.384,1.2,1005.696,1.7096832000000002,1003.9863168,0.17
2011-11-01,2011,11,3880000,68.5,21.2,0.9300000000000002,300700.00000000006,Beverage_Straws_Bottles,ITO_EN_Ltd,PP,28.0,2016,0.002,84196.00000000003,168.39200000000005,84027.60800000002,1.2,1010.3520000000003,1.7175984000000006,1008.6344016000003,0.17
2011-11-01,2011,11,3880000,68.5,21.2,0.9300000000000002,300700.00000000006,Convenience_Store_Packaging,SI_Jushi_Sangyo,PE_LDPE,45.0,2018,0.002,135315.00000000003,270.63000000000005,135044.37000000002,1.2,1623.7800000000004,2.7604260000000007,1621.0195740000004,0.16999999999999998
2011-11-01,2011,11,3880000,68.5,21.2,0.9300000000000002,300700.00000000006,Agricultural_Films_Bags,Japan_Agri_Coop,PE_HDPE,27.0,2019,0.002,81189.00000000001,162.37800000000004,81026.62200000002,1.2,974.2680000000001,1.6562556000000004,972.6117444000001,0.17
2011-12-01,2011,12,3880000,68.5,21.2,0.9200000000000002,297466.6666666667,Beverage_Straws_Bottles,ITO_EN_Ltd,PP,28.0,2016,0.002,83290.66666666669,166.58133333333336,83124.08533333335,1.2,999.4880000000003,1.6991296000000002,997.7888704000003,0.16999999999999996
2011-12-01,2011,12,3880000,68.5,21.2,0.9200000000000002,297466.6666666667,Convenience_Store_Packaging,SI_Jushi_Sangyo,PE_LDPE,45.0,2018,0.002,133860.0,267.72,133592.28,1.2,1606.32,2.730744,1603.589256,0.17
2011-12-01,2011,12,3880000,68.5,21.2,0.9200000000000002,297466.6666666667,Agricultural_Films_Bags,Japan_Agri_Coop,PE_HDPE,27.0,2019,0.002,80316.00000000001,160.63200000000003,80155.36800000002,1.2,963.7920000000001,1.6384464000000003,962.1535536000001,0.17
2012-01-01,2012,1,3910000,69.0,21.5,0.9200000000000002,299766.6666666667,Beverage_Straws_Bottles,ITO_EN_Ltd,PP,28.0,2016,0.002,83934.66666666669,167.86933333333337,83766.79733333335,1.2,1007.2160000000002,1.7122672000000005,1005.5037328000002,0.17
2012-01-01,2012,1,3910000,69.0,21.5,0.9200000000000002,299766.6666666667,Convenience_Store_Packaging,SI_Jushi_Sangyo,PE_LDPE,45.0,2018,0.002,134895.0,269.79,134625.21,1.2,1618.74,2.751858,1615.988142,0.16999999999999998
2012-01-01,2012,1,3910000,69.0,21.5,0.9200000000000002,299766.6666666667,Agricultural_Films_Bags,Japan_Agri_Coop,PE_HDPE,27.0,2019,0.002,80937.00000000001,161.87400000000002,80775.12600000002,1.2,971.2440000000001,1.6511148000000002,969.5928852000002,0.16999999999999998
2012-02-01,2012,2,3910000,69.0,21.5,0.9100000000000001,296508.3333333334,Beverage_Straws_Bottles,ITO_EN_Ltd,PP,28.0,2016,0.002,83022.33333333336,166.04466666666673,82856.28866666669,1.2,996.2680000000003,1.6936556000000007,994.5743444000002,0.17000000000000004
2012-02-01,2012,2,3910000,69.0,21.5,0.9100000000000001,296508.3333333334,Convenience_Store_Packaging,SI_Jushi_Sangyo,PE_LDPE,45.0,2018,0.002,133428.75000000003,266.8575000000001,133161.89250000002,1.2,1601.1450000000004,2.721946500000001,1598.4230535000004,0.17
2012-02-01,2012,2,3910000,69.0,21.5,0.9100000000000001,296508.3333333334,Agricultural_Films_Bags,Japan_Agri_Coop,PE_HDPE,27.0,2019,0.002,80057.25000000001,160.11450000000002,79897.13550000002,1.2,960.6870000000002,1.6331679000000003,959.0538321000002,0.16999999999999998
2012-03-01,2012,3,3910000,69.0,21.5,0.9800000000000001,319316.6666666667,Beverage_Straws_Bottles,ITO_EN_Ltd,PP,28.0,2016,0.002,89408.66666666669,178.81733333333338,89229.84933333335,1.2,1072.9040000000002,1.8239368000000005,1071.0800632000003,0.17
2012-03-01,2012,3,3910000,69.0,21.5,0.9800000000000001,319316.6666666667,Convenience_Store_Packaging,SI_Jushi_Sangyo,PE_LDPE,45.0,2018,0.002,143692.5,287.385,143405.115,1.2,1724.31,2.931327,1721.378673,0.17
2012-03-01,2012,3,3910000,69.0,21.5,0.9800000000000001,319316.6666666667,Agricultural_Films_Bags,Japan_Agri_Coop,PE_HDPE,27.0,2019,0.002,86215.50000000001,172.43100000000004,86043.06900000002,1.2,1034.5860000000002,1.7587962000000004,1032.8272038000002,0.16999999999999998
2012-04-01,2012,4,3910000,69.0,21.5,1.0200000000000002,332350.00000000006,Beverage_Straws_Bottles,ITO_EN_Ltd,PP,28.0,2016,0.002,93058.00000000003,186.11600000000007,92871.88400000003,1.2,1116.6960000000004,1.8983832000000005,1114.7976168000005,0.16999999999999998
2012-04-01,2012,4,3910000,69.0,21.5,1.0200000000000002,332350.00000000006,Convenience_Store_Packaging,SI_Jushi_Sangyo,PE_LDPE,45.0,2018,0.002,149557.50000000003,299.11500000000007,149258.38500000004,1.2,1794.6900000000003,3.0509730000000004,1791.6390270000002,0.16999999999999998
2012-04-01,2012,4,3910000,69.0,21.5,1.0200000000000002,332350.00000000006,Agricultural_Films_Bags,Japan_Agri_Coop,PE_HDPE,27.0,2019,0.002,89734.50000000001,179.46900000000002,89555.03100000002,1.2,1076.8140000000003,1.8305838000000003,1074.9834162000002,0.16999999999999998
2012-05-01,2012,5,3910000,69.0,21.5,1.0500000000000003,342125.00000000006,Beverage_Straws_Bottles,ITO_EN_Ltd,PP,28.0,2016,0.002,95795.00000000003,191.59000000000006,95603.41000000003,1.2,1149.5400000000004,1.9542180000000007,1147.5857820000003,0.16999999999999998
2012-05-01,2012,5,3910000,69.0,21.5,1.0500000000000003,342125.00000000006,Convenience_Store_Packaging,SI_Jushi_Sangyo,PE_LDPE,45.0,2018,0.002,153956.25000000003,307.9125000000001,153648.33750000002,1.2,1847.4750000000004,3.1407075000000004,1844.3342925000004,0.16999999999999998
2012-05-01,2012,5,3910000,69.0,21.5,1.0500000000000003,342125.00000000006,Agricultural_Films_Bags,Japan_Agri_Coop,PE_HDPE,27.0,2019,0.002,92373.75000000001,184.74750000000003,92189.00250000002,1.2,1108.4850000000001,1.8844245000000002,1106.6005755,0.16999999999999998
2012-06-01,2012,6,3910000,69.0,21.5,1.0800000000000003,351900.00000000006,Beverage_Straws_Bottles,ITO_EN_Ltd,PP,28.0,2016,0.002,98532.00000000003,197.06400000000005,98334.93600000003,1.2,1182.3840000000005,2.0100528000000004,1180.3739472000004,0.16999999999999996
2012-06-01,2012,6,3910000,69.0,21.5,1.0800000000000003,351900.00000000006,Convenience_Store_Packaging,SI_Jushi_Sangyo,PE_LDPE,45.0,2018,0.002,158355.00000000003,316.71000000000004,158038.29000000004,1.2,1900.2600000000004,3.2304420000000005,1897.0295580000004,0.16999999999999998
2012-06-01,2012,6,3910000,69.0,21.5,1.0800000000000003,351900.00000000006,Agricultural_Films_Bags,Japan_Agri_Coop,PE_HDPE,27.0,2019,0.002,95013.00000000003,190.02600000000007,94822.97400000003,1.2,1140.1560000000004,1.9382652000000007,1138.2177348000005,0.16999999999999998
2012-07-01,2012,7,3910000,69.0,21.5,1.1200000000000003,364933.33333333343,Beverage_Straws_Bottles,ITO_EN_Ltd,PP,28.0,2016,0.002,102181.33333333337,204.36266666666674,101976.9706666667,1.2,1226.1760000000004,2.0844992000000007,1224.0915008000004,0.16999999999999998
2012-07-01,2012,7,3910000,69.0,21.5,1.1200000000000003,364933.33333333343,Convenience_Store_Packaging,SI_Jushi_Sangyo,PE_LDPE,45.0,2018,0.002,164220.00000000006,328.4400000000001,163891.56000000006,1.2,1970.6400000000008,3.350088000000001,1967.2899120000009,0.16999999999999996
2012-07-01,2012,7,3910000,69.0,21.5,1.1200000000000003,364933.33333333343,Agricultural_Films_Bags,Japan_Agri_Coop,PE_HDPE,27.0,2019,0.002,98532.00000000003,197.06400000000005,98334.93600000003,1.2,1182.3840000000005,2.0100528000000004,1180.3739472000004,0.16999999999999996
2012-08-01,2012,8,3910000,69.0,21.5,1.1000000000000003,358416.66666666674,Beverage_Straws_Bottles,ITO_EN_Ltd,PP,28.0,2016,0.002,100356.6666666667,200.7133333333334,100155.95333333337,1.2,1204.2800000000004,2.0472760000000005,1202.2327240000004,0.16999999999999998
2012-08-01,2012,8,3910000,69.0,21.5,1.1000000000000003,358416.66666666674,Convenience_Store_Packaging,SI_Jushi_Sangyo,PE_LDPE,45.0,2018,0.002,161287.50000000003,322.57500000000005,160964.92500000002,1.2,1935.4500000000005,3.2902650000000007,1932.1597350000004,0.16999999999999998
2012-08-01,2012,8,3910000,69.0,21.5,1.1000000000000003,358416.66666666674,Agricultural_Films_Bags,Japan_Agri_Coop,PE_HDPE,27.0,2019,0.002,96772.50000000003,193.54500000000007,96578.95500000003,1.2,1161.2700000000004,1.9741590000000007,1159.2958410000003,0.16999999999999998
2012-09-01,2012,9,3910000,69.0,21.5,1.0100000000000002,329091.66666666674,Beverage_Straws_Bottles,ITO_EN_Ltd,PP,28.0,2016,0.002,92145.6666666667,184.2913333333334,91961.37533333337,1.2,1105.7480000000005,1.8797716000000007,1103.8682284000006,0.16999999999999998
2012-09-01,2012,9,3910000,69.0,21.5,1.0100000000000002,329091.66666666674,Convenience_Store_Packaging,SI_Jushi_Sangyo,PE_LDPE,45.0,2018,0.002,148091.25000000003,296.18250000000006,147795.06750000003,1.2,1777.0950000000005,3.0210615000000005,1774.0739385000004,0.16999999999999998
2012-09-01,2012,9,3910000,69.0,21.5,1.0100000000000002,329091.66666666674,Agricultural_Films_Bags,Japan_Agri_Coop,PE_HDPE,27.0,2019,0.002,88854.75000000003,177.70950000000005,88677.04050000003,1.2,1066.2570000000003,1.8126369000000004,1064.4443631000004,0.16999999999999998
2012-10-01,2012,10,3910000,69.0,21.5,0.9600000000000001,312800.0,Beverage_Straws_Bottles,ITO_EN_Ltd,PP,28.0,2016,0.002,87584.00000000001,175.16800000000003,87408.83200000001,1.2,1051.0080000000003,1.7867136000000001,1049.2212864000003,0.16999999999999996
2012-10-01,2012,10,3910000,69.0,21.5,0.9600000000000001,312800.0,Convenience_Store_Packaging,SI_Jushi_Sangyo,PE_LDPE,45.0,2018,0.002,140760.0,281.52,140478.48,1.2,1689.1200000000001,2.871504,1686.2484960000002,0.16999999999999996
2012-10-01,2012,10,3910000,69.0,21.5,0.9600000000000001,312800.0,Agricultural_Films_Bags,Japan_Agri_Coop,PE_HDPE,27.0,2019,0.002,84456.0,168.912,84287.088,1.2,1013.472,1.7229024000000002,1011.7490976,0.17
2012-11-01,2012,11,3910000,69.0,21.5,0.9300000000000002,303025.00000000006,Beverage_Straws_Bottles,ITO_EN_Ltd,PP,28.0,2016,0.002,84847.00000000003,169.69400000000007,84677.30600000003,1.2,1018.1640000000003,1.7308788000000008,1016.4331212000003,0.17000000000000004
2012-11-01,2012,11,3910000,69.0,21.5,0.9300000000000002,303025.00000000006,Convenience_Store_Packaging,SI_Jushi_Sangyo,PE_LDPE,45.0,2018,0.002,136361.25000000003,272.7225000000001,136088.52750000003,1.2,1636.3350000000005,2.7817695000000007,1633.5532305000004,0.16999999999999998
2012-11-01,2012,11,3910000,69.0,21.5,0.9300000000000002,303025.00000000006,Agricultural_Films_Bags,Japan_Agri_Coop,PE_HDPE,27.0,2019,0.002,81816.75000000001,163.63350000000003,81653.11650000002,1.2,981.8010000000002,1.6690617000000003,980.1319383000001,0.17
2012-12-01,2012,12,3910000,69.0,21.5,0.9200000000000002,299766.6666666667,Beverage_Straws_Bottles,ITO_EN_Ltd,PP,28.0,2016,0.002,83934.66666666669,167.86933333333337,83766.79733333335,1.2,1007.2160000000002,1.7122672000000005,1005.5037328000002,0.17
2012-12-01,2012,12,3910000,69.0,21.5,0.9200000000000002,299766.6666666667,Convenience_Store_Packaging,SI_Jushi_Sangyo,PE_LDPE,45.0,2018,0.002,134895.0,269.79,134625.21,1.2,1618.74,2.751858,1615.988142,0.16999999999999998
2012-12-01,2012,12,3910000,69.0,21.5,0.9200000000000002,299766.6666666667,Agricultural_Films_Bags,Japan_Agri_Coop,PE_HDPE,27.0,2019,0.002,80937.00000000001,161.87400000000002,80775.12600000002,1.2,971.2440000000001,1.6511148000000002,969.5928852000002,0.16999999999999998
2013-01-01,2013,1,3940000,69.5,21.8,0.9200000000000002,302066.6666666667,Beverage_Straws_Bottles,ITO_EN_Ltd,PP,28.0,2016,0.002,84578.66666666669,169.15733333333338,84409.50933333335,1.2,1014.9440000000003,1.7254048000000004,1013.2185952000003,0.16999999999999998
2013-01-01,2013,1,3940000,69.5,21.8,0.9200000000000002,302066.6666666667,Convenience_Store_Packaging,SI_Jushi_Sangyo,PE_LDPE,45.0,2018,0.002,135930.0,271.86,135658.14,1.2,1631.16,2.772972,1628.387028,0.17
2013-01-01,2013,1,3940000,69.5,21.8,0.9200000000000002,302066.6666666667,Agricultural_Films_Bags,Japan_Agri_Coop,PE_HDPE,27.0,2019,0.002,81558.00000000001,163.11600000000004,81394.88400000002,1.2,978.6960000000001,1.6637832000000004,977.0322168000001,0.17
2013-02-01,2013,2,3940000,69.5,21.8,0.9100000000000001,298783.3333333334,Beverage_Straws_Bottles,ITO_EN_Ltd,PP,28.0,2016,0.002,83659.33333333336,167.31866666666673,83492.01466666668,1.2,1003.9120000000003,1.7066504000000005,1002.2053496000003,0.16999999999999998
2013-02-01,2013,2,3940000,69.5,21.8,0.9100000000000001,298783.3333333334,Convenience_Store_Packaging,SI_Jushi_Sangyo,PE_LDPE,45.0,2018,0.002,134452.50000000003,268.9050000000001,134183.59500000003,1.2,1613.4300000000003,2.742831000000001,1610.6871690000003,0.17000000000000004
2013-02-01,2013,2,3940000,69.5,21.8,0.9100000000000001,298783.3333333334,Agricultural_Films_Bags,Japan_Agri_Coop,PE_HDPE,27.0,2019,0.002,80671.50000000001,161.34300000000005,80510.15700000002,1.2,968.0580000000002,1.6456986000000005,966.4123014000003,0.17
2013-03-01,2013,3,3940000,69.5,21.8,0.9800000000000001,321766.6666666667,Beverage_Straws_Bottles,ITO_EN_Ltd,PP,28.0,2016,0.002,90094.66666666669,180.18933333333337,89914.47733333336,1.2,1081.1360000000002,1.8379312000000005,1079.2980688000002,0.17
2013-03-01,2013,3,3940000,69.5,21.8,0.9800000000000001,321766.6666666667,Convenience_Store_Packaging,SI_Jushi_Sangyo,PE_LDPE,45.0,2018,0.002,144795.0,289.59000000000003,144505.41,1.2,1737.54,2.9538180000000005,1734.586182,0.17000000000000004
2013-03-01,2013,3,3940000,69.5,21.8,0.9800000000000001,321766.6666666667,Agricultural_Films_Bags,Japan_Agri_Coop,PE_HDPE,27.0,2019,0.002,86877.00000000001,173.75400000000002,86703.24600000001,1.2,1042.5240000000001,1.7722908000000004,1040.7517092,0.17
2013-04-01,2013,4,3940000,69.5,21.8,1.0200000000000002,334900.00000000006,Beverage_Straws_Bottles,ITO_EN_Ltd,PP,28.0,2016,0.002,93772.00000000003,187.54400000000007,93584.45600000003,1.2,1125.2640000000004,1.9129488000000008,1123.3510512000003,0.17
2013-04-01,2013,4,3940000,69.5,21.8,1.0200000000000002,334900.00000000006,Convenience_Store_Packaging,SI_Jushi_Sangyo,PE_LDPE,45.0,2018,0.002,150705.00000000003,301.4100000000001,150403.59000000003,1.2,1808.4600000000005,3.074382000000001,1805.3856180000005,0.16999999999999998
2013-04-01,2013,4,3940000,69.5,21.8,1.0200000000000002,334900.00000000006,Agricultural_Films_Bags,Japan_Agri_Coop,PE_HDPE,27.0,2019,0.002,90423.00000000001,180.84600000000003,90242.15400000001,1.2,1085.0760000000002,1.8446292000000002,1083.2313708000001,0.16999999999999996
2013-05-01,2013,5,3940000,69.5,21.8,1.0500000000000003,344750.00000000006,Beverage_Straws_Bottles,ITO_EN_Ltd,PP,28.0,2016,0.002,96530.00000000003,193.06000000000006,96336.94000000003,1.2,1158.3600000000004,1.9692120000000004,1156.3907880000004,0.16999999999999998
2013-05-01,2013,5,3940000,69.5,21.8,1.0500000000000003,344750.00000000006,Convenience_Store_Packaging,SI_Jushi_Sangyo,PE_LDPE,45.0,2018,0.002,155137.50000000003,310.2750000000001,154827.22500000003,1.2,1861.6500000000003,3.164805000000001,1858.4851950000002,0.17000000000000004
2013-05-01,2013,5,3940000,69.5,21.8,1.0500000000000003,344750.00000000006,Agricultural_Films_Bags,Japan_Agri_Coop,PE_HDPE,27.0,2019,0.002,93082.50000000003,186.16500000000005,92896.33500000004,1.2,1116.9900000000005,1.8988830000000005,1115.0911170000004,0.16999999999999996
2013-06-01,2013,6,3940000,69.5,21.8,1.0800000000000003,354600.00000000006,Beverage_Straws_Bottles,ITO_EN_Ltd,PP,28.0,2016,0.002,99288.00000000003,198.57600000000005,99089.42400000003,1.2,1191.4560000000004,2.0254752000000003,1189.4305248000003,0.16999999999999996
2013-06-01,2013,6,3940000,69.5,21.8,1.0800000000000003,354600.00000000006,Convenience_Store_Packaging,SI_Jushi_Sangyo,PE_LDPE,45.0,2018,0.002,159570.00000000003,319.14000000000004,159250.86000000002,1.2,1914.8400000000004,3.2552280000000007,1911.5847720000004,0.17
2013-06-01,2013,6,3940000,69.5,21.8,1.0800000000000003,354600.00000000006,Agricultural_Films_Bags,Japan_Agri_Coop,PE_HDPE,27.0,2019,0.002,95742.00000000003,191.48400000000007,95550.51600000003,1.2,1148.9040000000005,1.9531368000000007,1146.9508632000004,0.16999999999999998
2013-07-01,2013,7,3940000,69.5,21.8,1.1200000000000003,367733.33333333343,Beverage_Straws_Bottles,ITO_EN_Ltd,PP,28.0,2016,0.002,102965.33333333337,205.93066666666675,102759.4026666667,1.2,1235.5840000000005,2.100492800000001,1233.4835072000005,0.17
2013-07-01,2013,7,3940000,69.5,21.8,1.1200000000000003,367733.33333333343,Convenience_Store_Packaging,SI_Jushi_Sangyo,PE_LDPE,45.0,2018,0.002,165480.00000000006,330.96000000000015,165149.04000000007,1.2,1985.7600000000007,3.3757920000000015,1982.3842080000006,0.17
2013-07-01,2013,7,3940000,69.5,21.8,1.1200000000000003,367733.33333333343,Agricultural_Films_Bags,Japan_Agri_Coop,PE_HDPE,27.0,2019,0.002,99288.00000000003,198.57600000000005,99089.42400000003,1.2,1191.4560000000004,2.0254752000000003,1189.4305248000003,0.16999999999999996
2013-08-01,2013,8,3940000,69.5,21.8,1.1000000000000003,361166.66666666674,Beverage_Straws_Bottles,ITO_EN_Ltd,PP,28.0,2016,0.002,101126.6666666667,202.25333333333342,100924.41333333337,1.2,1213.5200000000004,2.062984000000001,1211.4570160000005,0.17000000000000004
2013-08-01,2013,8,3940000,69.5,21.8,1.1000000000000003,361166.66666666674,Convenience_Store_Packaging,SI_Jushi_Sangyo,PE_LDPE,45.0,2018,0.002,162525.00000000003,325.05000000000007,162199.95000000004,1.2,1950.3000000000004,3.3155100000000006,1946.9844900000005,0.16999999999999998
2013-08-01,2013,8,3940000,69.5,21.8,1.1000000000000003,361166.66666666674,Agricultural_Films_Bags,Japan_Agri_Coop,PE_HDPE,27.0,2019,0.002,97515.00000000003,195.03000000000006,97319.97000000003,1.2,1170.1800000000003,1.9893060000000007,1168.1906940000003,0.17
2013-09-01,2013,9,3940000,69.5,21.8,1.0100000000000002,331616.66666666674,Beverage_Straws_Bottles,ITO_EN_Ltd,PP,28.0,2016,0.002,92852.6666666667,185.7053333333334,92666.96133333337,1.2,1114.2320000000004,1.8941944000000008,1112.3378056000004,0.17
2013-09-01,2013,9,3940000,69.5,21.8,1.0100000000000002,331616.66666666674,Convenience_Store_Packaging,SI_Jushi_Sangyo,PE_LDPE,45.0,2018,0.002,149227.50000000003,298.45500000000004,148929.04500000004,1.2,1790.7300000000005,3.0442410000000004,1787.6857590000004,0.16999999999999996
2013-09-01,2013,9,3940000,69.5,21.8,1.0100000000000002,331616.66666666674,Agricultural_Films_Bags,Japan_Agri_Coop,PE_HDPE,27.0,2019,0.002,89536.50000000003,179.07300000000006,89357.42700000003,1.2,1074.4380000000003,1.8265446000000007,1072.6114554000003,0.17
2013-10-01,2013,10,3940000,69.5,21.8,0.9600000000000001,315200.0,Beverage_Straws_Bottles,ITO_EN_Ltd,PP,28.0,2016,0.002,88256.00000000001,176.51200000000003,88079.48800000001,1.2,1059.0720000000001,1.8004224000000004,1057.2715776000002,0.17
2013-10-01,2013,10,3940000,69.5,21.8,0.9600000000000001,315200.0,Convenience_Store_Packaging,SI_Jushi_Sangyo,PE_LDPE,45.0,2018,0.002,141840.0,283.68,141556.32,1.2,1702.08,2.893536,1699.186464,0.17
2013-10-01,2013,10,3940000,69.5,21.8,0.9600000000000001,315200.0,Agricultural_Films_Bags,Japan_Agri_Coop,PE_HDPE,27.0,2019,0.002,85104.0,170.208,84933.792,1.2,1021.248,1.7361216,1019.5118784,0.16999999999999998
2013-11-01,2013,11,3940000,69.5,21.8,0.9300000000000002,305350.00000000006,Beverage_Straws_Bottles,ITO_EN_Ltd,PP,28.0,2016,0.002,85498.00000000003,170.99600000000007,85327.00400000003,1.2,1025.9760000000003,1.7441592000000008,1024.2318408000003,0.17
2013-11-01,2013,11,3940000,69.5,21.8,0.9300000000000002,305350.00000000006,Convenience_Store_Packaging,SI_Jushi_Sangyo,PE_LDPE,45.0,2018,0.002,137407.50000000003,274.81500000000005,137132.68500000003,1.2,1648.8900000000003,2.8031130000000006,1646.0868870000004,0.17
2013-11-01,2013,11,3940000,69.5,21.8,0.9300000000000002,305350.00000000006,Agricultural_Films_Bags,Japan_Agri_Coop,PE_HDPE,27.0,2019,0.002,82444.50000000001,164.88900000000004,82279.61100000002,1.2,989.3340000000002,1.6818678000000005,987.6521322000002,0.17
2013-12-01,2013,12,3940000,69.5,21.8,0.9200000000000002,302066.6666666667,Beverage_Straws_Bottles,ITO_EN_Ltd,PP,28.0,2016,0.002,84578.66666666669,169.15733333333338,84409.50933333335,1.2,1014.9440000000003,1.7254048000000004,1013.2185952000003,0.16999999999999998
2013-12-01,2013,12,3940000,69.5,21.8,0.9200000000000002,302066.6666666667,Convenience_Store_Packaging,SI_Jushi_Sangyo,PE_LDPE,45.0,2018,0.002,135930.0,271.86,135658.14,1.2,1631.16,2.772972,1628.387028,0.17
2013-12-01,2013,12,3940000,69.5,21.8,0.9200000000000002,302066.6666666667,Agricultural_Films_Bags,Japan_Agri_Coop,PE_HDPE,27.0,2019,0.002,81558.00000000001,163.11600000000004,81394.88400000002,1.2,978.6960000000001,1.6637832000000004,977.0322168000001,0.17
2014-01-01,2014,1,3980000,70.0,22.0,0.9200000000000002,305133.33333333343,Beverage_Straws_Bottles,ITO_EN_Ltd,PP,28.0,2016,0.002,85437.33333333337,170.87466666666674,85266.4586666667,1.2,1025.2480000000005,1.7429216000000005,1023.5050784000005,0.16999999999999996
2014-01-01,2014,1,3980000,70.0,22.0,0.9200000000000002,305133.33333333343,Convenience_Store_Packaging,SI_Jushi_Sangyo,PE_LDPE,45.0,2018,0.002,137310.00000000006,274.6200000000001,137035.38000000006,1.2,1647.7200000000007,2.801124000000001,1644.9188760000006,0.16999999999999998
2014-01-01,2014,1,3980000,70.0,22.0,0.9200000000000002,305133.33333333343,Agricultural_Films_Bags,Japan_Agri_Coop,PE_HDPE,27.0,2019,0.002,82386.00000000003,164.77200000000005,82221.22800000003,1.2,988.6320000000004,1.6806744000000005,986.9513256000004,0.16999999999999996
2014-02-01,2014,2,3980000,70.0,22.0,0.9100000000000001,301816.66666666674,Beverage_Straws_Bottles,ITO_EN_Ltd,PP,28.0,2016,0.002,84508.6666666667,169.0173333333334,84339.64933333336,1.2,1014.1040000000004,1.7239768000000004,1012.3800232000004,0.16999999999999996
2014-02-01,2014,2,3980000,70.0,22.0,0.9100000000000001,301816.66666666674,Convenience_Store_Packaging,SI_Jushi_Sangyo,PE_LDPE,45.0,2018,0.002,135817.50000000003,271.63500000000005,135545.86500000002,1.2,1629.8100000000004,2.7706770000000005,1627.0393230000004,0.16999999999999998
2014-02-01,2014,2,3980000,70.0,22.0,0.9100000000000001,301816.66666666674,Agricultural_Films_Bags,Japan_Agri_Coop,PE_HDPE,27.0,2019,0.002,81490.50000000003,162.98100000000005,81327.51900000003,1.2,977.8860000000004,1.6624062000000006,976.2235938000005,0.16999999999999998
2014-03-01,2014,3,3980000,70.0,22.0,0.9800000000000001,325033.3333333334,Beverage_Straws_Bottles,ITO_EN_Ltd,PP,28.0,2016,0.002,91009.33333333336,182.01866666666672,90827.31466666669,1.2,1092.1120000000003,1.8565904000000006,1090.2554096000003,0.17
2014-03-01,2014,3,3980000,70.0,22.0,0.9800000000000001,325033.3333333334,Convenience_Store_Packaging,SI_Jushi_Sangyo,PE_LDPE,45.0,2018,0.002,146265.00000000003,292.5300000000001,145972.47000000003,1.2,1755.1800000000003,2.983806000000001,1752.1961940000003,0.17
2014-03-01,2014,3,3980000,70.0,22.0,0.9800000000000001,325033.3333333334,Agricultural_Films_Bags,Japan_Agri_Coop,PE_HDPE,27.0,2019,0.002,87759.00000000001,175.51800000000003,87583.48200000002,1.2,1053.1080000000002,1.7902836000000002,1051.3177164,0.16999999999999998
2014-04-01,2014,4,3980000,70.0,22.0,1.0200000000000002,338300.0000000001,Beverage_Straws_Bottles,ITO_EN_Ltd,PP,28.0,2016,0.002,94724.00000000004,189.4480000000001,94534.55200000004,1.2,1136.6880000000006,1.932369600000001,1134.7556304000007,0.17
2014-04-01,2014,4,3980000,70.0,22.0,1.0200000000000002,338300.0000000001,Convenience_Store_Packaging,SI_Jushi_Sangyo,PE_LDPE,45.0,2018,0.002,152235.00000000006,304.47000000000014,151930.53000000006,1.2,1826.8200000000008,3.1055940000000013,1823.7144060000007,0.16999999999999998
2014-04-01,2014,4,3980000,70.0,22.0,1.0200000000000002,338300.0000000001,Agricultural_Films_Bags,Japan_Agri_Coop,PE_HDPE,27.0,2019,0.002,91341.00000000004,182.6820000000001,91158.31800000004,1.2,1096.0920000000006,1.8633564000000011,1094.2286436000006,0.17
2014-05-01,2014,5,3980000,70.0,22.0,1.0500000000000003,348250.0000000001,Beverage_Straws_Bottles,ITO_EN_Ltd,PP,28.0,2016,0.002,97510.00000000004,195.0200000000001,97314.98000000004,1.2,1170.1200000000006,1.9892040000000009,1168.1307960000006,0.16999999999999998
2014-05-01,2014,5,3980000,70.0,22.0,1.0500000000000003,348250.0000000001,Convenience_Store_Packaging,SI_Jushi_Sangyo,PE_LDPE,45.0,2018,0.002,156712.50000000006,313.4250000000001,156399.07500000007,1.2,1880.5500000000006,3.196935000000001,1877.3530650000007,0.17
2014-05-01,2014,5,3980000,70.0,22.0,1.0500000000000003,348250.0000000001,Agricultural_Films_Bags,Japan_Agri_Coop,PE_HDPE,27.0,2019,0.002,94027.50000000004,188.0550000000001,93839.44500000005,1.2,1128.3300000000006,1.918161000000001,1126.4118390000006,0.16999999999999998
2014-06-01,2014,6,3980000,70.0,22.0,1.0800000000000003,358200.0000000001,Beverage_Straws_Bottles,ITO_EN_Ltd,PP,28.0,2016,0.002,100296.00000000004,200.5920000000001,100095.40800000004,1.2,1203.5520000000006,2.046038400000001,1201.5059616000005,0.16999999999999998
2014-06-01,2014,6,3980000,70.0,22.0,1.0800000000000003,358200.0000000001,Convenience_Store_Packaging,SI_Jushi_Sangyo,PE_LDPE,45.0,2018,0.002,161190.00000000006,322.3800000000001,160867.62000000005,1.2,1934.2800000000007,3.288276000000001,1930.9917240000007,0.16999999999999998
2014-06-01,2014,6,3980000,70.0,22.0,1.0800000000000003,358200.0000000001,Agricultural_Films_Bags,Japan_Agri_Coop,PE_HDPE,27.0,2019,0.002,96714.00000000004,193.42800000000008,96520.57200000004,1.2,1160.5680000000004,1.9729656000000009,1158.5950344000005,0.17
2014-07-01,2014,7,3980000,70.0,22.0,1.1200000000000003,371466.6666666668,Beverage_Straws_Bottles,ITO_EN_Ltd,PP,28.0,2016,0.002,104010.66666666672,208.02133333333344,103802.64533333338,1.2,1248.1280000000006,2.1218176000000013,1246.0061824000006,0.17
2014-07-01,2014,7,3980000,70.0,22.0,1.1200000000000003,371466.6666666668,Convenience_Store_Packaging,SI_Jushi_Sangyo,PE_LDPE,45.0,2018,0.002,167160.00000000006,334.3200000000001,166825.68000000005,1.2,2005.9200000000008,3.410064000000001,2002.5099360000008,0.16999999999999998
2014-07-01,2014,7,3980000,70.0,22.0,1.1200000000000003,371466.6666666668,Agricultural_Films_Bags,Japan_Agri_Coop,PE_HDPE,27.0,2019,0.002,100296.00000000004,200.5920000000001,100095.40800000004,1.2,1203.5520000000006,2.046038400000001,1201.5059616000005,0.16999999999999998
2014-08-01,2014,8,3980000,70.0,22.0,1.1000000000000003,364833.33333333343,Beverage_Straws_Bottles,ITO_EN_Ltd,PP,28.0,2016,0.002,102153.33333333337,204.30666666666676,101949.0266666667,1.2,1225.8400000000006,2.0839280000000007,1223.7560720000006,0.16999999999999996
2014-08-01,2014,8,3980000,70.0,22.0,1.1000000000000003,364833.33333333343,Convenience_Store_Packaging,SI_Jushi_Sangyo,PE_LDPE,45.0,2018,0.002,164175.00000000006,328.35000000000014,163846.65000000005,1.2,1970.1000000000008,3.3491700000000013,1966.7508300000009,0.16999999999999998
2014-08-01,2014,8,3980000,70.0,22.0,1.1000000000000003,364833.33333333343,Agricultural_Films_Bags,Japan_Agri_Coop,PE_HDPE,27.0,2019,0.002,98505.00000000003,197.01000000000008,98307.99000000003,1.2,1182.0600000000004,2.009502000000001,1180.0504980000003,0.17
2014-09-01,2014,9,3980000,70.0,22.0,1.0100000000000002,334983.33333333343,Beverage_Straws_Bottles,ITO_EN_Ltd,PP,28.0,2016,0.002,93795.33333333337,187.59066666666675,93607.7426666667,1.2,1125.5440000000006,1.913424800000001,1123.6305752000005,0.16999999999999998
2014-09-01,2014,9,3980000,70.0,22.0,1.0100000000000002,334983.33333333343,Convenience_Store_Packaging,SI_Jushi_Sangyo,PE_LDPE,45.0,2018,0.002,150742.50000000006,301.4850000000001,150441.01500000007,1.2,1808.9100000000008,3.0751470000000016,1805.8348530000007,0.17
2014-09-01,2014,9,3980000,70.0,22.0,1.0100000000000002,334983.33333333343,Agricultural_Films_Bags,Japan_Agri_Coop,PE_HDPE,27.0,2019,0.002,90445.50000000003,180.89100000000005,90264.60900000003,1.2,1085.3460000000005,1.8450882000000006,1083.5009118000005,0.16999999999999998
2014-10-01,2014,10,3980000,70.0,22.0,0.9600000000000001,318400.00000000006,Beverage_Straws_Bottles,ITO_EN_Ltd,PP,28.0,2016,0.002,89152.00000000003,178.30400000000006,88973.69600000003,1.2,1069.8240000000003,1.8187008000000005,1068.0052992000003,0.16999999999999998
2014-10-01,2014,10,3980000,70.0,22.0,0.9600000000000001,318400.00000000006,Convenience_Store_Packaging,SI_Jushi_Sangyo,PE_LDPE,45.0,2018,0.002,143280.00000000003,286.56000000000006,142993.44000000003,1.2,1719.3600000000004,2.9229120000000006,1716.4370880000004,0.16999999999999998
2014-10-01,2014,10,3980000,70.0,22.0,0.9600000000000001,318400.00000000006,Agricultural_Films_Bags,Japan_Agri_Coop,PE_HDPE,27.0,2019,0.002,85968.00000000001,171.93600000000004,85796.06400000001,1.2,1031.6160000000002,1.7537472000000005,1029.8622528000003,0.17
2014-11-01,2014,11,3980000,70.0,22.0,0.9300000000000002,308450.00000000006,Beverage_Straws_Bottles,ITO_EN_Ltd,PP,28.0,2016,0.002,86366.00000000003,172.73200000000006,86193.26800000003,1.2,1036.3920000000003,1.7618664000000006,1034.6301336000004,0.17
2014-11-01,2014,11,3980000,70.0,22.0,0.9300000000000002,308450.00000000006,Convenience_Store_Packaging,SI_Jushi_Sangyo,PE_LDPE,45.0,2018,0.002,138802.50000000003,277.6050000000001,138524.89500000002,1.2,1665.6300000000003,2.8315710000000007,1662.7984290000004,0.17
2014-11-01,2014,11,3980000,70.0,22.0,0.9300000000000002,308450.00000000006,Agricultural_Films_Bags,Japan_Agri_Coop,PE_HDPE,27.0,2019,0.002,83281.50000000001,166.56300000000005,83114.93700000002,1.2,999.3780000000002,1.6989426000000005,997.6790574000001,0.17000000000000004
2014-12-01,2014,12,3980000,70.0,22.0,0.9200000000000002,305133.33333333343,Beverage_Straws_Bottles,ITO_EN_Ltd,PP,28.0,2016,0.002,85437.33333333337,170.87466666666674,85266.4586666667,1.2,1025.2480000000005,1.7429216000000005,1023.5050784000005,0.16999999999999996
2014-12-01,2014,12,3980000,70.0,22.0,0.9200000000000002,305133.33333333343,Convenience_Store_Packaging,SI_Jushi_Sangyo,PE_LDPE,45.0,2018,0.002,137310.00000000006,274.6200000000001,137035.38000000006,1.2,1647.7200000000007,2.801124000000001,1644.9188760000006,0.16999999999999998
2014-12-01,2014,12,3980000,70.0,22.0,0.9200000000000002,305133.33333333343,Agricultural_Films_Bags,Japan_Agri_Coop,PE_HDPE,27.0,2019,0.002,82386.00000000003,164.77200000000005,82221.22800000003,1.2,988.6320000000004,1.6806744000000005,986.9513256000004,0.16999999999999996
2015-01-01,2015,1,4010000,70.5,22.3,0.9200000000000002,307433.33333333343,Beverage_Straws_Bottles,ITO_EN_Ltd,PP,28.0,2016,0.002,86081.33333333337,172.16266666666675,85909.1706666667,1.2,1032.9760000000006,1.7560592000000008,1031.2199408000006,0.16999999999999998
2015-01-01,2015,1,4010000,70.5,22.3,0.9200000000000002,307433.33333333343,Convenience_Store_Packaging,SI_Jushi_Sangyo,PE_LDPE,45.0,2018,0.002,138345.00000000006,276.6900000000001,138068.31000000006,1.2,1660.1400000000008,2.822238000000001,1657.3177620000008,0.16999999999999996
2015-01-01,2015,1,4010000,70.5,22.3,0.9200000000000002,307433.33333333343,Agricultural_Films_Bags,Japan_Agri_Coop,PE_HDPE,27.0,2019,0.002,83007.00000000003,166.01400000000007,82840.98600000003,1.2,996.0840000000004,1.6933428000000006,994.3906572000004,0.16999999999999998
2015-02-01,2015,2,4010000,70.5,22.3,0.9100000000000001,304091.66666666674,Beverage_Straws_Bottles,ITO_EN_Ltd,PP,28.0,2016,0.002,85145.6666666667,170.2913333333334,84975.37533333337,1.2,1021.7480000000004,1.7369716000000004,1020.0110284000004,0.16999999999999996
2015-02-01,2015,2,4010000,70.5,22.3,0.9100000000000001,304091.66666666674,Convenience_Store_Packaging,SI_Jushi_Sangyo,PE_LDPE,45.0,2018,0.002,136841.25000000003,273.68250000000006,136567.56750000003,1.2,1642.0950000000005,2.7915615000000003,1639.3034385000005,0.16999999999999996
2015-02-01,2015,2,4010000,70.5,22.3,0.9100000000000001,304091.66666666674,Agricultural_Films_Bags,Japan_Agri_Coop,PE_HDPE,27.0,2019,0.002,82104.75000000003,164.20950000000005,81940.54050000003,1.2,985.2570000000004,1.6749369000000005,983.5820631000004,0.16999999999999998
2015-03-01,2015,3,4010000,70.5,22.3,0.9800000000000001,327483.3333333334,Beverage_Straws_Bottles,ITO_EN_Ltd,PP,28.0,2016,0.002,91695.33333333336,183.39066666666673,91511.94266666668,1.2,1100.3440000000003,1.8705848000000007,1098.4734152000003,0.17
2015-03-01,2015,3,4010000,70.5,22.3,0.9800000000000001,327483.3333333334,Convenience_Store_Packaging,SI_Jushi_Sangyo,PE_LDPE,45.0,2018,0.002,147367.50000000003,294.73500000000007,147072.76500000004,1.2,1768.4100000000003,3.006297000000001,1765.4037030000004,0.17
2015-03-01,2015,3,4010000,70.5,22.3,0.9800000000000001,327483.3333333334,Agricultural_Films_Bags,Japan_Agri_Coop,PE_HDPE,27.0,2019,0.002,88420.50000000001,176.84100000000004,88243.65900000001,1.2,1061.0460000000003,1.8037782000000002,1059.2422218000004,0.16999999999999996
2015-04-01,2015,4,4010000,70.5,22.3,1.0200000000000002,340850.0000000001,Beverage_Straws_Bottles,ITO_EN_Ltd,PP,28.0,2016,0.002,95438.00000000004,190.8760000000001,95247.12400000004,1.2,1145.2560000000005,1.9469352000000009,1143.3090648000004,0.16999999999999998
2015-04-01,2015,4,4010000,70.5,22.3,1.0200000000000002,340850.0000000001,Convenience_Store_Packaging,SI_Jushi_Sangyo,PE_LDPE,45.0,2018,0.002,153382.50000000006,306.7650000000001,153075.73500000004,1.2,1840.5900000000008,3.129003000000001,1837.4609970000008,0.16999999999999996
2015-04-01,2015,4,4010000,70.5,22.3,1.0200000000000002,340850.0000000001,Agricultural_Films_Bags,Japan_Agri_Coop,PE_HDPE,27.0,2019,0.002,92029.50000000004,184.05900000000008,91845.44100000005,1.2,1104.3540000000005,1.8774018000000008,1102.4765982000006,0.16999999999999998
2015-05-01,2015,5,4010000,70.5,22.3,1.0500000000000003,350875.0000000001,Beverage_Straws_Bottles,ITO_EN_Ltd,PP,28.0,2016,0.002,98245.00000000004,196.4900000000001,98048.51000000004,1.2,1178.9400000000005,2.004198000000001,1176.9358020000004,0.17
2015-05-01,2015,5,4010000,70.5,22.3,1.0500000000000003,350875.0000000001,Convenience_Store_Packaging,SI_Jushi_Sangyo,PE_LDPE,45.0,2018,0.002,157893.75000000006,315.78750000000014,157577.96250000005,1.2,1894.7250000000008,3.2210325000000015,1891.5039675000007,0.17
2015-05-01,2015,5,4010000,70.5,22.3,1.0500000000000003,350875.0000000001,Agricultural_Films_Bags,Japan_Agri_Coop,PE_HDPE,27.0,2019,0.002,94736.25000000004,189.47250000000008,94546.77750000004,1.2,1136.8350000000005,1.9326195000000008,1134.9023805000004,0.16999999999999998
2015-06-01,2015,6,4010000,70.5,22.3,1.0800000000000003,360900.0000000001,Beverage_Straws_Bottles,ITO_EN_Ltd,PP,28.0,2016,0.002,101052.00000000004,202.1040000000001,100849.89600000004,1.2,1212.6240000000005,2.0614608000000008,1210.5625392000004,0.16999999999999998
2015-06-01,2015,6,4010000,70.5,22.3,1.0800000000000003,360900.0000000001,Convenience_Store_Packaging,SI_Jushi_Sangyo,PE_LDPE,45.0,2018,0.002,162405.00000000006,324.8100000000001,162080.19000000006,1.2,1948.8600000000008,3.3130620000000013,1945.5469380000009,0.16999999999999998
2015-06-01,2015,6,4010000,70.5,22.3,1.0800000000000003,360900.0000000001,Agricultural_Films_Bags,Japan_Agri_Coop,PE_HDPE,27.0,2019,0.002,97443.00000000004,194.88600000000008,97248.11400000005,1.2,1169.3160000000005,1.9878372000000006,1167.3281628000004,0.16999999999999998
2015-07-01,2015,7,4010000,70.5,22.3,1.1200000000000003,374266.6666666668,Beverage_Straws_Bottles,ITO_EN_Ltd,PP,28.0,2016,0.002,104794.66666666672,209.58933333333343,104585.07733333338,1.2,1257.5360000000005,2.137811200000001,1255.3981888000005,0.17
2015-07-01,2015,7,4010000,70.5,22.3,1.1200000000000003,374266.6666666668,Convenience_Store_Packaging,SI_Jushi_Sangyo,PE_LDPE,45.0,2018,0.002,168420.00000000006,336.84000000000015,168083.16000000006,1.2,2021.0400000000006,3.4357680000000017,2017.6042320000006,0.17000000000000004
2015-07-01,2015,7,4010000,70.5,22.3,1.1200000000000003,374266.6666666668,Agricultural_Films_Bags,Japan_Agri_Coop,PE_HDPE,27.0,2019,0.002,101052.00000000004,202.1040000000001,100849.89600000004,1.2,1212.6240000000005,2.0614608000000008,1210.5625392000004,0.16999999999999998
2015-08-01,2015,8,4010000,70.5,22.3,1.1000000000000003,367583.33333333343,Beverage_Straws_Bottles,ITO_EN_Ltd,PP,28.0,2016,0.002,102923.33333333337,205.84666666666675,102717.48666666671,1.2,1235.0800000000004,2.099636000000001,1232.9803640000005,0.17000000000000004
2015-08-01,2015,8,4010000,70.5,22.3,1.1000000000000003,367583.33333333343,Convenience_Store_Packaging,SI_Jushi_Sangyo,PE_LDPE,45.0,2018,0.002,165412.50000000006,330.8250000000001,165081.67500000005,1.2,1984.9500000000007,3.374415000000001,1981.5755850000007,0.16999999999999996
2015-08-01,2015,8,4010000,70.5,22.3,1.1000000000000003,367583.33333333343,Agricultural_Films_Bags,Japan_Agri_Coop,PE_HDPE,27.0,2019,0.002,99247.50000000003,198.49500000000006,99049.00500000003,1.2,1190.9700000000005,2.0246490000000006,1188.9453510000005,0.16999999999999998
2015-09-01,2015,9,4010000,70.5,22.3,1.0100000000000002,337508.33333333343,Beverage_Straws_Bottles,ITO_EN_Ltd,PP,28.0,2016,0.002,94502.33333333337,189.00466666666674,94313.32866666671,1.2,1134.0280000000005,1.9278476000000007,1132.1001524000005,0.16999999999999998
2015-09-01,2015,9,4010000,70.5,22.3,1.0100000000000002,337508.33333333343,Convenience_Store_Packaging,SI_Jushi_Sangyo,PE_LDPE,45.0,2018,0.002,151878.75000000006,303.7575000000001,151574.99250000005,1.2,1822.5450000000008,3.098326500000001,1819.4466735000008,0.16999999999999998
2015-09-01,2015,9,4010000,70.5,22.3,1.0100000000000002,337508.33333333343,Agricultural_Films_Bags,Japan_Agri_Coop,PE_HDPE,27.0,2019,0.002,91127.25000000003,182.25450000000006,90944.99550000003,1.2,1093.5270000000003,1.8589959000000005,1091.6680041000002,0.17
2015-10-01,2015,10,4010000,70.5,22.3,0.9600000000000001,320800.00000000006,Beverage_Straws_Bottles,ITO_EN_Ltd,PP,28.0,2016,0.002,89824.00000000003,179.64800000000005,89644.35200000003,1.2,1077.8880000000004,1.8324096000000005,1076.0555904000005,0.16999999999999998
2015-10-01,2015,10,4010000,70.5,22.3,0.9600000000000001,320800.00000000006,Convenience_Store_Packaging,SI_Jushi_Sangyo,PE_LDPE,45.0,2018,0.002,144360.00000000003,288.7200000000001,144071.28000000003,1.2,1732.3200000000004,2.944944000000001,1729.3750560000003,0.17
2015-10-01,2015,10,4010000,70.5,22.3,0.9600000000000001,320800.00000000006,Agricultural_Films_Bags,Japan_Agri_Coop,PE_HDPE,27.0,2019,0.002,86616.00000000001,173.23200000000003,86442.76800000001,1.2,1039.3920000000003,1.7669664,1037.6250336000003,0.16999999999999996
2015-11-01,2015,11,4010000,70.5,22.3,0.9300000000000002,310775.00000000006,Beverage_Straws_Bottles,ITO_EN_Ltd,PP,28.0,2016,0.002,87017.00000000003,174.03400000000005,86842.96600000003,1.2,1044.2040000000004,1.7751468000000006,1042.4288532000005,0.16999999999999998
2015-11-01,2015,11,4010000,70.5,22.3,0.9300000000000002,310775.00000000006,Convenience_Store_Packaging,SI_Jushi_Sangyo,PE_LDPE,45.0,2018,0.002,139848.75000000003,279.69750000000005,139569.05250000002,1.2,1678.1850000000004,2.8529145000000002,1675.3320855000004,0.16999999999999996
2015-11-01,2015,11,4010000,70.5,22.3,0.9300000000000002,310775.00000000006,Agricultural_Films_Bags,Japan_Agri_Coop,PE_HDPE,27.0,2019,0.002,83909.25000000001,167.81850000000003,83741.43150000002,1.2,1006.9110000000002,1.7117487000000002,1005.1992513000001,0.16999999999999998
2015-12-01,2015,12,4010000,70.5,22.3,0.9200000000000002,307433.33333333343,Beverage_Straws_Bottles,ITO_EN_Ltd,PP,28.0,2016,0.002,86081.33333333337,172.16266666666675,85909.1706666667,1.2,1032.9760000000006,1.7560592000000008,1031.2199408000006,0.16999999999999998
2015-12-01,2015,12,4010000,70.5,22.3,0.9200000000000002,307433.33333333343,Convenience_Store_Packaging,SI_Jushi_Sangyo,PE_LDPE,45.0,2018,0.002,138345.00000000006,276.6900000000001,138068.31000000006,1.2,1660.1400000000008,2.822238000000001,1657.3177620000008,0.16999999999999996
2015-12-01,2015,12,4010000,70.5,22.3,0.9200000000000002,307433.33333333343,Agricultural_Films_Bags,Japan_Agri_Coop,PE_HDPE,27.0,2019,0.002,83007.00000000003,166.01400000000007,82840.98600000003,1.2,996.0840000000004,1.6933428000000006,994.3906572000004,0.16999999999999998
2016-01-01,2016,1,4030000,71.0,22.5,0.9200000000000002,308966.6666666667,Beverage_Straws_Bottles,ITO_EN_Ltd,PP,28.0,2016,0.021766443110067823,86510.66666666669,1883.0295044140412,84627.63716225265,1.2,1038.1280000000002,19.206900945023218,1018.9210990549769,1.8501476643557648
2016-01-01,2016,1,4030000,71.0,22.5,0.9200000000000002,308966.6666666667,Convenience_Store_Packaging,SI_Jushi_Sangyo,PE_LDPE,45.0,2018,0.002,139035.0,278.07,138756.93,1.2,1668.42,2.836314,1665.5836860000002,0.16999999999999996
2016-01-01,2016,1,4030000,71.0,22.5,0.9200000000000002,308966.6666666667,Agricultural_Films_Bags,Japan_Agri_Coop,PE_HDPE,27.0,2019,0.002,83421.00000000001,166.84200000000004,83254.15800000001,1.2,1001.0520000000002,1.7017884000000003,999.3502116000002,0.16999999999999998
2016-02-01,2016,2,4030000,71.0,22.5,0.9100000000000001,305608.3333333334,Beverage_Straws_Bottles,ITO_EN_Ltd,PP,28.0,2016,0.02278074025371404,85570.33333333336,1949.3555370903955,83620.97779624297,1.2,1026.8440000000003,19.883426478322036,1006.9605735216783,1.9363629215656937
2016-02-01,2016,2,4030000,71.0,22.5,0.9100000000000001,305608.3333333334,Convenience_Store_Packaging,SI_Jushi_Sangyo,PE_LDPE,45.0,2018,0.002,137523.75000000003,275.04750000000007,137248.70250000004,1.2,1650.2850000000003,2.805484500000001,1647.4795155000004,0.17
2016-02-01,2016,2,4030000,71.0,22.5,0.9100000000000001,305608.3333333334,Agricultural_Films_Bags,Japan_Agri_Coop,PE_HDPE,27.0,2019,0.002,82514.25000000001,165.02850000000004,82349.22150000001,1.2,990.1710000000002,1.6832907000000004,988.4877093000001,0.17
2016-03-01,2016,3,4030000,71.0,22.5,0.9800000000000001,329116.6666666667,Beverage_Straws_Bottles,ITO_EN_Ltd,PP,28.0,2016,0.023837366224777373,92152.66666666669,2196.676863923168,89955.98980274351,1.2,1105.8320000000003,22.406104012016318,1083.425895987984,2.026176129106077
2016-03-01,2016,3,4030000,71.0,22.5,0.9800000000000001,329116.6666666667,Convenience_Store_Packaging,SI_Jushi_Sangyo,PE_LDPE,45.0,2018,0.002,148102.5,296.205,147806.295,1.2,1777.23,3.0212909999999997,1774.208709,0.16999999999999998
2016-03-01,2016,3,4030000,71.0,22.5,0.9800000000000001,329116.6666666667,Agricultural_Films_Bags,Japan_Agri_Coop,PE_HDPE,27.0,2019,0.002,88861.50000000001,177.72300000000004,88683.77700000002,1.2,1066.3380000000002,1.8127746000000002,1064.5252254000002,0.16999999999999998
2016-04-01,2016,4,4030000,71.0,22.5,1.0200000000000002,342550.00000000006,Beverage_Straws_Bottles,ITO_EN_Ltd,PP,28.0,2016,0.024937622279921294,95914.00000000003,2391.867103356372,93522.13289664366,1.2,1150.9680000000003,24.397044454234994,1126.5709555457654,2.1196978937933104
2016-04-01,2016,4,4030000,71.0,22.5,1.0200000000000002,342550.00000000006,Convenience_Store_Packaging,SI_Jushi_Sangyo,PE_LDPE,45.0,2018,0.002,154147.50000000003,308.2950000000001,153839.20500000002,1.2,1849.7700000000004,3.144609000000001,1846.6253910000005,0.17
2016-04-01,2016,4,4030000,71.0,22.5,1.0200000000000002,342550.00000000006,Agricultural_Films_Bags,Japan_Agri_Coop,PE_HDPE,27.0,2019,0.002,92488.50000000001,184.97700000000003,92303.52300000002,1.2,1109.8620000000003,1.8867654000000003,1107.9752346000002,0.16999999999999996
2016-05-01,2016,5,4030000,71.0,22.5,1.0500000000000003,352625.00000000006,Beverage_Straws_Bottles,ITO_EN_Ltd,PP,28.0,2016,0.026082805779750327,98735.00000000003,2575.285828663649,96159.71417133638,1.2,1184.8200000000004,26.26791545236922,1158.5520845476312,2.2170384912787773
2016-05-01,2016,5,4030000,71.0,22.5,1.0500000000000003,352625.00000000006,Convenience_Store_Packaging,SI_Jushi_Sangyo,PE_LDPE,45.0,2018,0.002,158681.25000000003,317.36250000000007,158363.88750000004,1.2,1904.1750000000004,3.2370975000000004,1900.9379025000005,0.16999999999999998
2016-05-01,2016,5,4030000,71.0,22.5,1.0500000000000003,352625.00000000006,Agricultural_Films_Bags,Japan_Agri_Coop,PE_HDPE,27.0,2019,0.002,95208.75000000003,190.41750000000008,95018.33250000003,1.2,1142.5050000000003,1.9422585000000008,1140.5627415000004,0.17
2016-06-01,2016,6,4030000,71.0,22.5,1.0800000000000003,362700.00000000006,Beverage_Straws_Bottles,ITO_EN_Ltd,PP,28.0,2016,0.02727420529890323,101556.00000000003,2769.8591933354173,98786.14080666461,1.2,1218.6720000000005,28.252563772021254,1190.4194362279793,2.318307450406774
2016-06-01,2016,6,4030000,71.0,22.5,1.0800000000000003,362700.00000000006,Convenience_Store_Packaging,SI_Jushi_Sangyo,PE_LDPE,45.0,2018,0.002,163215.00000000003,326.43000000000006,162888.57000000004,1.2,1958.5800000000004,3.329586000000001,1955.2504140000003,0.17
2016-06-01,2016,6,4030000,71.0,22.5,1.0800000000000003,362700.00000000006,Agricultural_Films_Bags,Japan_Agri_Coop,PE_HDPE,27.0,2019,0.002,97929.00000000003,195.85800000000006,97733.14200000004,1.2,1175.1480000000004,1.9977516000000004,1173.1502484000005,0.16999999999999998
2016-07-01,2016,7,4030000,71.0,22.5,1.1200000000000003,376133.33333333343,Beverage_Straws_Bottles,ITO_EN_Ltd,PP,28.0,2016,0.02851309531994772,105317.33333333337,3002.9231641760416,102314.41016915733,1.2,1263.8080000000004,30.629816274595626,1233.1781837254048,2.4236131021955565
2016-07-01,2016,7,4030000,71.0,22.5,1.1200000000000003,376133.33333333343,Convenience_Store_Packaging,SI_Jushi_Sangyo,PE_LDPE,45.0,2018,0.002,169260.00000000006,338.5200000000001,168921.48000000007,1.2,2031.1200000000008,3.4529040000000006,2027.6670960000008,0.16999999999999996
2016-07-01,2016,7,4030000,71.0,22.5,1.1200000000000003,376133.33333333343,Agricultural_Films_Bags,Japan_Agri_Coop,PE_HDPE,27.0,2019,0.002,101556.00000000003,203.11200000000005,101352.88800000004,1.2,1218.6720000000005,2.0717424000000007,1216.6002576000005,0.16999999999999998
2016-08-01,2016,8,4030000,71.0,22.5,1.1000000000000003,369416.66666666674,Beverage_Straws_Bottles,ITO_EN_Ltd,PP,28.0,2016,0.029800730505529387,103436.6666666667,3082.488227723609,100354.1784389431,1.2,1241.2400000000005,31.44137992278081,1209.7986200772198,2.5330620929699976
2016-08-01,2016,8,4030000,71.0,22.5,1.1000000000000003,369416.66666666674,Convenience_Store_Packaging,SI_Jushi_Sangyo,PE_LDPE,45.0,2018,0.002,166237.50000000003,332.4750000000001,165905.02500000002,1.2,1994.8500000000004,3.3912450000000005,1991.4587550000003,0.16999999999999998
2016-08-01,2016,8,4030000,71.0,22.5,1.1000000000000003,369416.66666666674,Agricultural_Films_Bags,Japan_Agri_Coop,PE_HDPE,27.0,2019,0.002,99742.50000000003,199.48500000000007,99543.01500000003,1.2,1196.9100000000003,2.0347470000000007,1194.8752530000004,0.17
2016-09-01,2016,9,4030000,71.0,22.5,1.0100000000000002,339191.66666666674,Beverage_Straws_Bottles,ITO_EN_Ltd,PP,28.0,2016,0.03113833954685411,94973.6666666667,2957.322280676408,92016.34438599029,1.2,1139.6840000000004,30.16468726289936,1109.519312737101,2.6467588614825996
2016-09-01,2016,9,4030000,71.0,22.5,1.0100000000000002,339191.66666666674,Convenience_Store_Packaging,SI_Jushi_Sangyo,PE_LDPE,45.0,2018,0.002,152636.25000000003,305.27250000000004,152330.97750000004,1.2,1831.6350000000004,3.1137795000000006,1828.5212205000005,0.16999999999999998
2016-09-01,2016,9,4030000,71.0,22.5,1.0100000000000002,339191.66666666674,Agricultural_Films_Bags,Japan_Agri_Coop,PE_HDPE,27.0,2019,0.002,91581.75000000003,183.16350000000006,91398.58650000003,1.2,1098.9810000000004,1.8682677000000008,1097.1127323000005,0.16999999999999998
2016-10-01,2016,10,4030000,71.0,22.5,0.9600000000000001,322400.0,Beverage_Straws_Bottles,ITO_EN_Ltd,PP,28.0,2016,0.032527118590749464,90272.00000000001,2936.2880494241363,87335.71195057587,1.2,1083.2640000000001,29.95013810412619,1053.313861895874,2.764805080213705
2016-10-01,2016,10,4030000,71.0,22.5,0.9600000000000001,322400.0,Convenience_Store_Packaging,SI_Jushi_Sangyo,PE_LDPE,45.0,2018,0.002,145080.0,290.16,144789.84,1.2,1740.96,2.9596320000000005,1738.000368,0.17000000000000004
2016-10-01,2016,10,4030000,71.0,22.5,0.9600000000000001,322400.0,Agricultural_Films_Bags,Japan_Agri_Coop,PE_HDPE,27.0,2019,0.002,87048.0,174.096,86873.904,1.2,1044.576,1.7757792,1042.8002208,0.16999999999999998
2016-11-01,2016,11,4030000,71.0,22.5,0.9300000000000002,312325.00000000006,Beverage_Straws_Bottles,ITO_EN_Ltd,PP,28.0,2016,0.03396822425227357,87451.00000000003,2970.555179085577,84480.44482091445,1.2,1049.4120000000003,30.299662826672883,1019.1123371733274,2.887299061443253
2016-11-01,2016,11,4030000,71.0,22.5,0.9300000000000002,312325.00000000006,Convenience_Store_Packaging,SI_Jushi_Sangyo,PE_LDPE,45.0,2018,0.002,140546.25000000003,281.0925000000001,140265.15750000003,1.2,1686.5550000000003,2.8671435000000005,1683.6878565000002,0.16999999999999998
2016-11-01,2016,11,4030000,71.0,22.5,0.9300000000000002,312325.00000000006,Agricultural_Films_Bags,Japan_Agri_Coop,PE_HDPE,27.0,2019,0.002,84327.75000000001,168.65550000000005,84159.09450000002,1.2,1011.9330000000002,1.7202861000000003,1010.2127139000003,0.16999999999999998
2016-12-01,2016,12,4030000,71.0,22.5,0.9200000000000002,308966.6666666667,Beverage_Straws_Bottles,ITO_EN_Ltd,PP,28.0,2016,0.035462766225121956,86510.66666666669,3067.907547979451,83442.75911868723,1.2,1038.1280000000002,31.292656989390398,1006.8353430106098,3.0143351291353664
2016-12-01,2016,12,4030000,71.0,22.5,0.9200000000000002,308966.6666666667,Convenience_Store_Packaging,SI_Jushi_Sangyo,PE_LDPE,45.0,2018,0.002,139035.0,278.07,138756.93,1.2,1668.42,2.836314,1665.5836860000002,0.16999999999999996
2016-12-01,2016,12,4030000,71.0,22.5,0.9200000000000002,308966.6666666667,Agricultural_Films_Bags,Japan_Agri_Coop,PE_HDPE,27.0,2019,0.002,83421.00000000001,166.84200000000004,83254.15800000001,1.2,1001.0520000000002,1.7017884000000003,999.3502116000002,0.16999999999999998
2017-01-01,2017,1,4050000,71.5,22.8,0.9200000000000002,310500.00000000006,Beverage_Straws_Bottles,ITO_EN_Ltd,PP,28.0,2016,0.03701179950792236,86940.00000000003,3217.805849218771,83722.19415078126,1.2,1043.2800000000004,32.821619662031466,1010.458380337969,3.1460029581734004
2017-01-01,2017,1,4050000,71.5,22.8,0.9200000000000002,310500.00000000006,Convenience_Store_Packaging,SI_Jushi_Sangyo,PE_LDPE,45.0,2018,0.002,139725.00000000003,279.45000000000005,139445.55000000002,1.2,1676.7000000000003,2.8503900000000004,1673.8496100000002,0.16999999999999998
2017-01-01,2017,1,4050000,71.5,22.8,0.9200000000000002,310500.00000000006,Agricultural_Films_Bags,Japan_Agri_Coop,PE_HDPE,27.0,2019,0.002,83835.00000000001,167.67000000000004,83667.33000000002,1.2,1006.0200000000002,1.7102340000000005,1004.3097660000002,0.17
2017-02-01,2017,2,4050000,71.5,22.8,0.9100000000000001,307125.00000000006,Beverage_Straws_Bottles,ITO_EN_Ltd,PP,28.0,2016,0.03861631627088369,85995.00000000003,3320.810117714644,82674.18988228538,1.2,1031.9400000000003,33.872263200689375,998.0677367993109,3.2823868830251146
2017-02-01,2017,2,4050000,71.5,22.8,0.9100000000000001,307125.00000000006,Convenience_Store_Packaging,SI_Jushi_Sangyo,PE_LDPE,45.0,2018,0.002,138206.25000000003,276.4125000000001,137929.83750000002,1.2,1658.4750000000004,2.819407500000001,1655.6555925000005,0.17
2017-02-01,2017,2,4050000,71.5,22.8,0.9100000000000001,307125.00000000006,Agricultural_Films_Bags,Japan_Agri_Coop,PE_HDPE,27.0,2019,0.002,82923.75000000001,165.84750000000003,82757.90250000001,1.2,995.0850000000002,1.6916445000000004,993.3933555000001,0.17
2017-03-01,2017,3,4050000,71.5,22.8,0.9800000000000001,330750.00000000006,Beverage_Straws_Bottles,ITO_EN_Ltd,PP,28.0,2016,0.04027723739414631,92610.00000000003,3730.074955071891,88879.92504492814,1.2,1111.3200000000004,38.04676454173329,1073.2732354582672,3.4235651785024364
2017-03-01,2017,3,4050000,71.5,22.8,0.9800000000000001,330750.00000000006,Convenience_Store_Packaging,SI_Jushi_Sangyo,PE_LDPE,45.0,2018,0.002,148837.50000000003,297.67500000000007,148539.82500000004,1.2,1786.0500000000004,3.0362850000000003,1783.0137150000005,0.16999999999999998
2017-03-01,2017,3,4050000,71.5,22.8,0.9800000000000001,330750.00000000006,Agricultural_Films_Bags,Japan_Agri_Coop,PE_HDPE,27.0,2019,0.002,89302.50000000001,178.60500000000005,89123.89500000002,1.2,1071.63,1.8217710000000005,1069.8082290000002,0.17000000000000004
2017-04-01,2017,4,4050000,71.5,22.8,1.0200000000000002,344250.00000000006,Beverage_Straws_Bottles,ITO_EN_Ltd,PP,28.0,2016,0.04199540371651888,96390.00000000003,4047.936964235256,92342.06303576478,1.2,1156.6800000000003,41.28895703519961,1115.3910429648006,3.569609315904105
2017-04-01,2017,4,4050000,71.5,22.8,1.0200000000000002,344250.00000000006,Convenience_Store_Packaging,SI_Jushi_Sangyo,PE_LDPE,45.0,2018,0.002,154912.50000000003,309.82500000000005,154602.67500000002,1.2,1858.9500000000005,3.1602150000000004,1855.7897850000004,0.16999999999999996
2017-04-01,2017,4,4050000,71.5,22.8,1.0200000000000002,344250.00000000006,Agricultural_Films_Bags,Japan_Agri_Coop,PE_HDPE,27.0,2019,0.002,92947.50000000003,185.89500000000007,92761.60500000003,1.2,1115.3700000000003,1.8961290000000006,1113.4738710000004,0.17
2017-05-01,2017,5,4050000,71.5,22.8,1.0500000000000003,354375.0000000001,Beverage_Straws_Bottles,ITO_EN_Ltd,PP,28.0,2016,0.043771567041009964,99225.00000000004,4343.233739644215,94881.76626035583,1.2,1190.7000000000005,44.30098414437099,1146.3990158556296,3.720583198485847
2017-05-01,2017,5,4050000,71.5,22.8,1.0500000000000003,354375.0000000001,Convenience_Store_Packaging,SI_Jushi_Sangyo,PE_LDPE,45.0,2018,0.002,159468.75000000006,318.9375000000001,159149.81250000006,1.2,1913.6250000000007,3.253162500000001,1910.3718375000008,0.16999999999999998
2017-05-01,2017,5,4050000,71.5,22.8,1.0500000000000003,354375.0000000001,Agricultural_Films_Bags,Japan_Agri_Coop,PE_HDPE,27.0,2019,0.002,95681.25000000004,191.3625000000001,95489.88750000004,1.2,1148.1750000000006,1.951897500000001,1146.2231025000006,0.16999999999999998
2017-06-01,2017,6,4050000,71.5,22.8,1.0800000000000003,364500.0000000001,Beverage_Straws_Bottles,ITO_EN_Ltd,PP,28.0,2016,0.04560638095158909,102060.00000000004,4654.587239919184,97405.41276008086,1.2,1224.7200000000005,47.47678984717568,1177.2432101528248,3.876542380885073
2017-06-01,2017,6,4050000,71.5,22.8,1.0800000000000003,364500.0000000001,Convenience_Store_Packaging,SI_Jushi_Sangyo,PE_LDPE,45.0,2018,0.002,164025.00000000006,328.0500000000001,163696.95000000007,1.2,1968.3000000000006,3.3461100000000012,1964.9538900000007,0.17
2017-06-01,2017,6,4050000,71.5,22.8,1.0800000000000003,364500.0000000001,Agricultural_Films_Bags,Japan_Agri_Coop,PE_HDPE,27.0,2019,0.002,98415.00000000004,196.8300000000001,98218.17000000004,1.2,1180.9800000000005,2.007666000000001,1178.9723340000005,0.17
2017-07-01,2017,7,4050000,71.5,22.8,1.1200000000000003,378000.0000000001,Beverage_Straws_Bottles,ITO_EN_Ltd,PP,28.0,2016,0.047500391503828246,105840.00000000004,5027.441436765183,100812.55856323487,1.2,1270.0800000000006,51.279902655004875,1218.8000973449957,4.037533277825401
2017-07-01,2017,7,4050000,71.5,22.8,1.1200000000000003,378000.0000000001,Convenience_Store_Packaging,SI_Jushi_Sangyo,PE_LDPE,45.0,2018,0.002,170100.00000000006,340.2000000000001,169759.80000000005,1.2,2041.2000000000007,3.4700400000000013,2037.7299600000008,0.17
2017-07-01,2017,7,4050000,71.5,22.8,1.1200000000000003,378000.0000000001,Agricultural_Films_Bags,Japan_Agri_Coop,PE_HDPE,27.0,2019,0.002,102060.00000000004,204.1200000000001,101855.88000000005,1.2,1224.7200000000005,2.0820240000000005,1222.6379760000004,0.16999999999999996
2017-08-01,2017,8,4050000,71.5,22.8,1.1000000000000003,371250.0000000001,Beverage_Straws_Bottles,ITO_EN_Ltd,PP,28.0,2016,0.049454027860354556,103950.00000000004,5140.746196083858,98809.25380391619,1.2,1247.4000000000005,52.435611200055355,1194.9643887999453,4.2035923681301375
2017-08-01,2017,8,4050000,71.5,22.8,1.1000000000000003,371250.0000000001,Convenience_Store_Packaging,SI_Jushi_Sangyo,PE_LDPE,45.0,2018,0.002,167062.50000000006,334.1250000000001,166728.37500000006,1.2,2004.7500000000007,3.4080750000000015,2001.3419250000006,0.17
2017-08-01,2017,8,4050000,71.5,22.8,1.1000000000000003,371250.0000000001,Agricultural_Films_Bags,Japan_Agri_Coop,PE_HDPE,27.0,2019,0.002,100237.50000000004,200.47500000000008,100037.02500000004,1.2,1202.8500000000006,2.0448450000000005,1200.8051550000007,0.16999999999999996
2017-09-01,2017,9,4050000,71.5,22.8,1.0100000000000002,340875.00000000006,Beverage_Straws_Bottles,ITO_EN_Ltd,PP,28.0,2016,0.05146759295023684,95445.00000000003,4912.324409135356,90532.67559086467,1.2,1145.3400000000004,50.10570897318063,1095.2342910268198,4.374745400770131
2017-09-01,2017,9,4050000,71.5,22.8,1.0100000000000002,340875.00000000006,Convenience_Store_Packaging,SI_Jushi_Sangyo,PE_LDPE,45.0,2018,0.002,153393.75000000003,306.7875000000001,153086.96250000002,1.2,1840.7250000000004,3.129232500000001,1837.5957675000004,0.17
2017-09-01,2017,9,4050000,71.5,22.8,1.0100000000000002,340875.00000000006,Agricultural_Films_Bags,Japan_Agri_Coop,PE_HDPE,27.0,2019,0.002,92036.25000000001,184.07250000000002,91852.17750000002,1.2,1104.4350000000002,1.8775395000000001,1102.5574605000002,0.16999999999999998
2017-10-01,2017,10,4050000,71.5,22.8,0.9600000000000001,324000.0,Beverage_Straws_Bottles,ITO_EN_Ltd,PP,28.0,2016,0.053541254239360354,90720.00000000001,4857.262584594772,85862.73741540524,1.2,1088.64,49.54407836286668,1039.0959216371334,4.551006610345631
2017-10-01,2017,10,4050000,71.5,22.8,0.9600000000000001,324000.0,Convenience_Store_Packaging,SI_Jushi_Sangyo,PE_LDPE,45.0,2018,0.002,145800.0,291.6,145508.4,1.2,1749.6000000000001,2.9743200000000005,1746.62568,0.17
2017-10-01,2017,10,4050000,71.5,22.8,0.9600000000000001,324000.0,Agricultural_Films_Bags,Japan_Agri_Coop,PE_HDPE,27.0,2019,0.002,87480.0,174.96,87305.04,1.2,1049.76,1.784592,1047.975408,0.16999999999999998
2017-11-01,2017,11,4050000,71.5,22.8,0.9300000000000002,313875.00000000006,Beverage_Straws_Bottles,ITO_EN_Ltd,PP,28.0,2016,0.05567503470632721,87885.00000000003,4893.000425165568,82991.99957483447,1.2,1054.6200000000003,49.908604336688796,1004.7113956633116,4.7323779500378125
2017-11-01,2017,11,4050000,71.5,22.8,0.9300000000000002,313875.00000000006,Convenience_Store_Packaging,SI_Jushi_Sangyo,PE_LDPE,45.0,2018,0.002,141243.75000000003,282.48750000000007,140961.26250000004,1.2,1694.9250000000004,2.881372500000001,1692.0436275000004,0.17
2017-11-01,2017,11,4050000,71.5,22.8,0.9300000000000002,313875.00000000006,Agricultural_Films_Bags,Japan_Agri_Coop,PE_HDPE,27.0,2019,0.002,84746.25000000001,169.49250000000004,84576.75750000002,1.2,1016.9550000000002,1.7288235000000005,1015.2261765000002,0.17000000000000004
2017-12-01,2017,12,4050000,71.5,22.8,0.9200000000000002,310500.00000000006,Beverage_Straws_Bottles,ITO_EN_Ltd,PP,28.0,2016,0.057868804125245595,86940.00000000003,5031.113830648854,81908.88616935117,1.2,1043.2800000000004,51.31736107261831,991.9626389273822,4.9188483506458756
2017-12-01,2017,12,4050000,71.5,22.8,0.9200000000000002,310500.00000000006,Convenience_Store_Packaging,SI_Jushi_Sangyo,PE_LDPE,45.0,2018,0.002,139725.00000000003,279.45000000000005,139445.55000000002,1.2,1676.7000000000003,2.8503900000000004,1673.8496100000002,0.16999999999999998
2017-12-01,2017,12,4050000,71.5,22.8,0.9200000000000002,310500.00000000006,Agricultural_Films_Bags,Japan_Agri_Coop,PE_HDPE,27.0,2019,0.002,83835.00000000001,167.67000000000004,83667.33000000002,1.2,1006.0200000000002,1.7102340000000005,1004.3097660000002,0.17
2018-01-01,2018,1,4080000,72.0,23.0,0.9200000000000002,312800.00000000006,Beverage_Straws_Bottles,ITO_EN_Ltd,PP,28.0,2016,0.060122270762722245,87584.00000000003,5265.7489624822665,82318.25103751777,1.2,1051.0080000000003,53.71063941731912,997.2973605826811,5.110393014831391
2018-01-01,2018,1,4080000,72.0,23.0,0.9200000000000002,312800.00000000006,Convenience_Store_Packaging,SI_Jushi_Sangyo,PE_LDPE,45.0,2018,0.021766443110067823,140760.00000000003,3063.8445321731474,137696.15546782687,1.2,1689.1200000000003,31.251214228166102,1657.8687857718342,1.8501476643557648
2018-01-01,2018,1,4080000,72.0,23.0,0.9200000000000002,312800.00000000006,Agricultural_Films_Bags,Japan_Agri_Coop,PE_HDPE,27.0,2019,0.002,84456.00000000001,168.91200000000003,84287.08800000002,1.2,1013.4720000000002,1.7229024000000002,1011.7490976000003,0.16999999999999998
2018-02-01,2018,2,4080000,72.0,23.0,0.9100000000000001,309400.00000000006,Beverage_Straws_Bottles,ITO_EN_Ltd,PP,28.0,2016,0.062434973601220585,86632.00000000003,5408.8666330209435,81223.13336697909,1.2,1039.5840000000003,55.17043965681362,984.4135603431866,5.306972756103749
2018-02-01,2018,2,4080000,72.0,23.0,0.9100000000000001,309400.00000000006,Convenience_Store_Packaging,SI_Jushi_Sangyo,PE_LDPE,45.0,2018,0.02278074025371404,139230.00000000003,3171.7624655246063,136058.23753447543,1.2,1670.7600000000004,32.35197714835099,1638.4080228516495,1.9363629215656937
2018-02-01,2018,2,4080000,72.0,23.0,0.9100000000000001,309400.00000000006,Agricultural_Films_Bags,Japan_Agri_Coop,PE_HDPE,27.0,2019,0.002,83538.00000000001,167.07600000000002,83370.92400000001,1.2,1002.4560000000002,1.7041752000000003,1000.7518248000002,0.16999999999999998
2018-03-01,2018,3,4080000,72.0,23.0,0.9800000000000001,333200.00000000006,Beverage_Straws_Bottles,ITO_EN_Ltd,PP,28.0,2016,0.0648062752044615,93296.00000000003,6046.166251475442,87249.83374852459,1.2,1119.5520000000004,61.67089576504951,1057.881104234951,5.508533392379227
2018-03-01,2018,3,4080000,72.0,23.0,0.9800000000000001,333200.00000000006,Convenience_Store_Packaging,SI_Jushi_Sangyo,PE_LDPE,45.0,2018,0.023837366224777373,149940.00000000003,3574.17469174312,146365.8253082569,1.2,1799.2800000000004,36.456581855779824,1762.8234181442206,2.0261761291060765
2018-03-01,2018,3,4080000,72.0,23.0,0.9800000000000001,333200.00000000006,Agricultural_Films_Bags,Japan_Agri_Coop,PE_HDPE,27.0,2019,0.002,89964.00000000001,179.92800000000003,89784.07200000001,1.2,1079.5680000000002,1.8352656,1077.7327344000003,0.16999999999999996
2018-04-01,2018,4,4080000,72.0,23.0,1.0200000000000002,346800.00000000006,Beverage_Straws_Bottles,ITO_EN_Ltd,PP,28.0,2016,0.06723535534249878,97104.00000000003,6528.821945178003,90575.17805482203,1.2,1165.2480000000003,66.59398384081564,1098.6540161591847,5.715005204112397
2018-04-01,2018,4,4080000,72.0,23.0,1.0200000000000002,346800.00000000006,Convenience_Store_Packaging,SI_Jushi_Sangyo,PE_LDPE,45.0,2018,0.024937622279921294,156060.00000000003,3891.7653330045177,152168.2346669955,1.2,1872.7200000000005,39.69600639664608,1833.0239936033545,2.1196978937933095
2018-04-01,2018,4,4080000,72.0,23.0,1.0200000000000002,346800.00000000006,Agricultural_Films_Bags,Japan_Agri_Coop,PE_HDPE,27.0,2019,0.002,93636.00000000003,187.27200000000005,93448.72800000003,1.2,1123.6320000000003,1.9101744000000007,1121.7218256000003,0.17
2018-05-01,2018,5,4080000,72.0,23.0,1.0500000000000003,357000.0000000001,Beverage_Straws_Bottles,ITO_EN_Ltd,PP,28.0,2016,0.06972120549428422,99960.00000000004,6969.331701208654,92990.6682987914,1.2,1199.5200000000004,71.08718335232827,1128.432816647672,5.9263024670141595
2018-05-01,2018,5,4080000,72.0,23.0,1.0500000000000003,357000.0000000001,Convenience_Store_Packaging,SI_Jushi_Sangyo,PE_LDPE,45.0,2018,0.026082805779750327,160650.00000000006,4190.202748516892,156459.79725148316,1.2,1927.8000000000006,42.7400680348723,1885.0599319651283,2.2170384912787786
2018-05-01,2018,5,4080000,72.0,23.0,1.0500000000000003,357000.0000000001,Agricultural_Films_Bags,Japan_Agri_Coop,PE_HDPE,27.0,2019,0.002,96390.00000000004,192.7800000000001,96197.22000000004,1.2,1156.6800000000005,1.9663560000000009,1154.7136440000006,0.16999999999999998
2018-06-01,2018,6,4080000,72.0,23.0,1.0800000000000003,367200.0000000001,Beverage_Straws_Bottles,ITO_EN_Ltd,PP,28.0,2016,0.07226262434374901,102816.00000000004,7429.753984526902,95386.24601547314,1.2,1233.7920000000006,75.7834906421744,1158.0085093578261,6.142323069218666
2018-06-01,2018,6,4080000,72.0,23.0,1.0800000000000003,367200.0000000001,Convenience_Store_Packaging,SI_Jushi_Sangyo,PE_LDPE,45.0,2018,0.02727420529890323,165240.00000000006,4506.789683590771,160733.2103164093,1.2,1982.8800000000008,45.96925477262587,1936.910745227375,2.3183074504067744
2018-06-01,2018,6,4080000,72.0,23.0,1.0800000000000003,367200.0000000001,Agricultural_Films_Bags,Japan_Agri_Coop,PE_HDPE,27.0,2019,0.002,99144.00000000004,198.2880000000001,98945.71200000004,1.2,1189.7280000000005,2.022537600000001,1187.7054624000004,0.17
2018-07-01,2018,7,4080000,72.0,23.0,1.1200000000000003,380800.0000000001,Beverage_Straws_Bottles,ITO_EN_Ltd,PP,28.0,2016,0.07485821438150676,106624.00000000004,7981.68225021378,98642.31774978626,1.2,1279.4880000000005,81.41315895218057,1198.07484104782,6.3629482224280745
2018-07-01,2018,7,4080000,72.0,23.0,1.1200000000000003,380800.0000000001,Convenience_Store_Packaging,SI_Jushi_Sangyo,PE_LDPE,45.0,2018,0.02851309531994772,171360.00000000006,4886.004014026243,166473.9959859738,1.2,2056.3200000000006,49.83724094306767,2006.482759056933,2.423613102195556
2018-07-01,2018,7,4080000,72.0,23.0,1.1200000000000003,380800.0000000001,Agricultural_Films_Bags,Japan_Agri_Coop,PE_HDPE,27.0,2019,0.002,102816.00000000004,205.6320000000001,102610.36800000005,1.2,1233.7920000000006,2.0974464000000013,1231.6945536000005,0.17
2018-08-01,2018,8,4080000,72.0,23.0,1.1000000000000003,374000.0000000001,Beverage_Straws_Bottles,ITO_EN_Ltd,PP,28.0,2016,0.07750637971809689,104720.00000000004,8116.46808407911,96603.53191592093,1.2,1256.6400000000006,82.78797445760692,1173.8520255423937,6.5880422760382364
2018-08-01,2018,8,4080000,72.0,23.0,1.1000000000000003,374000.0000000001,Convenience_Store_Packaging,SI_Jushi_Sangyo,PE_LDPE,45.0,2018,0.029800730505529387,168300.00000000006,5015.4629440805975,163284.53705591947,1.2,2019.6000000000008,51.15772202962209,1968.4422779703787,2.5330620929699976
2018-08-01,2018,8,4080000,72.0,23.0,1.1000000000000003,374000.0000000001,Agricultural_Films_Bags,Japan_Agri_Coop,PE_HDPE,27.0,2019,0.002,100980.00000000004,201.9600000000001,100778.04000000004,1.2,1211.7600000000004,2.059992000000001,1209.7000080000005,0.17000000000000004
2018-09-01,2018,9,4080000,72.0,23.0,1.0100000000000002,343400.00000000006,Beverage_Straws_Bottles,ITO_EN_Ltd,PP,28.0,2016,0.08020532520615176,96152.00000000003,7711.9024292219065,88440.09757077812,1.2,1153.8240000000003,78.66140477806344,1075.162595221937,6.817452642522899
2018-09-01,2018,9,4080000,72.0,23.0,1.0100000000000002,343400.00000000006,Convenience_Store_Packaging,SI_Jushi_Sangyo,PE_LDPE,45.0,2018,0.03113833954685411,154530.00000000003,4811.807610175367,149718.19238982466,1.2,1854.3600000000004,49.08043762378874,1805.2795623762115,2.646758861482599
2018-09-01,2018,9,4080000,72.0,23.0,1.0100000000000002,343400.00000000006,Agricultural_Films_Bags,Japan_Agri_Coop,PE_HDPE,27.0,2019,0.002,92718.00000000001,185.43600000000004,92532.56400000001,1.2,1112.6160000000002,1.8914472000000004,1110.7245528000003,0.17
2018-10-01,2018,10,4080000,72.0,23.0,0.9600000000000001,326400.0,Beverage_Straws_Bottles,ITO_EN_Ltd,PP,28.0,2016,0.08295305695795849,91392.00000000001,7581.245781501743,83810.75421849827,1.2,1096.7040000000002,77.32870697131779,1019.3752930286823,7.051009841426471
2018-10-01,2018,10,4080000,72.0,23.0,0.9600000000000001,326400.0,Convenience_Store_Packaging,SI_Jushi_Sangyo,PE_LDPE,45.0,2018,0.032527118590749464,146880.0,4777.583178609281,142102.4168213907,1.2,1762.56,48.731348421814666,1713.8286515781854,2.7648050802137045
2018-10-01,2018,10,4080000,72.0,23.0,0.9600000000000001,326400.0,Agricultural_Films_Bags,Japan_Agri_Coop,PE_HDPE,27.0,2019,0.002,88128.0,176.256,87951.744,1.2,1057.536,1.7978112,1055.7381888,0.16999999999999998
2018-11-01,2018,11,4080000,72.0,23.0,0.9300000000000002,316200.00000000006,Beverage_Straws_Bottles,ITO_EN_Ltd,PP,28.0,2016,0.08574738433162529,88536.00000000003,7591.73041918478,80944.26958081525,1.2,1062.4320000000005,77.43565027568475,984.9963497243157,7.2885276681881495
2018-11-01,2018,11,4080000,72.0,23.0,0.9300000000000002,316200.00000000006,Convenience_Store_Packaging,SI_Jushi_Sangyo,PE_LDPE,45.0,2018,0.03396822425227357,142290.00000000003,4833.338628856007,137456.66137114403,1.2,1707.4800000000005,49.300054014331266,1658.1799459856693,2.8872990614432528
2018-11-01,2018,11,4080000,72.0,23.0,0.9300000000000002,316200.00000000006,Agricultural_Films_Bags,Japan_Agri_Coop,PE_HDPE,27.0,2019,0.002,85374.00000000001,170.74800000000002,85203.25200000001,1.2,1024.4880000000003,1.7416296,1022.7463704000003,0.16999999999999996
2018-12-01,2018,12,4080000,72.0,23.0,0.9200000000000002,312800.00000000006,Beverage_Straws_Bottles,ITO_EN_Ltd,PP,28.0,2016,0.08858592344355114,87584.00000000003,7758.709518879986,79825.29048112004,1.2,1051.0080000000003,79.13883709257586,971.8691629074244,7.529803492701848
2018-12-01,2018,12,4080000,72.0,23.0,0.9200000000000002,312800.00000000006,Convenience_Store_Packaging,SI_Jushi_Sangyo,PE_LDPE,45.0,2018,0.035462766225121956,140760.00000000003,4991.738973848168,135768.26102615186,1.2,1689.1200000000003,50.91573753325132,1638.204262466749,3.0143351291353664
2018-12-01,2018,12,4080000,72.0,23.0,0.9200000000000002,312800.00000000006,Agricultural_Films_Bags,Japan_Agri_Coop,PE_HDPE,27.0,2019,0.002,84456.00000000001,168.91200000000003,84287.08800000002,1.2,1013.4720000000002,1.7229024000000002,1011.7490976000003,0.16999999999999998
2019-01-01,2019,1,4100000,72.5,23.2,0.9200000000000002,314333.33333333343,Beverage_Straws_Bottles,ITO_EN_Ltd,PP,28.0,2016,0.09146610224729984,88013.33333333337,8050.236545792353,79963.09678754101,1.2,1056.1600000000005,82.112412767082,974.0475872329185,7.774618691020486
2019-01-01,2019,1,4100000,72.5,23.2,0.9200000000000002,314333.33333333343,Convenience_Store_Packaging,SI_Jushi_Sangyo,PE_LDPE,45.0,2018,0.03701179950792236,141450.00000000006,5235.3190403956205,136214.68095960445,1.2,1697.4000000000008,53.40025421203533,1643.9997457879654,3.146002958173401
2019-01-01,2019,1,4100000,72.5,23.2,0.9200000000000002,314333.33333333343,Agricultural_Films_Bags,Japan_Agri_Coop,PE_HDPE,27.0,2019,0.021766443110067823,84870.00000000003,1847.3180267514567,83022.68197324857,1.2,1018.4400000000004,18.84264387286486,999.5973561271355,1.8501476643557648
2019-02-01,2019,2,4100000,72.5,23.2,0.9100000000000001,310916.66666666674,Beverage_Straws_Bottles,ITO_EN_Ltd,PP,28.0,2016,0.09438516719953635,87056.6666666667,8216.858039167639,78839.80862749906,1.2,1044.6800000000005,83.81195199950992,960.8680480004906,8.02273921196059
2019-02-01,2019,2,4100000,72.5,23.2,0.9100000000000001,310916.66666666674,Convenience_Store_Packaging,SI_Jushi_Sangyo,PE_LDPE,45.0,2018,0.03861631627088369,139912.50000000003,5402.9053502500155,134509.59464975,1.2,1678.9500000000003,55.10963457255016,1623.84036542745,3.2823868830251146
2019-02-01,2019,2,4100000,72.5,23.2,0.9100000000000001,310916.66666666674,Agricultural_Films_Bags,Japan_Agri_Coop,PE_HDPE,27.0,2019,0.02278074025371404,83947.50000000003,1912.38619244866,82035.11380755137,1.2,1007.3700000000003,19.50633916297633,987.863660837024,1.9363629215656935
2019-03-01,2019,3,4100000,72.5,23.2,0.9800000000000001,334833.3333333334,Beverage_Straws_Bottles,ITO_EN_Ltd,PP,28.0,2016,0.0973401915126945,93753.33333333336,9125.967421620155,84627.3659117132,1.2,1125.0400000000004,93.08486770052558,1031.9551322994748,8.273916278579033
2019-03-01,2019,3,4100000,72.5,23.2,0.9800000000000001,334833.3333333334,Convenience_Store_Packaging,SI_Jushi_Sangyo,PE_LDPE,45.0,2018,0.04027723739414631,150675.00000000003,6068.7727443629965,144606.22725563703,1.2,1808.1000000000004,61.90148199250256,1746.1985180074978,3.4235651785024364
2019-03-01,2019,3,4100000,72.5,23.2,0.9800000000000001,334833.3333333334,Agricultural_Films_Bags,Japan_Agri_Coop,PE_HDPE,27.0,2019,0.023837366224777373,90405.00000000001,2155.0170935509987,88249.98290644902,1.2,1084.8600000000001,21.981174354220187,1062.87882564578,2.026176129106077
2019-04-01,2019,4,4100000,72.5,23.2,1.0200000000000002,348500.0000000001,Beverage_Straws_Bottles,ITO_EN_Ltd,PP,28.0,2016,0.100328084971887,97580.00000000004,9790.014531556737,87789.98546844331,1.2,1170.9600000000005,99.85814822187871,1071.1018517781217,8.527887222610394
2019-04-01,2019,4,4100000,72.5,23.2,1.0200000000000002,348500.0000000001,Convenience_Store_Packaging,SI_Jushi_Sangyo,PE_LDPE,45.0,2018,0.04199540371651888,156825.00000000006,6585.929187843076,150239.07081215698,1.2,1881.9000000000008,67.17647771599937,1814.7235222840013,3.5696093159041045
2019-04-01,2019,4,4100000,72.5,23.2,1.0200000000000002,348500.0000000001,Agricultural_Films_Bags,Japan_Agri_Coop,PE_HDPE,27.0,2019,0.024937622279921294,94095.00000000004,2346.505568429195,91748.49443157084,1.2,1129.1400000000006,23.93435679797779,1105.2056432020227,2.11969789379331
2019-05-01,2019,5,4100000,72.5,23.2,1.0500000000000003,358750.0000000001,Beverage_Straws_Bottles,ITO_EN_Ltd,PP,28.0,2016,0.1033456052706675,100450.00000000004,10381.066049438554,90068.93395056149,1.2,1205.4000000000005,105.88687370427324,1099.5131262957273,8.784376448006736
2019-05-01,2019,5,4100000,72.5,23.2,1.0500000000000003,358750.0000000001,Convenience_Store_Packaging,SI_Jushi_Sangyo,PE_LDPE,45.0,2018,0.043771567041009964,161437.50000000006,7066.372354183049,154371.127645817,1.2,1937.2500000000007,72.07699801266709,1865.1730019873337,3.720583198485847
2019-05-01,2019,5,4100000,72.5,23.2,1.0500000000000003,358750.0000000001,Agricultural_Films_Bags,Japan_Agri_Coop,PE_HDPE,27.0,2019,0.026082805779750327,96862.50000000004,2526.4457748410673,94336.05422515898,1.2,1162.3500000000006,25.769746903378884,1136.5802530966216,2.2170384912787777
2019-06-01,2019,6,4100000,72.5,23.2,1.0800000000000003,369000.0000000001,Beverage_Straws_Bottles,ITO_EN_Ltd,PP,28.0,2016,0.10638937079708526,103320.00000000004,10992.149790754853,92327.8502092452,1.2,1239.8400000000006,112.11992786569951,1127.720072134301,9.043096517752247
2019-06-01,2019,6,4100000,72.5,23.2,1.0800000000000003,369000.0000000001,Convenience_Store_Packaging,SI_Jushi_Sangyo,PE_LDPE,45.0,2018,0.04560638095158909,166050.00000000006,7572.93955701137,158477.0604429887,1.2,1992.6000000000008,77.24398348151597,1915.356016518485,3.8765423808850716
2019-06-01,2019,6,4100000,72.5,23.2,1.0800000000000003,369000.0000000001,Agricultural_Films_Bags,Japan_Agri_Coop,PE_HDPE,27.0,2019,0.02727420529890323,99630.00000000004,2717.32907392973,96912.6709260703,1.2,1195.5600000000006,27.716756554083243,1167.8432434459173,2.318307450406774
2019-07-01,2019,7,4100000,72.5,23.2,1.1200000000000003,382666.6666666668,Beverage_Straws_Bottles,ITO_EN_Ltd,PP,28.0,2016,0.10945587477855048,107146.66666666672,11727.83212960576,95418.83453706096,1.2,1285.7600000000007,119.62388772197876,1166.136112278022,9.303749356176791
2019-07-01,2019,7,4100000,72.5,23.2,1.1200000000000003,382666.6666666668,Convenience_Store_Packaging,SI_Jushi_Sangyo,PE_LDPE,45.0,2018,0.047500391503828246,172200.00000000006,8179.567416959227,164020.43258304082,1.2,2066.4000000000005,83.4315876529841,1982.9684123470165,4.037533277825401
2019-07-01,2019,7,4100000,72.5,23.2,1.1200000000000003,382666.6666666668,Agricultural_Films_Bags,Japan_Agri_Coop,PE_HDPE,27.0,2019,0.02851309531994772,103320.00000000004,2945.9730084569997,100374.02699154304,1.2,1239.8400000000006,30.048924686261394,1209.7910753137392,2.423613102195556
2019-08-01,2019,8,4100000,72.5,23.2,1.1000000000000003,375833.3333333335,Beverage_Straws_Bottles,ITO_EN_Ltd,PP,28.0,2016,0.11254150067188054,105233.33333333339,11843.117254037568,93390.21607929582,1.2,1262.8000000000006,120.79979599118319,1142.0002040088175,9.566027557109845
2019-08-01,2019,8,4100000,72.5,23.2,1.1000000000000003,375833.3333333335,Convenience_Store_Packaging,SI_Jushi_Sangyo,PE_LDPE,45.0,2018,0.049454027860354556,169125.0000000001,8363.912461882468,160761.08753811763,1.2,2029.5000000000011,85.31190711120118,1944.1880928888,4.2035923681301375
2019-08-01,2019,8,4100000,72.5,23.2,1.1000000000000003,375833.3333333335,Agricultural_Films_Bags,Japan_Agri_Coop,PE_HDPE,27.0,2019,0.029800730505529387,101475.00000000004,3024.029128048596,98450.97087195145,1.2,1217.7000000000005,30.845097106095675,1186.8549028939049,2.5330620929699976
2019-09-01,2019,9,4100000,72.5,23.2,1.0100000000000002,345083.33333333343,Beverage_Straws_Bottles,ITO_EN_Ltd,PP,28.0,2016,0.11564253866406261,96623.33333333337,11173.767560850614,85449.56577248276,1.2,1159.4800000000005,113.97242912067625,1045.5075708793242,9.829615786445322
2019-09-01,2019,9,4100000,72.5,23.2,1.0100000000000002,345083.33333333343,Convenience_Store_Packaging,SI_Jushi_Sangyo,PE_LDPE,45.0,2018,0.05146759295023684,155287.50000000006,7992.273840259906,147295.22615974015,1.2,1863.4500000000007,81.52119317065105,1781.9288068293497,4.374745400770132
2019-09-01,2019,9,4100000,72.5,23.2,1.0100000000000002,345083.33333333343,Agricultural_Films_Bags,Japan_Agri_Coop,PE_HDPE,27.0,2019,0.03113833954685411,93172.50000000003,2901.2369414292657,90271.26305857077,1.2,1118.0700000000004,29.59261680257851,1088.477383197422,2.6467588614825996
2019-10-01,2019,10,4100000,72.5,23.2,0.9600000000000001,328000.00000000006,Beverage_Straws_Bottles,ITO_EN_Ltd,PP,28.0,2016,0.118755203130265,91840.00000000003,10906.477855483541,80933.5221445165,1.2,1102.0800000000004,111.24607412593213,990.8339258740682,10.094192266072525
2019-10-01,2019,10,4100000,72.5,23.2,0.9600000000000001,328000.00000000006,Convenience_Store_Packaging,SI_Jushi_Sangyo,PE_LDPE,45.0,2018,0.053541254239360354,147600.00000000003,7902.68912572959,139697.31087427045,1.2,1771.2000000000003,80.60742908244183,1690.5925709175585,4.551006610345631
2019-10-01,2019,10,4100000,72.5,23.2,0.9600000000000001,328000.00000000006,Agricultural_Films_Bags,Japan_Agri_Coop,PE_HDPE,27.0,2019,0.032527118590749464,88560.00000000001,2880.601622396773,85679.39837760324,1.2,1062.7200000000003,29.382136548447086,1033.3378634515532,2.7648050802137045
2019-11-01,2019,11,4100000,72.5,23.2,0.9300000000000002,317750.00000000006,Beverage_Straws_Bottles,ITO_EN_Ltd,PP,28.0,2016,0.1218756508789474,88970.00000000003,10843.276658699953,78126.72334130008,1.2,1067.6400000000003,110.60142191873953,957.0385780812608,10.35943032471053
2019-11-01,2019,11,4100000,72.5,23.2,0.9300000000000002,317750.00000000006,Convenience_Store_Packaging,SI_Jushi_Sangyo,PE_LDPE,45.0,2018,0.05567503470632721,142987.50000000003,7960.834025070963,135026.66597492906,1.2,1715.8500000000004,81.20050705572383,1634.6494929442765,4.732377950037813
2019-11-01,2019,11,4100000,72.5,23.2,0.9300000000000002,317750.00000000006,Agricultural_Films_Bags,Japan_Agri_Coop,PE_HDPE,27.0,2019,0.03396822425227357,85792.50000000001,2914.2188791631806,82878.28112083684,1.2,1029.5100000000002,29.725032567464442,999.7849674325357,2.887299061443253
2019-12-01,2019,12,4100000,72.5,23.2,0.9200000000000002,314333.33333333343,Beverage_Straws_Bottles,ITO_EN_Ltd,PP,28.0,2016,0.125,88013.33333333337,11001.666666666672,77011.6666666667,1.2,1056.1600000000005,112.21700000000006,943.9430000000004,10.625
2019-12-01,2019,12,4100000,72.5,23.2,0.9200000000000002,314333.33333333343,Convenience_Store_Packaging,SI_Jushi_Sangyo,PE_LDPE,45.0,2018,0.057868804125245595,141450.00000000006,8185.542343515993,133264.45765648407,1.2,1697.4000000000008,83.49253190386312,1613.9074680961376,4.9188483506458756
2019-12-01,2019,12,4100000,72.5,23.2,0.9200000000000002,314333.33333333343,Agricultural_Films_Bags,Japan_Agri_Coop,PE_HDPE,27.0,2019,0.035462766225121956,84870.00000000003,3009.724969526101,81860.27503047393,1.2,1018.4400000000004,30.69919468916623,987.7408053108342,3.0143351291353655
2020-01-01,2020,1,3750000,73.0,22.5,0.9200000000000002,287500.00000000006,Beverage_Straws_Bottles,ITO_EN_Ltd,PP,28.0,2016,0.12812434912105258,80500.00000000003,10314.010104244737,70185.9898957553,1.2,966.0000000000003,105.20290306329632,860.7970969367041,10.89056967528947
2020-01-01,2020,1,3750000,73.0,22.5,0.9200000000000002,287500.00000000006,Convenience_Store_Packaging,SI_Jushi_Sangyo,PE_LDPE,45.0,2018,0.060122270762722245,129375.00000000003,7778.318779927192,121596.68122007283,1.2,1552.5000000000005,79.33885155525736,1473.161148444743,5.1103930148313905
2020-01-01,2020,1,3750000,73.0,22.5,0.9200000000000002,287500.00000000006,Agricultural_Films_Bags,Japan_Agri_Coop,PE_HDPE,27.0,2019,0.03701179950792236,77625.00000000001,2873.040936802474,74751.95906319754,1.2,931.5000000000002,29.305017555385234,902.194982444615,3.146002958173401
2020-02-01,2020,2,3750000,73.0,22.5,0.9100000000000001,284375.00000000006,Beverage_Straws_Bottles,ITO_EN_Ltd,PP,28.0,2016,0.131244796869735,79625.00000000003,10450.366950752654,69174.63304924738,1.2,955.5000000000003,106.59374289767706,848.9062571023233,11.155807733927475
2020-02-01,2020,2,3750000,73.0,22.5,0.9100000000000001,284375.00000000006,Convenience_Store_Packaging,SI_Jushi_Sangyo,PE_LDPE,45.0,2018,0.062434973601220585,127968.75000000003,7989.725528031198,119979.02447196883,1.2,1535.6250000000005,81.49520038591822,1454.1297996140822,5.306972756103749
2020-02-01,2020,2,3750000,73.0,22.5,0.9100000000000001,284375.00000000006,Agricultural_Films_Bags,Japan_Agri_Coop,PE_HDPE,27.0,2019,0.03861631627088369,76781.25000000001,2965.009033673789,73816.24096632622,1.2,921.3750000000002,30.24309214347265,891.1319078565276,3.2823868830251137
2020-03-01,2020,3,3750000,73.0,22.5,0.9800000000000001,306250.00000000006,Beverage_Straws_Bottles,ITO_EN_Ltd,PP,28.0,2016,0.1343574613359374,85750.00000000003,11521.152309556635,74228.84769044339,1.2,1029.0000000000005,117.51575355747768,911.4842464425228,11.420384213554676
2020-03-01,2020,3,3750000,73.0,22.5,0.9800000000000001,306250.00000000006,Convenience_Store_Packaging,SI_Jushi_Sangyo,PE_LDPE,45.0,2018,0.0648062752044615,137812.50000000003,8931.114801614853,128881.38519838518,1.2,1653.7500000000005,91.0973709764715,1562.652629023529,5.508533392379227
2020-03-01,2020,3,3750000,73.0,22.5,0.9800000000000001,306250.00000000006,Agricultural_Films_Bags,Japan_Agri_Coop,PE_HDPE,27.0,2019,0.04027723739414631,82687.50000000001,3330.424067028474,79357.07593297154,1.2,992.2500000000002,33.97032548369044,958.2796745163098,3.4235651785024372
2020-04-01,2020,4,3750000,73.0,22.5,1.0200000000000002,318750.00000000006,Beverage_Straws_Bottles,ITO_EN_Ltd,PP,28.0,2016,0.13745849932811946,89250.00000000003,12268.171065034665,76981.82893496536,1.2,1071.0000000000005,125.13534486335358,945.8646551366469,11.683972442890152
2020-04-01,2020,4,3750000,73.0,22.5,1.0200000000000002,318750.00000000006,Convenience_Store_Packaging,SI_Jushi_Sangyo,PE_LDPE,45.0,2018,0.06723535534249878,143437.50000000003,9644.07128193967,133793.42871806037,1.2,1721.2500000000005,98.36952707578463,1622.8804729242158,5.715005204112395
2020-04-01,2020,4,3750000,73.0,22.5,1.0200000000000002,318750.00000000006,Agricultural_Films_Bags,Japan_Agri_Coop,PE_HDPE,27.0,2019,0.04199540371651888,86062.50000000001,3614.2294323529068,82448.27056764711,1.2,1032.7500000000002,36.865140209999645,995.8848597900006,3.5696093159041045
2020-05-01,2020,5,3750000,73.0,22.5,1.0500000000000003,328125.00000000006,Beverage_Straws_Bottles,ITO_EN_Ltd,PP,28.0,2016,0.14054412522144955,91875.00000000003,12912.491504720681,78962.50849527935,1.2,1102.5000000000005,131.70741334815094,970.7925866518495,11.94625064382321
2020-05-01,2020,5,3750000,73.0,22.5,1.0500000000000003,328125.00000000006,Convenience_Store_Packaging,SI_Jushi_Sangyo,PE_LDPE,45.0,2018,0.06972120549428422,147656.25000000003,10294.771748765406,137361.47825123463,1.2,1771.8750000000005,105.00667183740714,1666.8683281625933,5.926302467014158
2020-05-01,2020,5,3750000,73.0,22.5,1.0500000000000003,328125.00000000006,Agricultural_Films_Bags,Japan_Agri_Coop,PE_HDPE,27.0,2019,0.043771567041009964,88593.75000000001,3877.8872675394773,84715.86273246053,1.2,1063.1250000000002,39.554450128902666,1023.5705498710976,3.720583198485847
2020-06-01,2020,6,3750000,73.0,22.5,1.0800000000000003,337500.0000000001,Beverage_Straws_Bottles,ITO_EN_Ltd,PP,28.0,2016,0.14361062920291476,94500.00000000004,13571.204459675451,80928.79554032459,1.2,1134.0000000000005,138.42628548868962,995.5737145113109,12.206903482247757
2020-06-01,2020,6,3750000,73.0,22.5,1.0800000000000003,337500.0000000001,Convenience_Store_Packaging,SI_Jushi_Sangyo,PE_LDPE,45.0,2018,0.07226262434374901,151875.00000000006,10974.886072206886,140900.11392779317,1.2,1822.5000000000007,111.94383793651023,1710.5561620634905,6.1423230692186666
2020-06-01,2020,6,3750000,73.0,22.5,1.0800000000000003,337500.0000000001,Agricultural_Films_Bags,Japan_Agri_Coop,PE_HDPE,27.0,2019,0.04560638095158909,91125.00000000004,4155.881464213558,86969.11853578649,1.2,1093.5000000000005,42.389990934978286,1051.1100090650223,3.876542380885072
2020-07-01,2020,7,3750000,73.0,22.5,1.1200000000000003,350000.0000000001,Beverage_Straws_Bottles,ITO_EN_Ltd,PP,28.0,2016,0.1466543947293325,98000.00000000004,14372.130683474592,83627.86931652545,1.2,1176.0000000000005,146.59573297144084,1029.4042670285596,12.465623551993264
2020-07-01,2020,7,3750000,73.0,22.5,1.1200000000000003,350000.0000000001,Convenience_Store_Packaging,SI_Jushi_Sangyo,PE_LDPE,45.0,2018,0.07485821438150676,157500.00000000006,11790.16876508732,145709.83123491274,1.2,1890.0000000000007,120.25972140389067,1769.74027859611,6.3629482224280745
2020-07-01,2020,7,3750000,73.0,22.5,1.1200000000000003,350000.0000000001,Agricultural_Films_Bags,Japan_Agri_Coop,PE_HDPE,27.0,2019,0.047500391503828246,94500.00000000004,4488.786997111772,90011.21300288827,1.2,1134.0000000000005,45.78562737054007,1088.2143726294603,4.037533277825402
2020-08-01,2020,8,3750000,73.0,22.5,1.1000000000000003,343750.0000000001,Beverage_Straws_Bottles,ITO_EN_Ltd,PP,28.0,2016,0.14967191502811303,96250.00000000004,14405.921821455886,81844.07817854415,1.2,1155.0000000000005,146.94040257885004,1008.0595974211504,12.722112777389608
2020-08-01,2020,8,3750000,73.0,22.5,1.1000000000000003,343750.0000000001,Convenience_Store_Packaging,SI_Jushi_Sangyo,PE_LDPE,45.0,2018,0.07750637971809689,154687.50000000006,11989.268112643116,142698.23188735693,1.2,1856.2500000000007,122.29053474895979,1733.959465251041,6.588042276038235
2020-08-01,2020,8,3750000,73.0,22.5,1.1000000000000003,343750.0000000001,Agricultural_Films_Bags,Japan_Agri_Coop,PE_HDPE,27.0,2019,0.049454027860354556,92812.50000000004,4589.95196078916,88222.54803921089,1.2,1113.7500000000005,46.81751000004943,1066.932489999951,4.203592368130138
2020-09-01,2020,9,3750000,73.0,22.5,1.0100000000000002,315625.00000000006,Beverage_Straws_Bottles,ITO_EN_Ltd,PP,28.0,2016,0.1526598084873055,88375.00000000003,13491.310575065629,74883.6894249344,1.2,1060.5000000000005,137.6113678656694,922.888632134331,12.976083721420965
2020-09-01,2020,9,3750000,73.0,22.5,1.0100000000000002,315625.00000000006,Convenience_Store_Packaging,SI_Jushi_Sangyo,PE_LDPE,45.0,2018,0.08020532520615176,142031.25000000003,11391.662595686244,130639.58740431379,1.2,1704.3750000000005,116.19495847599968,1588.1800415240007,6.817452642522899
2020-09-01,2020,9,3750000,73.0,22.5,1.0100000000000002,315625.00000000006,Agricultural_Films_Bags,Japan_Agri_Coop,PE_HDPE,27.0,2019,0.05146759295023684,85218.75000000001,4386.003936727997,80832.74606327202,1.2,1022.6250000000002,44.73724015462557,977.8877598453746,4.374745400770132
2020-10-01,2020,10,3750000,73.0,22.5,0.9600000000000001,300000.0,Beverage_Straws_Bottles,ITO_EN_Ltd,PP,28.0,2016,0.15561483280046362,84000.00000000001,13071.645955238946,70928.35404476107,1.2,1008.0000000000002,133.33078874343727,874.6692112565629,13.227260788039407
2020-10-01,2020,10,3750000,73.0,22.5,0.9600000000000001,300000.0,Convenience_Store_Packaging,SI_Jushi_Sangyo,PE_LDPE,45.0,2018,0.08295305695795849,135000.0,11198.662689324396,123801.3373106756,1.2,1620.0,114.22635943110883,1505.773640568891,7.051009841426471
2020-10-01,2020,10,3750000,73.0,22.5,0.9600000000000001,300000.0,Agricultural_Films_Bags,Japan_Agri_Coop,PE_HDPE,27.0,2019,0.053541254239360354,81000.0,4336.841593388189,76663.15840661181,1.2,972.0,44.235784252559526,927.7642157474405,4.55100661034563
2020-11-01,2020,11,3750000,73.0,22.5,0.9300000000000002,290625.00000000006,Beverage_Straws_Bottles,ITO_EN_Ltd,PP,28.0,2016,0.1585338977527002,81375.00000000003,12900.695929625983,68474.30407037404,1.2,976.5000000000003,131.587098482185,844.9129015178153,13.475381308979514
2020-11-01,2020,11,3750000,73.0,22.5,0.9300000000000002,290625.00000000006,Convenience_Store_Packaging,SI_Jushi_Sangyo,PE_LDPE,45.0,2018,0.08574738433162529,130781.25000000003,11214.150107120373,119567.09989287966,1.2,1569.3750000000005,114.38433109262779,1454.9906689073728,7.288527668188148
2020-11-01,2020,11,3750000,73.0,22.5,0.9300000000000002,290625.00000000006,Agricultural_Films_Bags,Japan_Agri_Coop,PE_HDPE,27.0,2019,0.05567503470632721,78468.75000000001,4368.750379612114,74099.9996203879,1.2,941.6250000000002,44.56125387204356,897.0637461279566,4.732377950037812
2020-12-01,2020,12,3750000,73.0,22.5,0.9200000000000002,287500.00000000006,Beverage_Straws_Bottles,ITO_EN_Ltd,PP,28.0,2016,0.16141407655644885,80500.00000000003,12993.833162794137,67506.16683720589,1.2,966.0000000000003,132.5370982605002,833.4629017395001,13.720196507298152
2020-12-01,2020,12,3750000,73.0,22.5,0.9200000000000002,287500.00000000006,Convenience_Store_Packaging,SI_Jushi_Sangyo,PE_LDPE,45.0,2018,0.08858592344355114,129375.00000000003,11460.80384550943,117914.1961544906,1.2,1552.5000000000005,116.90019922419617,1435.5998007758044,7.529803492701845
2020-12-01,2020,12,3750000,73.0,22.5,0.9200000000000002,287500.00000000006,Agricultural_Films_Bags,Japan_Agri_Coop,PE_HDPE,27.0,2019,0.057868804125245595,77625.00000000001,4492.0659202221905,73132.93407977783,1.2,931.5000000000002,45.81907238626634,885.6809276137338,4.9188483506458756
2021-01-01,2021,1,3920000,73.2,23.0,0.9200000000000002,300533.3333333334,Beverage_Straws_Bottles,ITO_EN_Ltd,PP,28.0,2016,0.16425261566837468,84149.33333333336,13821.748106749954,70327.58522658341,1.2,1009.7920000000003,140.98183068884953,868.8101693111507,13.961472331811848
2021-01-01,2021,1,3920000,73.2,23.0,0.9200000000000002,300533.3333333334,Convenience_Store_Packaging,SI_Jushi_Sangyo,PE_LDPE,45.0,2018,0.09146610224729984,135240.00000000003,12369.875667924833,122870.1243320752,1.2,1622.8800000000003,126.17273181283329,1496.707268187167,7.774618691020486
2021-01-01,2021,1,3920000,73.2,23.0,0.9200000000000002,300533.3333333334,Agricultural_Films_Bags,Japan_Agri_Coop,PE_HDPE,27.0,2019,0.060122270762722245,81144.00000000001,4878.561538770335,76265.43846122969,1.2,973.7280000000002,49.76132769545741,923.9666723045427,5.1103930148313905
2021-02-01,2021,2,3920000,73.2,23.0,0.9100000000000001,297266.66666666674,Beverage_Straws_Bottles,ITO_EN_Ltd,PP,28.0,2016,0.16704694304204154,83234.6666666667,13904.096621789986,69330.57004487672,1.2,998.8160000000004,141.82178554225786,856.9942144577425,14.198990158573533
2021-02-01,2021,2,3920000,73.2,23.0,0.9100000000000001,297266.66666666674,Convenience_Store_Packaging,SI_Jushi_Sangyo,PE_LDPE,45.0,2018,0.09438516719953635,133770.00000000003,12625.90381628198,121144.09618371805,1.2,1605.2400000000005,128.7842189260762,1476.4557810739243,8.02273921196059
2021-02-01,2021,2,3920000,73.2,23.0,0.9100000000000001,297266.66666666674,Agricultural_Films_Bags,Japan_Agri_Coop,PE_HDPE,27.0,2019,0.062434973601220585,80262.00000000003,5011.155851181168,75250.84414881885,1.2,963.1440000000003,51.113789682047916,912.0302103179524,5.306972756103749
2021-03-01,2021,3,3920000,73.2,23.0,0.9800000000000001,320133.3333333334,Beverage_Straws_Bottles,ITO_EN_Ltd,PP,28.0,2016,0.16979467479384824,89637.33333333336,15219.94186272111,74417.39147061225,1.2,1075.6480000000004,155.24340699975534,920.4045930002451,14.432547357477102
2021-03-01,2021,3,3920000,73.2,23.0,0.9800000000000001,320133.3333333334,Convenience_Store_Packaging,SI_Jushi_Sangyo,PE_LDPE,45.0,2018,0.0973401915126945,144060.00000000003,14022.827989318774,130037.17201068126,1.2,1728.7200000000005,143.0328454910515,1585.6871545089489,8.273916278579033
2021-03-01,2021,3,3920000,73.2,23.0,0.9800000000000001,320133.3333333334,Agricultural_Films_Bags,Japan_Agri_Coop,PE_HDPE,27.0,2019,0.0648062752044615,86436.00000000001,5601.595203572835,80834.40479642717,1.2,1037.2320000000002,57.13627107644291,980.0957289235573,5.508533392379227
2021-04-01,2021,4,3920000,73.2,23.0,1.0200000000000002,333200.0000000001,Beverage_Straws_Bottles,ITO_EN_Ltd,PP,28.0,2016,0.17249362028190313,93296.00000000004,16092.964797820441,77203.0352021796,1.2,1119.5520000000006,164.1482409377685,955.4037590622321,14.661957723961763
2021-04-01,2021,4,3920000,73.2,23.0,1.0200000000000002,333200.0000000001,Convenience_Store_Packaging,SI_Jushi_Sangyo,PE_LDPE,45.0,2018,0.100328084971887,149940.00000000006,15043.193060684742,134896.8069393153,1.2,1799.2800000000007,153.44056921898436,1645.8394307810163,8.527887222610394
2021-04-01,2021,4,3920000,73.2,23.0,1.0200000000000002,333200.0000000001,Agricultural_Films_Bags,Japan_Agri_Coop,PE_HDPE,27.0,2019,0.06723535534249878,89964.00000000004,6048.761508032563,83915.23849196748,1.2,1079.5680000000004,61.697367381932146,1017.8706326180683,5.715005204112397
2021-05-01,2021,5,3920000,73.2,23.0,1.0500000000000003,343000.0000000001,Beverage_Straws_Bottles,ITO_EN_Ltd,PP,28.0,2016,0.17514178561849325,96040.00000000004,16820.6170908001,79219.38290919995,1.2,1152.4800000000005,171.57029432616102,980.9097056738394,14.887051777571928
2021-05-01,2021,5,3920000,73.2,23.0,1.0500000000000003,343000.0000000001,Convenience_Store_Packaging,SI_Jushi_Sangyo,PE_LDPE,45.0,2018,0.1033456052706675,154350.00000000006,15951.394173527535,138398.6058264725,1.2,1852.2000000000007,162.70422056998086,1689.4957794300199,8.784376448006737
2021-05-01,2021,5,3920000,73.2,23.0,1.0500000000000003,343000.0000000001,Agricultural_Films_Bags,Japan_Agri_Coop,PE_HDPE,27.0,2019,0.06972120549428422,92610.00000000004,6456.880840825665,86153.11915917438,1.2,1111.3200000000006,65.86018457642179,1045.459815423579,5.926302467014159
2021-06-01,2021,6,3920000,73.2,23.0,1.0800000000000003,352800.0000000001,Beverage_Straws_Bottles,ITO_EN_Ltd,PP,28.0,2016,0.17773737565625097,98784.00000000004,17557.608916827103,81226.39108317294,1.2,1185.4080000000006,179.08761095163644,1006.3203890483642,15.10767693078133
2021-06-01,2021,6,3920000,73.2,23.0,1.0800000000000003,352800.0000000001,Convenience_Store_Packaging,SI_Jushi_Sangyo,PE_LDPE,45.0,2018,0.10638937079708526,158760.00000000006,16890.376507745263,141869.6234922548,1.2,1905.1200000000008,172.2818403790017,1732.838159620999,9.043096517752247
2021-06-01,2021,6,3920000,73.2,23.0,1.0800000000000003,352800.0000000001,Agricultural_Films_Bags,Japan_Agri_Coop,PE_HDPE,27.0,2019,0.07226262434374901,95256.00000000004,6883.448544488159,88372.55145551189,1.2,1143.0720000000006,70.21117515377922,1072.8608248462212,6.142323069218666
2021-07-01,2021,7,3920000,73.2,23.0,1.1200000000000003,365866.6666666668,Beverage_Straws_Bottles,ITO_EN_Ltd,PP,28.0,2016,0.18027879450571577,102442.66666666672,18468.24045261755,83974.42621404916,1.2,1229.3120000000006,188.37605261669898,1040.9359473833015,15.323697532985841
2021-07-01,2021,7,3920000,73.2,23.0,1.1200000000000003,365866.6666666668,Convenience_Store_Packaging,SI_Jushi_Sangyo,PE_LDPE,45.0,2018,0.10945587477855048,164640.00000000006,18020.815223540558,146619.1847764595,1.2,1975.6800000000007,183.8123152801137,1791.8676847198872,9.303749356176791
2021-07-01,2021,7,3920000,73.2,23.0,1.1200000000000003,365866.6666666668,Agricultural_Films_Bags,Japan_Agri_Coop,PE_HDPE,27.0,2019,0.07485821438150676,98784.00000000004,7394.793849462767,91389.20615053727,1.2,1185.4080000000006,75.42689726452022,1109.9811027354804,6.362948222428074
2021-08-01,2021,8,3920000,73.2,23.0,1.1000000000000003,359333.33333333343,Beverage_Straws_Bottles,ITO_EN_Ltd,PP,28.0,2016,0.18276464465750122,100613.33333333337,18388.560114473396,82224.77321885998,1.2,1207.3600000000006,187.56331316762862,1019.796686832372,15.534994795887599
2021-08-01,2021,8,3920000,73.2,23.0,1.1000000000000003,359333.33333333343,Convenience_Store_Packaging,SI_Jushi_Sangyo,PE_LDPE,45.0,2018,0.11254150067188054,161700.00000000006,18197.96065864309,143502.03934135695,1.2,1940.4000000000008,185.6191987181595,1754.7808012818414,9.566027557109845
2021-08-01,2021,8,3920000,73.2,23.0,1.1000000000000003,359333.33333333343,Agricultural_Films_Bags,Japan_Agri_Coop,PE_HDPE,27.0,2019,0.07750637971809689,97020.00000000003,7519.668960249763,89500.33103975026,1.2,1164.2400000000005,76.70062339454758,1087.5393766054528,6.588042276038235
2021-09-01,2021,9,3920000,73.2,23.0,1.0100000000000002,329933.33333333343,Beverage_Straws_Bottles,ITO_EN_Ltd,PP,28.0,2016,0.1851937247955385,92381.33333333337,17108.443221578247,75272.89011175513,1.2,1108.5760000000005,174.50612086009812,934.0698791399024,15.741466607620772
2021-09-01,2021,9,3920000,73.2,23.0,1.0100000000000002,329933.33333333343,Convenience_Store_Packaging,SI_Jushi_Sangyo,PE_LDPE,45.0,2018,0.11564253866406261,148470.00000000006,17169.44771545338,131300.55228454666,1.2,1781.6400000000008,175.1283666976245,1606.5116333023764,9.829615786445322
2021-09-01,2021,9,3920000,73.2,23.0,1.0100000000000002,329933.33333333343,Agricultural_Films_Bags,Japan_Agri_Coop,PE_HDPE,27.0,2019,0.08020532520615176,89082.00000000003,7144.850780014413,81937.14921998561,1.2,1068.9840000000004,72.87747795614702,996.1065220438534,6.817452642522899
2021-10-01,2021,10,3920000,73.2,23.0,0.9600000000000001,313600.00000000006,Beverage_Straws_Bottles,ITO_EN_Ltd,PP,28.0,2016,0.18756502639877942,87808.00000000003,16469.709838024028,71338.29016197601,1.2,1053.6960000000004,167.9910403478451,885.7049596521553,15.94302724389625
2021-10-01,2021,10,3920000,73.2,23.0,0.9600000000000001,313600.00000000006,Convenience_Store_Packaging,SI_Jushi_Sangyo,PE_LDPE,45.0,2018,0.118755203130265,141120.00000000003,16758.734265742998,124361.26573425703,1.2,1693.4400000000003,170.93908951057858,1522.5009104894216,10.094192266072524
2021-10-01,2021,10,3920000,73.2,23.0,0.9600000000000001,313600.00000000006,Agricultural_Films_Bags,Japan_Agri_Coop,PE_HDPE,27.0,2019,0.08295305695795849,84672.00000000001,7023.801238744262,77648.19876125576,1.2,1016.0640000000002,71.64277263519148,944.4212273648087,7.051009841426471
2021-11-01,2021,11,3920000,73.2,23.0,0.9300000000000002,303800.00000000006,Beverage_Straws_Bottles,ITO_EN_Ltd,PP,28.0,2016,0.18987772923727775,85064.00000000003,16151.7591598398,68912.24084016023,1.2,1020.7680000000004,164.74794343036595,856.0200565696344,16.13960698516861
2021-11-01,2021,11,3920000,73.2,23.0,0.9300000000000002,303800.00000000006,Convenience_Store_Packaging,SI_Jushi_Sangyo,PE_LDPE,45.0,2018,0.1218756508789474,136710.00000000003,16661.6202316609,120048.37976833913,1.2,1640.5200000000004,169.9485263629412,1470.5714736370592,10.359430324710528
2021-11-01,2021,11,3920000,73.2,23.0,0.9300000000000002,303800.00000000006,Agricultural_Films_Bags,Japan_Agri_Coop,PE_HDPE,27.0,2019,0.08574738433162529,82026.00000000001,7033.514947185898,74992.48505281411,1.2,984.3120000000002,71.74185246129615,912.5701475387041,7.288527668188148
2021-12-01,2021,12,3920000,73.2,23.0,0.9200000000000002,300533.3333333334,Beverage_Straws_Bottles,ITO_EN_Ltd,PP,28.0,2016,0.19213119587475438,84149.33333333336,16167.712045396669,67981.6212879367,1.2,1009.7920000000003,164.910662863046,844.8813371369542,16.331151649354123
2021-12-01,2021,12,3920000,73.2,23.0,0.9200000000000002,300533.3333333334,Convenience_Store_Packaging,SI_Jushi_Sangyo,PE_LDPE,45.0,2018,0.125,135240.00000000003,16905.000000000004,118335.00000000003,1.2,1622.8800000000003,172.43100000000004,1450.4490000000003,10.625
2021-12-01,2021,12,3920000,73.2,23.0,0.9200000000000002,300533.3333333334,Agricultural_Films_Bags,Japan_Agri_Coop,PE_HDPE,27.0,2019,0.08858592344355114,81144.00000000001,7188.216171903515,73955.7838280965,1.2,973.7280000000002,73.31980495341585,900.4081950465843,7.529803492701848
2022-01-01,2022,1,3960000,73.5,23.4,0.9200000000000002,303600.00000000006,Beverage_Straws_Bottles,ITO_EN_Ltd,PP,28.0,2016,0.19432496529367277,85008.00000000003,16519.17664968454,68488.82335031549,1.2,1020.0960000000003,168.49560182678232,851.6003981732181,16.517622049962185
2022-01-01,2022,1,3960000,73.5,23.4,0.9200000000000002,303600.00000000006,Convenience_Store_Packaging,SI_Jushi_Sangyo,PE_LDPE,45.0,2018,0.12812434912105258,136620.00000000003,17504.348576918208,119115.65142308181,1.2,1639.4400000000003,178.54435548456573,1460.8956445154345,10.89056967528947
2022-01-01,2022,1,3960000,73.5,23.4,0.9200000000000002,303600.00000000006,Agricultural_Films_Bags,Japan_Agri_Coop,PE_HDPE,27.0,2019,0.09146610224729984,81972.00000000001,7497.659333415664,74474.34066658435,1.2,983.6640000000002,76.47612520083977,907.1878747991605,7.774618691020486
2022-02-01,2022,2,3960000,73.5,23.4,0.9100000000000001,300300.00000000006,Beverage_Straws_Bottles,ITO_EN_Ltd,PP,28.0,2016,0.19645874576063965,84084.00000000003,16519.03717853763,67564.9628214624,1.2,1009.0080000000004,168.4941792210838,840.5138207789166,16.69899338965437
2022-02-01,2022,2,3960000,73.5,23.4,0.9100000000000001,300300.00000000006,Convenience_Store_Packaging,SI_Jushi_Sangyo,PE_LDPE,45.0,2018,0.131244796869735,135135.00000000003,17735.765624991644,117399.23437500838,1.2,1621.6200000000003,180.90480937491475,1440.7151906250856,11.155807733927475
2022-02-01,2022,2,3960000,73.5,23.4,0.9100000000000001,300300.00000000006,Agricultural_Films_Bags,Japan_Agri_Coop,PE_HDPE,27.0,2019,0.09438516719953635,81081.00000000001,7652.843741705608,73428.1562582944,1.2,972.9720000000002,78.05900616539721,894.912993834603,8.022739211960591
2022-03-01,2022,3,3960000,73.5,23.4,0.9800000000000001,323400.00000000006,Beverage_Straws_Bottles,ITO_EN_Ltd,PP,28.0,2016,0.19853240704976313,90552.00000000003,17977.506523170156,72574.49347682987,1.2,1086.6240000000005,183.3705665363356,903.2534334636649,16.875254599229862
2022-03-01,2022,3,3960000,73.5,23.4,0.9800000000000001,323400.00000000006,Convenience_Store_Packaging,SI_Jushi_Sangyo,PE_LDPE,45.0,2018,0.1343574613359374,145530.00000000003,19553.041348218972,125976.95865178105,1.2,1746.3600000000004,199.44102175183352,1546.918978248167,11.420384213554678
2022-03-01,2022,3,3960000,73.5,23.4,0.9800000000000001,323400.00000000006,Agricultural_Films_Bags,Japan_Agri_Coop,PE_HDPE,27.0,2019,0.0973401915126945,87318.00000000001,8499.55084250546,78818.44915749456,1.2,1047.8160000000003,86.69541859355569,961.1205814064446,8.273916278579032
2022-04-01,2022,4,3960000,73.5,23.4,1.0200000000000002,336600.00000000006,Beverage_Straws_Bottles,ITO_EN_Ltd,PP,28.0,2016,0.20054597213964542,94248.00000000003,18901.056782217307,75346.94321778273,1.2,1130.9760000000003,192.79077917861653,938.1852208213838,17.04640763186986
2022-04-01,2022,4,3960000,73.5,23.4,1.0200000000000002,336600.00000000006,Convenience_Store_Packaging,SI_Jushi_Sangyo,PE_LDPE,45.0,2018,0.13745849932811946,151470.00000000003,20820.83889323026,130649.16110676977,1.2,1817.6400000000003,212.37255671094866,1605.2674432890517,11.683972442890155
2022-04-01,2022,4,3960000,73.5,23.4,1.0200000000000002,336600.00000000006,Agricultural_Films_Bags,Japan_Agri_Coop,PE_HDPE,27.0,2019,0.100328084971887,90882.00000000001,9118.017018415036,81763.98298158498,1.2,1090.5840000000003,93.00377358783336,997.5802264121669,8.527887222610394
2022-05-01,2022,5,3960000,73.5,23.4,1.0500000000000003,346500.0000000001,Beverage_Straws_Bottles,ITO_EN_Ltd,PP,28.0,2016,0.20249960849617177,97020.00000000004,19646.512016298595,77373.48798370145,1.2,1164.2400000000005,200.39442256624568,963.8455774337548,17.212466722174604
2022-05-01,2022,5,3960000,73.5,23.4,1.0500000000000003,346500.0000000001,Convenience_Store_Packaging,SI_Jushi_Sangyo,PE_LDPE,45.0,2018,0.14054412522144955,155925.00000000006,21914.34272515453,134010.65727484552,1.2,1871.1000000000008,223.52629579657622,1647.5737042034245,11.946250643823213
2022-05-01,2022,5,3960000,73.5,23.4,1.0500000000000003,346500.0000000001,Agricultural_Films_Bags,Japan_Agri_Coop,PE_HDPE,27.0,2019,0.1033456052706675,93555.00000000004,9668.498101097302,83886.50189890274,1.2,1122.6600000000005,98.61868063119249,1024.041319368808,8.784376448006737
2022-06-01,2022,6,3960000,73.5,23.4,1.0800000000000003,356400.0000000001,Beverage_Straws_Bottles,ITO_EN_Ltd,PP,28.0,2016,0.2043936190484109,99792.00000000004,20396.84803207903,79395.15196792102,1.2,1197.5040000000006,208.0478499272061,989.4561500727945,17.373457619114927
2022-06-01,2022,6,3960000,73.5,23.4,1.0800000000000003,356400.0000000001,Convenience_Store_Packaging,SI_Jushi_Sangyo,PE_LDPE,45.0,2018,0.14361062920291476,160380.00000000006,23032.272711563477,137347.72728843658,1.2,1924.5600000000006,234.92918165794748,1689.630818342053,12.206903482247755
2022-06-01,2022,6,3960000,73.5,23.4,1.0800000000000003,356400.0000000001,Agricultural_Films_Bags,Japan_Agri_Coop,PE_HDPE,27.0,2019,0.10638937079708526,96228.00000000004,10237.636373061925,85990.36362693812,1.2,1154.7360000000006,104.42389100523164,1050.312108994769,9.043096517752247
2022-07-01,2022,7,3960000,73.5,23.4,1.1200000000000003,369600.0000000001,Beverage_Straws_Bottles,ITO_EN_Ltd,PP,28.0,2016,0.20622843295899004,103488.00000000004,21342.16807005997,82145.83192994008,1.2,1241.8560000000004,217.69011431461172,1024.1658856853887,17.529416801514156
2022-07-01,2022,7,3960000,73.5,23.4,1.1200000000000003,369600.0000000001,Convenience_Store_Packaging,SI_Jushi_Sangyo,PE_LDPE,45.0,2018,0.1466543947293325,166320.00000000006,24391.55893138259,141928.44106861745,1.2,1995.8400000000008,248.7939011001024,1747.0460988998984,12.46562355199326
2022-07-01,2022,7,3960000,73.5,23.4,1.1200000000000003,369600.0000000001,Agricultural_Films_Bags,Japan_Agri_Coop,PE_HDPE,27.0,2019,0.10945587477855048,99792.00000000004,10922.820655901114,88869.17934409893,1.2,1197.5040000000006,111.41277069019137,1086.0912293098093,9.303749356176791
2022-08-01,2022,8,3960000,73.5,23.4,1.1000000000000003,363000.0000000001,Beverage_Straws_Bottles,ITO_EN_Ltd,PP,28.0,2016,0.2080045962834811,101640.00000000004,21141.58716625303,80498.41283374702,1.2,1219.6800000000005,215.6441890957809,1004.0358109042196,17.680390684095894
2022-08-01,2022,8,3960000,73.5,23.4,1.1000000000000003,363000.0000000001,Convenience_Store_Packaging,SI_Jushi_Sangyo,PE_LDPE,45.0,2018,0.14967191502811303,163350.00000000006,24448.90731984227,138901.0926801578,1.2,1960.2000000000007,249.37885466239118,1710.8211453376096,12.722112777389608
2022-08-01,2022,8,3960000,73.5,23.4,1.1000000000000003,363000.0000000001,Agricultural_Films_Bags,Japan_Agri_Coop,PE_HDPE,27.0,2019,0.11254150067188054,98010.00000000004,11030.192480851018,86979.80751914902,1.2,1176.1200000000006,112.50796330468039,1063.6120366953203,9.566027557109848
2022-09-01,2022,9,3960000,73.5,23.4,1.0100000000000002,333300.00000000006,Beverage_Straws_Bottles,ITO_EN_Ltd,PP,28.0,2016,0.20972276260585368,93324.00000000003,19572.167097428694,73751.83290257133,1.2,1119.8880000000004,199.63610439377268,920.2518956062277,17.82643482149756
2022-09-01,2022,9,3960000,73.5,23.4,1.0100000000000002,333300.00000000006,Convenience_Store_Packaging,SI_Jushi_Sangyo,PE_LDPE,45.0,2018,0.1526598084873055,149985.00000000003,22896.68137596852,127088.31862403151,1.2,1799.8200000000004,233.5461500348789,1566.2738499651214,12.976083721420967
2022-09-01,2022,9,3960000,73.5,23.4,1.0100000000000002,333300.00000000006,Agricultural_Films_Bags,Japan_Agri_Coop,PE_HDPE,27.0,2019,0.11564253866406261,89991.00000000001,10406.78769691766,79584.21230308236,1.2,1079.8920000000003,106.14923450856013,973.7427654914402,9.82961578644532
2022-10-01,2022,10,3960000,73.5,23.4,0.9600000000000001,316800.0,Beverage_Straws_Bottles,ITO_EN_Ltd,PP,28.0,2016,0.2113836837291163,88704.00000000001,18750.578281507536,69953.42171849248,1.2,1064.448,191.25589847137687,873.1921015286232,17.96761311697489
2022-10-01,2022,10,3960000,73.5,23.4,0.9600000000000001,316800.0,Convenience_Store_Packaging,SI_Jushi_Sangyo,PE_LDPE,45.0,2018,0.15561483280046362,142560.0,22184.450564034094,120375.5494359659,1.2,1710.72,226.28139575314776,1484.4386042468523,13.227260788039407
2022-10-01,2022,10,3960000,73.5,23.4,0.9600000000000001,316800.0,Agricultural_Films_Bags,Japan_Agri_Coop,PE_HDPE,27.0,2019,0.118755203130265,85536.0,10157.845054950347,75378.15494504965,1.2,1026.432,103.61001956049353,922.8219804395064,10.094192266072524
2022-11-01,2022,11,3960000,73.5,23.4,0.9300000000000002,306900.00000000006,Beverage_Straws_Bottles,ITO_EN_Ltd,PP,28.0,2016,0.21298820049207765,85932.00000000003,18302.50204468522,67629.49795531482,1.2,1031.1840000000004,186.68552085578926,844.4984791442112,18.1039970418266
2022-11-01,2022,11,3960000,73.5,23.4,0.9300000000000002,306900.00000000006,Convenience_Store_Packaging,SI_Jushi_Sangyo,PE_LDPE,45.0,2018,0.1585338977527002,138105.00000000003,21894.323949136662,116210.67605086337,1.2,1657.2600000000004,223.32210428119396,1433.9378957188064,13.475381308979514
2022-11-01,2022,11,3960000,73.5,23.4,0.9300000000000002,306900.00000000006,Agricultural_Films_Bags,Japan_Agri_Coop,PE_HDPE,27.0,2019,0.1218756508789474,82863.00000000001,10098.98205878222,72764.0179412178,1.2,994.3560000000002,103.00961699957864,891.3463830004216,10.359430324710528
2022-12-01,2022,12,3960000,73.5,23.4,0.9200000000000002,303600.00000000006,Beverage_Straws_Bottles,ITO_EN_Ltd,PP,28.0,2016,0.21453723377487807,85008.00000000003,18237.381168734843,66770.6188312652,1.2,1020.0960000000003,186.0212879210954,834.0747120789049,18.23566487086464
2022-12-01,2022,12,3960000,73.5,23.4,0.9200000000000002,303600.00000000006,Convenience_Store_Packaging,SI_Jushi_Sangyo,PE_LDPE,45.0,2018,0.16141407655644885,136620.00000000003,22052.391139142048,114567.60886085799,1.2,1639.4400000000003,224.93438961924892,1414.5056103807515,13.720196507298155
2022-12-01,2022,12,3960000,73.5,23.4,0.9200000000000002,303600.00000000006,Agricultural_Films_Bags,Japan_Agri_Coop,PE_HDPE,27.0,2019,0.125,81972.00000000001,10246.500000000002,71725.50000000001,1.2,983.6640000000002,104.51430000000002,879.1497000000002,10.625
2023-01-01,2023,1,4010000,73.8,23.7,0.9200000000000002,307433.33333333343,Beverage_Straws_Bottles,ITO_EN_Ltd,PP,28.0,2016,0.21603177574772645,86081.33333333337,18596.303298731964,67485.03003460141,1.2,1032.9760000000006,189.68229364706602,843.2937063529346,18.362700938556745
2023-01-01,2023,1,4010000,73.8,23.7,0.9200000000000002,307433.33333333343,Convenience_Store_Packaging,SI_Jushi_Sangyo,PE_LDPE,45.0,2018,0.16425261566837468,138345.00000000006,22723.528114641304,115621.47188535875,1.2,1660.1400000000008,231.77998676934126,1428.3600132306594,13.961472331811844
2023-01-01,2023,1,4010000,73.8,23.7,0.9200000000000002,307433.33333333343,Agricultural_Films_Bags,Japan_Agri_Coop,PE_HDPE,27.0,2019,0.12812434912105258,83007.00000000003,10635.217847491216,72371.78215250881,1.2,996.0840000000004,108.47922204441039,887.60477795559,10.890569675289468
2023-02-01,2023,2,4010000,73.8,23.7,0.9100000000000001,304091.66666666674,Beverage_Straws_Bottles,ITO_EN_Ltd,PP,28.0,2016,0.21747288140925053,85145.6666666667,18516.87346951158,66628.79319715512,1.2,1021.7480000000004,188.87210938901814,832.8758906109822,18.485194919786295
2023-02-01,2023,2,4010000,73.8,23.7,0.9100000000000001,304091.66666666674,Convenience_Store_Packaging,SI_Jushi_Sangyo,PE_LDPE,45.0,2018,0.16704694304204154,136841.25000000003,22858.912494551772,113982.33750544826,1.2,1642.0950000000005,233.1609074444281,1408.9340925555723,14.19899015857353
2023-02-01,2023,2,4010000,73.8,23.7,0.9100000000000001,304091.66666666674,Agricultural_Films_Bags,Japan_Agri_Coop,PE_HDPE,27.0,2019,0.131244796869735,82104.75000000003,10775.82123579038,71328.92876420965,1.2,985.2570000000004,109.91337660506187,875.3436233949385,11.155807733927475
2023-03-01,2023,3,4010000,73.8,23.7,0.9800000000000001,327483.3333333334,Beverage_Straws_Bottles,ITO_EN_Ltd,PP,28.0,2016,0.2188616604531459,91695.33333333336,20068.592909138035,71626.74042419532,1.2,1100.3440000000003,204.69964767320795,895.6443523267924,18.603241138517397
2023-03-01,2023,3,4010000,73.8,23.7,0.9800000000000001,327483.3333333334,Convenience_Store_Packaging,SI_Jushi_Sangyo,PE_LDPE,45.0,2018,0.16979467479384824,147367.50000000003,25022.216737682436,122345.2832623176,1.2,1768.4100000000003,255.22661072436085,1513.1833892756395,14.432547357477102
2023-03-01,2023,3,4010000,73.8,23.7,0.9800000000000001,327483.3333333334,Agricultural_Films_Bags,Japan_Agri_Coop,PE_HDPE,27.0,2019,0.1343574613359374,88420.50000000001,11879.953910054255,76540.54608994575,1.2,1061.0460000000003,121.17552988255339,939.8704701174469,11.420384213554676
2023-04-01,2023,4,4010000,73.8,23.7,1.0200000000000002,340850.0000000001,Beverage_Straws_Bottles,ITO_EN_Ltd,PP,28.0,2016,0.22019926949447058,95438.00000000004,21015.377882013294,74422.62211798676,1.2,1145.2560000000005,214.3568543965356,930.899145603465,18.716937907029997
2023-04-01,2023,4,4010000,73.8,23.7,1.0200000000000002,340850.0000000001,Convenience_Store_Packaging,SI_Jushi_Sangyo,PE_LDPE,45.0,2018,0.17249362028190313,153382.50000000006,26457.502712889018,126924.99728711104,1.2,1840.5900000000008,269.86652767146796,1570.7234723285328,14.661957723961763
2023-04-01,2023,4,4010000,73.8,23.7,1.0200000000000002,340850.0000000001,Agricultural_Films_Bags,Japan_Agri_Coop,PE_HDPE,27.0,2019,0.13745849932811946,92029.50000000004,12650.236963917176,79379.26303608286,1.2,1104.3540000000005,129.0324170319552,975.3215829680453,11.683972442890154
2023-05-01,2023,5,4010000,73.8,23.7,1.0500000000000003,350875.0000000001,Beverage_Straws_Bottles,ITO_EN_Ltd,PP,28.0,2016,0.22148690468005228,98245.00000000004,21759.980950291745,76485.0190497083,1.2,1178.9400000000005,221.95180569297577,956.9881943070247,18.82638689780444
2023-05-01,2023,5,4010000,73.8,23.7,1.0500000000000003,350875.0000000001,Convenience_Store_Packaging,SI_Jushi_Sangyo,PE_LDPE,45.0,2018,0.17514178561849325,157893.75000000006,27653.79331299998,130239.95668700009,1.2,1894.7250000000008,282.0686917925998,1612.656308207401,14.887051777571925
2023-05-01,2023,5,4010000,73.8,23.7,1.0500000000000003,350875.0000000001,Agricultural_Films_Bags,Japan_Agri_Coop,PE_HDPE,27.0,2019,0.14054412522144955,94736.25000000004,13314.623383010556,81421.6266169895,1.2,1136.8350000000005,135.80915850670766,1001.0258414932928,11.94625064382321
2023-06-01,2023,6,4010000,73.8,23.7,1.0800000000000003,360900.0000000001,Beverage_Straws_Bottles,ITO_EN_Ltd,PP,28.0,2016,0.22272579470109677,101052.00000000004,22506.88700613524,78545.11299386481,1.2,1212.6240000000005,229.57024746257943,983.053752537421,18.931692549593222
2023-06-01,2023,6,4010000,73.8,23.7,1.0800000000000003,360900.0000000001,Convenience_Store_Packaging,SI_Jushi_Sangyo,PE_LDPE,45.0,2018,0.17773737565625097,162405.00000000006,28865.43849345345,133539.5615065466,1.2,1948.8600000000008,294.4274726332252,1654.4325273667755,15.107676930781333
2023-06-01,2023,6,4010000,73.8,23.7,1.0800000000000003,360900.0000000001,Agricultural_Films_Bags,Japan_Agri_Coop,PE_HDPE,27.0,2019,0.14361062920291476,97443.00000000004,13993.85054141963,83449.14945858042,1.2,1169.3160000000005,142.73727552248022,1026.5787244775202,12.206903482247755
2023-07-01,2023,7,4010000,73.8,23.7,1.1200000000000003,374266.6666666668,Beverage_Straws_Bottles,ITO_EN_Ltd,PP,28.0,2016,0.22391719422024967,104794.66666666672,23465.327729246335,81329.33893742038,1.2,1257.5360000000005,239.3463428383126,1018.1896571616879,19.032961508721222
2023-07-01,2023,7,4010000,73.8,23.7,1.1200000000000003,374266.6666666668,Convenience_Store_Packaging,SI_Jushi_Sangyo,PE_LDPE,45.0,2018,0.18027879450571577,168420.00000000006,30362.55457065266,138057.4454293474,1.2,2021.0400000000006,309.69805662065716,1711.3419433793435,15.323697532985841
2023-07-01,2023,7,4010000,73.8,23.7,1.1200000000000003,374266.6666666668,Agricultural_Films_Bags,Japan_Agri_Coop,PE_HDPE,27.0,2019,0.1466543947293325,101052.00000000004,14819.719896188515,86232.28010381153,1.2,1212.6240000000005,151.16114294112288,1061.4628570588775,12.465623551993266
2023-08-01,2023,8,4010000,73.8,23.7,1.1000000000000003,367583.33333333343,Beverage_Straws_Bottles,ITO_EN_Ltd,PP,28.0,2016,0.2250623777200787,102923.33333333337,23164.170122876243,79759.16321045713,1.2,1235.0800000000004,236.27453525333766,998.8054647466627,19.13030210620669
2023-08-01,2023,8,4010000,73.8,23.7,1.1000000000000003,367583.33333333343,Convenience_Store_Packaging,SI_Jushi_Sangyo,PE_LDPE,45.0,2018,0.18276464465750122,165412.50000000006,30231.55678440893,135180.94321559113,1.2,1984.9500000000007,308.3618792009711,1676.5881207990296,15.534994795887602
2023-08-01,2023,8,4010000,73.8,23.7,1.1000000000000003,367583.33333333343,Agricultural_Films_Bags,Japan_Agri_Coop,PE_HDPE,27.0,2019,0.14967191502811303,99247.50000000003,14854.563386752652,84392.93661324738,1.2,1190.9700000000005,151.51654654487706,1039.4534534551235,12.722112777389608
2023-09-01,2023,9,4010000,73.8,23.7,1.0100000000000002,337508.33333333343,Beverage_Straws_Bottles,ITO_EN_Ltd,PP,28.0,2016,0.22616263377522264,94502.33333333337,21372.89660457069,73129.43672876268,1.2,1134.0280000000005,218.00354536662107,916.0244546333794,19.223823870893927
2023-09-01,2023,9,4010000,73.8,23.7,1.0100000000000002,337508.33333333343,Convenience_Store_Packaging,SI_Jushi_Sangyo,PE_LDPE,45.0,2018,0.1851937247955385,151878.75000000006,28126.991429790403,123751.75857020965,1.2,1822.5450000000008,286.8953125838621,1535.6496874161387,15.741466607620772
2023-09-01,2023,9,4010000,73.8,23.7,1.0100000000000002,337508.33333333343,Agricultural_Films_Bags,Japan_Agri_Coop,PE_HDPE,27.0,2019,0.1526598084873055,91127.25000000003,13911.468532974815,77215.78146702521,1.2,1093.5270000000003,141.8969790363431,951.6300209636572,12.97608372142097
2023-10-01,2023,10,4010000,73.8,23.7,0.9600000000000001,320800.00000000006,Beverage_Straws_Bottles,ITO_EN_Ltd,PP,28.0,2016,0.22721925974628596,89824.00000000003,20409.742787450396,69414.25721254964,1.2,1077.8880000000004,208.17937643199403,869.7086235680064,19.313637078434304
2023-10-01,2023,10,4010000,73.8,23.7,0.9600000000000001,320800.00000000006,Convenience_Store_Packaging,SI_Jushi_Sangyo,PE_LDPE,45.0,2018,0.18756502639877942,144360.00000000003,27076.8872109278,117283.11278907223,1.2,1732.3200000000004,276.1842495514636,1456.1357504485368,15.943027243896251
2023-10-01,2023,10,4010000,73.8,23.7,0.9600000000000001,320800.00000000006,Agricultural_Films_Bags,Japan_Agri_Coop,PE_HDPE,27.0,2019,0.15561483280046362,86616.00000000001,13478.73435784496,73137.26564215505,1.2,1039.3920000000003,137.4830904500186,901.9089095499817,13.227260788039407
2023-11-01,2023,11,4010000,73.8,23.7,0.9300000000000002,310775.00000000006,Beverage_Straws_Bottles,ITO_EN_Ltd,PP,28.0,2016,0.22823355688993216,87017.00000000003,19860.199419891233,67156.8005801088,1.2,1044.2040000000004,202.57403408289056,841.6299659171099,19.39985233564423
2023-11-01,2023,11,4010000,73.8,23.7,0.9300000000000002,310775.00000000006,Convenience_Store_Packaging,SI_Jushi_Sangyo,PE_LDPE,45.0,2018,0.18987772923727775,139848.75000000003,26554.163086671753,113294.58691332827,1.2,1678.1850000000004,270.8524634840519,1407.3325365159485,16.13960698516861
2023-11-01,2023,11,4010000,73.8,23.7,0.9300000000000002,310775.00000000006,Agricultural_Films_Bags,Japan_Agri_Coop,PE_HDPE,27.0,2019,0.1585338977527002,83909.25000000001,13302.460460005761,70606.78953999425,1.2,1006.9110000000002,135.68509669205875,871.2259033079414,13.475381308979514
2023-12-01,2023,12,4010000,73.8,23.7,0.9200000000000002,307433.33333333343,Beverage_Straws_Bottles,ITO_EN_Ltd,PP,28.0,2016,0.22920682587651942,86081.33333333337,19730.429180551968,66350.90415278141,1.2,1032.9760000000006,201.25037764163005,831.7256223583705,19.482580199504145
2023-12-01,2023,12,4010000,73.8,23.7,0.9200000000000002,307433.33333333343,Convenience_Store_Packaging,SI_Jushi_Sangyo,PE_LDPE,45.0,2018,0.19213119587475438,138345.00000000006,26580.390293292905,111764.60970670715,1.2,1660.1400000000008,271.1199809915876,1389.020019008413,16.33115164935412
2023-12-01,2023,12,4010000,73.8,23.7,0.9200000000000002,307433.33333333343,Agricultural_Films_Bags,Japan_Agri_Coop,PE_HDPE,27.0,2019,0.16141407655644885,83007.00000000003,13398.498252721154,69608.50174727887,1.2,996.0840000000004,136.66468217775576,859.4193178222447,13.720196507298152
2024-01-01,2024,1,4040000,74.0,24.0,0.9200000000000002,309733.33333333343,Beverage_Straws_Bottles,ITO_EN_Ltd,PP,28.0,2016,0.2301403627040054,86725.33333333337,19958.99966895911,66766.33366437427,1.2,1040.7040000000004,203.58179662338293,837.1222033766174,19.56193082984046
2024-01-01,2024,1,4040000,74.0,24.0,0.9200000000000002,309733.33333333343,Convenience_Store_Packaging,SI_Jushi_Sangyo,PE_LDPE,45.0,2018,0.19432496529367277,139380.00000000006,27085.013662632122,112294.98633736794,1.2,1672.5600000000006,276.26713935884766,1396.2928606411529,16.517622049962185
2024-01-01,2024,1,4040000,74.0,24.0,0.9200000000000002,309733.33333333343,Agricultural_Films_Bags,Japan_Agri_Coop,PE_HDPE,27.0,2019,0.16425261566837468,83628.00000000003,13736.117743114843,69891.88225688519,1.2,1003.5360000000004,140.1084009797714,863.427599020229,13.961472331811848
2024-02-01,2024,2,4040000,74.0,24.0,0.9100000000000001,306366.66666666674,Beverage_Straws_Bottles,ITO_EN_Ltd,PP,28.0,2016,0.23103545499468914,85782.6666666667,19818.837423991095,65963.82924267561,1.2,1029.3920000000005,202.15214172470917,827.2398582752913,19.638013674548574
2024-02-01,2024,2,4040000,74.0,24.0,0.9100000000000001,306366.66666666674,Convenience_Store_Packaging,SI_Jushi_Sangyo,PE_LDPE,45.0,2018,0.19645874576063965,137865.00000000003,27084.784984290593,110780.21501570943,1.2,1654.3800000000003,276.26480683976405,1378.1151931602362,16.69899338965437
2024-02-01,2024,2,4040000,74.0,24.0,0.9100000000000001,306366.66666666674,Agricultural_Films_Bags,Japan_Agri_Coop,PE_HDPE,27.0,2019,0.16704694304204154,82719.00000000003,13817.95608149464,68901.04391850538,1.2,992.6280000000004,140.94315203124532,851.6848479687551,14.19899015857353
2024-03-01,2024,3,4040000,74.0,24.0,0.9800000000000001,329933.3333333334,Beverage_Straws_Bottles,ITO_EN_Ltd,PP,28.0,2016,0.23189337865962056,92381.33333333336,21422.6195117473,70958.71382158606,1.2,1108.5760000000002,218.51071901982246,890.0652809801778,19.71093718606775
2024-03-01,2024,3,4040000,74.0,24.0,0.9800000000000001,329933.3333333334,Convenience_Store_Packaging,SI_Jushi_Sangyo,PE_LDPE,45.0,2018,0.19853240704976313,148470.00000000003,29476.106474678338,118993.89352532169,1.2,1781.6400000000003,300.656286041719,1480.9837139582814,16.875254599229862
2024-03-01,2024,3,4040000,74.0,24.0,0.9800000000000001,329933.3333333334,Agricultural_Films_Bags,Japan_Agri_Coop,PE_HDPE,27.0,2019,0.16979467479384824,89082.00000000001,15125.649219985591,73956.35078001443,1.2,1068.9840000000002,154.28162204385305,914.7023779561471,14.432547357477102
2024-04-01,2024,4,4040000,74.0,24.0,1.0200000000000002,343400.0000000001,Beverage_Straws_Bottles,ITO_EN_Ltd,PP,28.0,2016,0.23271539491416332,96152.00000000004,22376.05065178664,73775.9493482134,1.2,1153.8240000000005,228.23571664822373,925.5882833517768,19.780808567703883
2024-04-01,2024,4,4040000,74.0,24.0,1.0200000000000002,343400.0000000001,Convenience_Store_Packaging,SI_Jushi_Sangyo,PE_LDPE,45.0,2018,0.20054597213964542,154530.00000000006,30990.369074739418,123539.63092526064,1.2,1854.3600000000008,316.10176456234205,1538.2582354376586,17.046407631869858
2024-04-01,2024,4,4040000,74.0,24.0,1.0200000000000002,343400.0000000001,Agricultural_Films_Bags,Japan_Agri_Coop,PE_HDPE,27.0,2019,0.17249362028190313,92718.00000000004,15993.263485297502,76724.73651470254,1.2,1112.6160000000004,163.13128755003453,949.4847124499659,14.661957723961768
2024-05-01,2024,5,4040000,74.0,24.0,1.0500000000000003,353500.0000000001,Beverage_Straws_Bottles,ITO_EN_Ltd,PP,28.0,2016,0.2335027476271953,98980.00000000004,23112.1019601398,75867.89803986024,1.2,1187.7600000000004,235.74343999342597,952.0165600065745,19.847733548311602
2024-05-01,2024,5,4040000,74.0,24.0,1.0500000000000003,353500.0000000001,Convenience_Store_Packaging,SI_Jushi_Sangyo,PE_LDPE,45.0,2018,0.20249960849617177,159075.00000000006,32212.625221528535,126862.37477847152,1.2,1908.9000000000008,328.56877725959106,1580.3312227404097,17.2124667221746
2024-05-01,2024,5,4040000,74.0,24.0,1.0500000000000003,353500.0000000001,Agricultural_Films_Bags,Japan_Agri_Coop,PE_HDPE,27.0,2019,0.17514178561849325,95445.00000000004,16716.407728357095,78728.59227164295,1.2,1145.3400000000006,170.50735882924238,974.8326411707583,14.887051777571925
2024-06-01,2024,6,4040000,74.0,24.0,1.0800000000000003,363600.0000000001,Beverage_Straws_Bottles,ITO_EN_Ltd,PP,28.0,2016,0.23425666098575088,101808.00000000004,23849.202141637335,77958.79785836271,1.2,1221.6960000000006,243.2618618447008,978.4341381552998,19.911816183788822
2024-06-01,2024,6,4040000,74.0,24.0,1.0800000000000003,363600.0000000001,Convenience_Store_Packaging,SI_Jushi_Sangyo,PE_LDPE,45.0,2018,0.2043936190484109,163620.00000000006,33442.883948701005,130177.11605129906,1.2,1963.4400000000007,341.11741627675025,1622.3225837232505,17.373457619114927
2024-06-01,2024,6,4040000,74.0,24.0,1.0800000000000003,363600.0000000001,Agricultural_Films_Bags,Japan_Agri_Coop,PE_HDPE,27.0,2019,0.17773737565625097,98172.00000000004,17448.833642925478,80723.16635707457,1.2,1178.0640000000005,177.97810315783988,1000.0858968421607,15.107676930781333
2024-07-01,2024,7,4040000,74.0,24.0,1.1200000000000003,377066.6666666668,Beverage_Straws_Bottles,ITO_EN_Ltd,PP,28.0,2016,0.2349783374564981,105578.66666666672,24808.699564207138,80769.96710245957,1.2,1266.9440000000006,253.04873555491278,1013.8952644450878,19.973158683802335
2024-07-01,2024,7,4040000,74.0,24.0,1.1200000000000003,377066.6666666668,Convenience_Store_Packaging,SI_Jushi_Sangyo,PE_LDPE,45.0,2018,0.20622843295899004,169680.00000000006,34992.84050448144,134687.1594955186,1.2,2036.1600000000008,356.92697314571075,1679.23302685429,17.529416801514156
2024-07-01,2024,7,4040000,74.0,24.0,1.1200000000000003,377066.6666666668,Agricultural_Films_Bags,Japan_Agri_Coop,PE_HDPE,27.0,2019,0.18027879450571577,101808.00000000004,18353.823511037917,83454.17648896213,1.2,1221.6960000000006,187.20899981258677,1034.4870001874137,15.32369753298584
2024-08-01,2024,8,4040000,74.0,24.0,1.1000000000000003,370333.33333333343,Beverage_Straws_Bottles,ITO_EN_Ltd,PP,28.0,2016,0.23566895602528282,103693.33333333337,24437.299613448336,79256.03371988503,1.2,1244.3200000000004,249.26045605717303,995.0595439428273,20.031861262149043
2024-08-01,2024,8,4040000,74.0,24.0,1.1000000000000003,370333.33333333343,Convenience_Store_Packaging,SI_Jushi_Sangyo,PE_LDPE,45.0,2018,0.2080045962834811,166650.00000000006,34663.96597064214,131986.03402935792,1.2,1999.8000000000006,353.5724529005498,1646.227547099451,17.680390684095894
2024-08-01,2024,8,4040000,74.0,24.0,1.1000000000000003,370333.33333333343,Agricultural_Films_Bags,Japan_Agri_Coop,PE_HDPE,27.0,2019,0.18276464465750122,99990.00000000003,18274.636819303552,81715.36318069647,1.2,1199.8800000000003,186.40129555689623,1013.4787044431041,15.534994795887602
2024-09-01,2024,9,4040000,74.0,24.0,1.0100000000000002,340033.33333333343,Beverage_Straws_Bottles,ITO_EN_Ltd,PP,28.0,2016,0.2363296706960148,95209.33333333337,22500.790393853782,72708.5429394796,1.2,1142.5120000000004,229.50806201730856,913.0039379826918,20.088022009161257
2024-09-01,2024,9,4040000,74.0,24.0,1.0100000000000002,340033.33333333343,Convenience_Store_Packaging,SI_Jushi_Sangyo,PE_LDPE,45.0,2018,0.20972276260585368,153015.00000000006,32090.72852013471,120924.27147986535,1.2,1836.1800000000007,327.32543090537405,1508.8545690946266,17.82643482149756
2024-09-01,2024,9,4040000,74.0,24.0,1.0100000000000002,340033.33333333343,Agricultural_Films_Bags,Japan_Agri_Coop,PE_HDPE,27.0,2019,0.1851937247955385,91809.00000000003,17002.450679753598,74806.54932024643,1.2,1101.7080000000003,173.4249969334867,928.2830030665136,15.741466607620772
2024-10-01,2024,10,4040000,74.0,24.0,0.9600000000000001,323200.00000000006,Beverage_Straws_Bottles,ITO_EN_Ltd,PP,28.0,2016,0.23696160923039558,90496.00000000003,21444.077788913884,69051.92221108614,1.2,1085.9520000000005,218.72959344692165,867.2224065530788,20.141736784583625
2024-10-01,2024,10,4040000,74.0,24.0,0.9600000000000001,323200.00000000006,Convenience_Store_Packaging,SI_Jushi_Sangyo,PE_LDPE,45.0,2018,0.2113836837291163,145440.00000000003,30743.642961562684,114696.35703843735,1.2,1745.2800000000004,313.5851582079394,1431.694841792061,17.96761311697489
2024-10-01,2024,10,4040000,74.0,24.0,0.9600000000000001,323200.00000000006,Agricultural_Films_Bags,Japan_Agri_Coop,PE_HDPE,27.0,2019,0.18756502639877942,87264.00000000001,16367.67446366309,70896.32553633692,1.2,1047.1680000000001,166.9502795293635,880.2177204706366,15.943027243896251
2024-11-01,2024,11,4040000,74.0,24.0,0.9300000000000002,313100.00000000006,Beverage_Straws_Bottles,ITO_EN_Ltd,PP,28.0,2016,0.2375658721103608,87668.00000000003,20826.924876171117,66841.07512382891,1.2,1052.0160000000003,212.4346337369454,839.5813662630549,20.193099129380666
2024-11-01,2024,11,4040000,74.0,24.0,0.9300000000000002,313100.00000000006,Convenience_Store_Packaging,SI_Jushi_Sangyo,PE_LDPE,45.0,2018,0.21298820049207765,140895.00000000003,30008.972508331284,110886.02749166875,1.2,1690.7400000000005,306.0915195849791,1384.6484804150214,18.1039970418266
2024-11-01,2024,11,4040000,74.0,24.0,0.9300000000000002,313100.00000000006,Agricultural_Films_Bags,Japan_Agri_Coop,PE_HDPE,27.0,2019,0.18987772923727775,84537.00000000001,16051.693596531752,68485.30640346826,1.2,1014.4440000000002,163.72727468462386,850.7167253153764,16.13960698516861
2024-12-01,2024,12,4040000,74.0,24.0,0.9200000000000002,309733.33333333343,Beverage_Straws_Bottles,ITO_EN_Ltd,PP,28.0,2016,0.23814353170560834,86725.33333333337,20653.077168346128,66072.25616498725,1.2,1040.7040000000004,210.66138711713052,830.0426128828699,20.24220019497671
2024-12-01,2024,12,4040000,74.0,24.0,0.9200000000000002,309733.33333333343,Convenience_Store_Packaging,SI_Jushi_Sangyo,PE_LDPE,45.0,2018,0.21453723377487807,139380.00000000006,29902.199643542517,109477.80035645753,1.2,1672.5600000000006,305.00243636413364,1367.557563635867,18.235664870864635
2024-12-01,2024,12,4040000,74.0,24.0,0.9200000000000002,309733.33333333343,Agricultural_Films_Bags,Japan_Agri_Coop,PE_HDPE,27.0,2019,0.19213119587475438,83628.00000000003,16067.547648613965,67560.45235138606,1.2,1003.5360000000004,163.88898601586243,839.647013984138,16.33115164935412
2025-01-01,2025,1,4070000,74.2,24.2,0.9200000000000002,312033.33333333343,Beverage_Straws_Bottles,ITO_EN_Ltd,PP,28.0,2016,0.23869563162917812,87369.33333333337,20854.678205020216,66514.65512831316,1.2,1048.4320000000005,212.7177176912062,835.7142823087943,20.28912868848014
2025-01-01,2025,1,4070000,74.2,24.2,0.9200000000000002,312033.33333333343,Convenience_Store_Packaging,SI_Jushi_Sangyo,PE_LDPE,45.0,2018,0.21603177574772645,140415.00000000006,30334.10179161702,110080.89820838303,1.2,1684.9800000000007,309.4078382744936,1375.5721617255072,18.36270093855675
2025-01-01,2025,1,4070000,74.2,24.2,0.9200000000000002,312033.33333333343,Agricultural_Films_Bags,Japan_Agri_Coop,PE_HDPE,27.0,2019,0.19432496529367277,84249.00000000003,16371.684001026642,67877.31599897338,1.2,1010.9880000000004,166.99117681047176,843.9968231895286,16.517622049962185
2025-02-01,2025,2,4070000,74.2,24.2,0.9100000000000001,308641.66666666674,Beverage_Straws_Bottles,ITO_EN_Ltd,PP,28.0,2016,0.23922318626472847,86419.6666666667,20673.588015935755,65746.07865073095,1.2,1037.0360000000005,210.87059776254472,826.1654022374557,20.333970832501922
2025-02-01,2025,2,4070000,74.2,24.2,0.9100000000000001,308641.66666666674,Convenience_Store_Packaging,SI_Jushi_Sangyo,PE_LDPE,45.0,2018,0.21747288140925053,138888.75000000003,30204.536657829052,108684.21334217097,1.2,1666.6650000000004,308.08627390985635,1358.578726090144,18.485194919786295
2025-02-01,2025,2,4070000,74.2,24.2,0.9100000000000001,308641.66666666674,Agricultural_Films_Bags,Japan_Agri_Coop,PE_HDPE,27.0,2019,0.19645874576063965,83333.25000000003,16371.54577515783,66961.7042248422,1.2,999.9990000000004,166.98976690660987,833.0092330933905,16.69899338965437
2025-03-01,2025,3,4070000,74.2,24.2,0.9800000000000001,332383.3333333334,Beverage_Straws_Bottles,ITO_EN_Ltd,PP,28.0,2016,0.23972718044988375,93067.33333333336,22310.769411989488,70756.56392134387,1.2,1116.8080000000002,227.56984800229276,889.2381519977075,20.37681033824012
2025-03-01,2025,3,4070000,74.2,24.2,0.9800000000000001,332383.3333333334,Convenience_Store_Packaging,SI_Jushi_Sangyo,PE_LDPE,45.0,2018,0.2188616604531459,149572.50000000003,32735.68570812817,116836.81429187185,1.2,1794.8700000000003,333.90399422290733,1460.966005777093,18.6032411385174
2025-03-01,2025,3,4070000,74.2,24.2,0.9800000000000001,332383.3333333334,Agricultural_Films_Bags,Japan_Agri_Coop,PE_HDPE,27.0,2019,0.19853240704976313,89743.50000000001,17816.99307207042,71926.50692792959,1.2,1076.9220000000003,181.7333293351183,895.188670664882,16.875254599229866
2025-04-01,2025,4,4070000,74.2,24.2,1.0200000000000002,345950.0000000001,Beverage_Straws_Bottles,ITO_EN_Ltd,PP,28.0,2016,0.24020856930080892,96866.00000000004,23268.043273892166,73597.95672610788,1.2,1162.3920000000005,237.3340413937001,925.0579586063004,20.417728390568758
2025-04-01,2025,4,4070000,74.2,24.2,1.0200000000000002,345950.0000000001,Convenience_Store_Packaging,SI_Jushi_Sangyo,PE_LDPE,45.0,2018,0.22019926949447058,155677.50000000006,34280.071776725454,121397.4282232746,1.2,1868.1300000000008,349.65673212259964,1518.4732678774012,18.716937907029997
2025-04-01,2025,4,4070000,74.2,24.2,1.0200000000000002,345950.0000000001,Agricultural_Films_Bags,Japan_Agri_Coop,PE_HDPE,27.0,2019,0.20054597213964542,93406.50000000004,18732.2973466618,74674.20265333824,1.2,1120.8780000000006,191.06943293595035,929.8085670640503,17.046407631869858
2025-05-01,2025,5,4070000,74.2,24.2,1.0500000000000003,356125.0000000001,Beverage_Straws_Bottles,ITO_EN_Ltd,PP,28.0,2016,0.2406682781639676,99715.00000000004,23998.23735712004,75716.76264288,1.2,1196.5800000000006,244.78202104262442,951.7979789573762,20.456803643937246
2025-05-01,2025,5,4070000,74.2,24.2,1.0500000000000003,356125.0000000001,Convenience_Store_Packaging,SI_Jushi_Sangyo,PE_LDPE,45.0,2018,0.22148690468005228,160256.25000000006,35494.66076813264,124761.58923186742,1.2,1923.0750000000007,362.04553983495293,1561.0294601650478,18.826386897804444
2025-05-01,2025,5,4070000,74.2,24.2,1.0500000000000003,356125.0000000001,Agricultural_Films_Bags,Japan_Agri_Coop,PE_HDPE,27.0,2019,0.20249960849617177,96153.75000000004,19471.096730438785,76682.65326956126,1.2,1153.8450000000005,198.60518665047562,955.2398133495249,17.212466722174604
2025-06-01,2025,6,4070000,74.2,24.2,1.0800000000000003,366300.0000000001,Beverage_Straws_Bottles,ITO_EN_Ltd,PP,28.0,2016,0.24110720268184097,102564.00000000004,24728.919135860346,77835.0808641397,1.2,1230.7680000000005,252.23497518577554,978.533024814225,20.49411222795648
2025-06-01,2025,6,4070000,74.2,24.2,1.0800000000000003,366300.0000000001,Convenience_Store_Packaging,SI_Jushi_Sangyo,PE_LDPE,45.0,2018,0.22272579470109677,164835.00000000006,36713.006369555296,128121.99363044476,1.2,1978.0200000000007,374.472664969464,1603.5473350305367,18.931692549593222
2025-06-01,2025,6,4070000,74.2,24.2,1.0800000000000003,366300.0000000001,Agricultural_Films_Bags,Japan_Agri_Coop,PE_HDPE,27.0,2019,0.2043936190484109,98901.00000000004,20214.733317506896,78686.26668249315,1.2,1186.8120000000006,206.19027983857032,980.6217201614303,17.373457619114923
2025-07-01,2025,7,4070000,74.2,24.2,1.1200000000000003,379866.6666666668,Beverage_Straws_Bottles,ITO_EN_Ltd,PP,28.0,2016,0.24152620896020546,106362.66666666672,25689.371654898026,80673.29501176869,1.2,1276.3520000000005,262.0315908799598,1014.3204091200407,20.529727761617462
2025-07-01,2025,7,4070000,74.2,24.2,1.1200000000000003,379866.6666666668,Convenience_Store_Packaging,SI_Jushi_Sangyo,PE_LDPE,45.0,2018,0.22391719422024967,170940.00000000006,38276.40518000949,132663.59481999057,1.2,2051.2800000000007,390.41933283609677,1660.8606671639038,19.03296150872122
2025-07-01,2025,7,4070000,74.2,24.2,1.1200000000000003,379866.6666666668,Agricultural_Films_Bags,Japan_Agri_Coop,PE_HDPE,27.0,2019,0.20622843295899004,102564.00000000004,21151.612998005865,81412.38700199418,1.2,1230.7680000000005,215.74645257965983,1015.0215474203407,17.529416801514156
2025-08-01,2025,8,4070000,74.2,24.2,1.1000000000000003,373083.3333333335,Beverage_Straws_Bottles,ITO_EN_Ltd,PP,28.0,2016,0.24192613382538736,104463.33333333339,25272.41035984606,79190.92297348732,1.2,1253.5600000000006,257.77858567042983,995.7814143295708,20.563721375157925
2025-08-01,2025,8,4070000,74.2,24.2,1.1000000000000003,373083.3333333335,Convenience_Store_Packaging,SI_Jushi_Sangyo,PE_LDPE,45.0,2018,0.2250623777200787,167887.5000000001,37785.15993947973,130102.34006052036,1.2,2014.650000000001,385.4086313826933,1629.2413686173077,19.13030210620669
2025-08-01,2025,8,4070000,74.2,24.2,1.1000000000000003,373083.3333333335,Agricultural_Films_Bags,Japan_Agri_Coop,PE_HDPE,27.0,2019,0.2080045962834811,100732.50000000004,20952.82299512577,79779.67700487428,1.2,1208.7900000000006,213.71879455028287,995.0712054497178,17.680390684095894
2025-09-01,2025,9,4070000,74.2,24.2,1.0100000000000002,342558.33333333343,Beverage_Straws_Bottles,ITO_EN_Ltd,PP,28.0,2016,0.242307785160713,95916.33333333337,23241.274290736677,72675.0590425967,1.2,1150.9960000000005,237.06099776551412,913.9350022344864,20.596161738660605
2025-09-01,2025,9,4070000,74.2,24.2,1.0100000000000002,342558.33333333343,Convenience_Store_Packaging,SI_Jushi_Sangyo,PE_LDPE,45.0,2018,0.22616263377522264,154151.25000000006,34863.2526997428,119287.99730025727,1.2,1849.8150000000007,355.60517753737656,1494.2098224626243,19.223823870893924
2025-09-01,2025,9,4070000,74.2,24.2,1.0100000000000002,342558.33333333343,Agricultural_Films_Bags,Japan_Agri_Coop,PE_HDPE,27.0,2019,0.20972276260585368,92490.75000000003,19397.415605487367,73093.33439451267,1.2,1109.8890000000004,197.85363917597115,912.0353608240292,17.826434821497564
2025-10-01,2025,10,4070000,74.2,24.2,0.9600000000000001,325600.00000000006,Beverage_Straws_Bottles,ITO_EN_Ltd,PP,28.0,2016,0.2426719423121609,91168.00000000003,22123.915636715094,69044.08436328493,1.2,1094.0160000000003,225.66393949449395,868.3520605055064,20.62711509653368
2025-10-01,2025,10,4070000,74.2,24.2,0.9600000000000001,325600.00000000006,Convenience_Store_Packaging,SI_Jushi_Sangyo,PE_LDPE,45.0,2018,0.22721925974628596,146520.00000000003,33292.16593802583,113227.8340619742,1.2,1758.2400000000005,339.5800925678634,1418.659907432137,19.313637078434304
2025-10-01,2025,10,4070000,74.2,24.2,0.9600000000000001,325600.00000000006,Agricultural_Films_Bags,Japan_Agri_Coop,PE_HDPE,27.0,2019,0.2113836837291163,87912.00000000001,18583.162403994076,69328.83759600593,1.2,1054.9440000000002,189.54825652073956,865.3957434792607,17.967613116974885
2025-11-01,2025,11,4070000,74.2,24.2,0.9300000000000002,315425.00000000006,Beverage_Straws_Bottles,ITO_EN_Ltd,PP,28.0,2016,0.2430193565539817,88319.00000000003,21463.22655149112,66855.7734485089,1.2,1059.8280000000004,218.9249108252094,840.903089174791,20.656645307088443
2025-11-01,2025,11,4070000,74.2,24.2,0.9300000000000002,315425.00000000006,Convenience_Store_Packaging,SI_Jushi_Sangyo,PE_LDPE,45.0,2018,0.22823355688993216,141941.25000000003,32395.75635690309,109545.49364309694,1.2,1703.2950000000003,330.4367148404115,1372.8582851595888,19.399852335644237
2025-11-01,2025,11,4070000,74.2,24.2,0.9300000000000002,315425.00000000006,Agricultural_Films_Bags,Japan_Agri_Coop,PE_HDPE,27.0,2019,0.21298820049207765,85164.75000000001,18139.086847857674,67025.66315214234,1.2,1021.9770000000002,185.01868584814827,836.9583141518519,18.1039970418266
2025-12-01,2025,12,4070000,74.2,24.2,0.9200000000000002,312033.33333333343,Beverage_Straws_Bottles,ITO_EN_Ltd,PP,28.0,2016,0.2433507516057835,87369.33333333337,21261.39293396291,66107.94039937046,1.2,1048.4320000000005,216.8662079264217,831.5657920735788,20.6848138864916
2025-12-01,2025,12,4070000,74.2,24.2,0.9200000000000002,312033.33333333343,Convenience_Store_Packaging,SI_Jushi_Sangyo,PE_LDPE,45.0,2018,0.22920682587651942,140415.00000000006,32184.076455451486,108230.92354454857,1.2,1684.9800000000007,328.2775798456052,1356.7024201543954,19.482580199504152
2025-12-01,2025,12,4070000,74.2,24.2,0.9200000000000002,312033.33333333343,Agricultural_Films_Bags,Japan_Agri_Coop,PE_HDPE,27.0,2019,0.21453723377487807,84249.00000000003,18074.54740829971,66174.45259170032,1.2,1010.9880000000004,184.36038356465704,826.6276164353434,18.23566487086464
