Date,Year,Month,National_Virgin_Tonnes,National_Recycled_Tonnes,Per_Capita_Consumption_Kg,Packaging_Share_Percent,Province,Province_Code,Province_Consumption_Share,Recycling_Efficiency_Multiplier,Municipal_Uncollected_Waste_Pct,Provincial_Virgin_Tonnes,Provincial_Recycled_Tonnes
2010-01-01,2010,1,103399.99999999997,18878.33333333333,25.8,52.1,Gauteng,GP,0.35,1.1,22.0,36189.999999999985,7268.158333333331
2010-01-01,2010,1,103399.99999999997,18878.33333333333,25.8,52.1,KwaZulu-Natal,KZN,0.18,0.95,32.0,18611.999999999993,3228.194999999999
2010-01-01,2010,1,103399.99999999997,18878.33333333333,25.8,52.1,Western Cape,WC,0.15,1.25,18.0,15509.999999999995,3539.687499999999
2010-01-01,2010,1,103399.99999999997,18878.33333333333,25.8,52.1,Eastern Cape,EC,0.08,0.9,38.0,8271.999999999998,1359.2399999999996
2010-01-01,2010,1,103399.99999999997,18878.33333333333,25.8,52.1,Mpumalanga,MP,0.06,0.85,41.0,6203.999999999998,962.7949999999996
2010-01-01,2010,1,103399.99999999997,18878.33333333333,25.8,52.1,Limpopo,LP,0.06,0.6,52.0,6203.999999999998,679.6199999999998
2010-01-01,2010,1,103399.99999999997,18878.33333333333,25.8,52.1,Free State,FS,0.05,0.8,39.0,5169.999999999999,755.1333333333332
2010-01-01,2010,1,103399.99999999997,18878.33333333333,25.8,52.1,North West,NW,0.05,0.75,44.0,5169.999999999999,707.9374999999999
2010-01-01,2010,1,103399.99999999997,18878.33333333333,25.8,52.1,Northern Cape,NC,0.02,0.7,35.0,2067.9999999999995,264.29666666666657
2010-02-01,2010,2,102299.99999999999,18677.499999999996,25.8,52.1,Gauteng,GP,0.35,1.1,22.0,35804.99999999999,7190.837499999999
2010-02-01,2010,2,102299.99999999999,18677.499999999996,25.8,52.1,KwaZulu-Natal,KZN,0.18,0.95,32.0,18413.999999999996,3193.852499999999
2010-02-01,2010,2,102299.99999999999,18677.499999999996,25.8,52.1,Western Cape,WC,0.15,1.25,18.0,15344.999999999996,3502.0312499999995
2010-02-01,2010,2,102299.99999999999,18677.499999999996,25.8,52.1,Eastern Cape,EC,0.08,0.9,38.0,8183.999999999999,1344.78
2010-02-01,2010,2,102299.99999999999,18677.499999999996,25.8,52.1,Mpumalanga,MP,0.06,0.85,41.0,6137.999999999999,952.5524999999997
2010-02-01,2010,2,102299.99999999999,18677.499999999996,25.8,52.1,Limpopo,LP,0.06,0.6,52.0,6137.999999999999,672.3899999999998
2010-02-01,2010,2,102299.99999999999,18677.499999999996,25.8,52.1,Free State,FS,0.05,0.8,39.0,5115.0,747.0999999999999
2010-02-01,2010,2,102299.99999999999,18677.499999999996,25.8,52.1,North West,NW,0.05,0.75,44.0,5115.0,700.4062499999999
2010-02-01,2010,2,102299.99999999999,18677.499999999996,25.8,52.1,Northern Cape,NC,0.02,0.7,35.0,2045.9999999999998,261.48499999999996
2010-03-01,2010,3,107799.99999999997,19681.66666666666,25.8,52.1,Gauteng,GP,0.35,1.1,22.0,37729.999999999985,7577.441666666665
2010-03-01,2010,3,107799.99999999997,19681.66666666666,25.8,52.1,KwaZulu-Natal,KZN,0.18,0.95,32.0,19403.999999999993,3365.5649999999987
2010-03-01,2010,3,107799.99999999997,19681.66666666666,25.8,52.1,Western Cape,WC,0.15,1.25,18.0,16169.999999999995,3690.312499999999
2010-03-01,2010,3,107799.99999999997,19681.66666666666,25.8,52.1,Eastern Cape,EC,0.08,0.9,38.0,8623.999999999998,1417.0799999999997
2010-03-01,2010,3,107799.99999999997,19681.66666666666,25.8,52.1,Mpumalanga,MP,0.06,0.85,41.0,6467.999999999998,1003.7649999999996
2010-03-01,2010,3,107799.99999999997,19681.66666666666,25.8,52.1,Limpopo,LP,0.06,0.6,52.0,6467.999999999998,708.5399999999997
2010-03-01,2010,3,107799.99999999997,19681.66666666666,25.8,52.1,Free State,FS,0.05,0.8,39.0,5389.999999999999,787.2666666666664
2010-03-01,2010,3,107799.99999999997,19681.66666666666,25.8,52.1,North West,NW,0.05,0.75,44.0,5389.999999999999,738.0624999999998
2010-03-01,2010,3,107799.99999999997,19681.66666666666,25.8,52.1,Northern Cape,NC,0.02,0.7,35.0,2155.9999999999995,275.54333333333324
2010-04-01,2010,4,106699.99999999997,19480.83333333333,25.8,52.1,Gauteng,GP,0.35,1.1,22.0,37344.999999999985,7500.120833333332
2010-04-01,2010,4,106699.99999999997,19480.83333333333,25.8,52.1,KwaZulu-Natal,KZN,0.18,0.95,32.0,19205.999999999993,3331.222499999999
2010-04-01,2010,4,106699.99999999997,19480.83333333333,25.8,52.1,Western Cape,WC,0.15,1.25,18.0,16004.999999999995,3652.656249999999
2010-04-01,2010,4,106699.99999999997,19480.83333333333,25.8,52.1,Eastern Cape,EC,0.08,0.9,38.0,8535.999999999998,1402.6199999999997
2010-04-01,2010,4,106699.99999999997,19480.83333333333,25.8,52.1,Mpumalanga,MP,0.06,0.85,41.0,6401.999999999998,993.5224999999997
2010-04-01,2010,4,106699.99999999997,19480.83333333333,25.8,52.1,Limpopo,LP,0.06,0.6,52.0,6401.999999999998,701.3099999999998
2010-04-01,2010,4,106699.99999999997,19480.83333333333,25.8,52.1,Free State,FS,0.05,0.8,39.0,5334.999999999999,779.2333333333332
2010-04-01,2010,4,106699.99999999997,19480.83333333333,25.8,52.1,North West,NW,0.05,0.75,44.0,5334.999999999999,730.5312499999999
2010-04-01,2010,4,106699.99999999997,19480.83333333333,25.8,52.1,Northern Cape,NC,0.02,0.7,35.0,2133.9999999999995,272.73166666666657
2010-05-01,2010,5,108899.99999999997,19882.499999999993,25.8,52.1,Gauteng,GP,0.35,1.1,22.0,38114.999999999985,7654.762499999998
2010-05-01,2010,5,108899.99999999997,19882.499999999993,25.8,52.1,KwaZulu-Natal,KZN,0.18,0.95,32.0,19601.999999999993,3399.9074999999984
2010-05-01,2010,5,108899.99999999997,19882.499999999993,25.8,52.1,Western Cape,WC,0.15,1.25,18.0,16334.999999999995,3727.968749999998
2010-05-01,2010,5,108899.99999999997,19882.499999999993,25.8,52.1,Eastern Cape,EC,0.08,0.9,38.0,8711.999999999998,1431.5399999999995
2010-05-01,2010,5,108899.99999999997,19882.499999999993,25.8,52.1,Mpumalanga,MP,0.06,0.85,41.0,6533.999999999998,1014.0074999999996
2010-05-01,2010,5,108899.99999999997,19882.499999999993,25.8,52.1,Limpopo,LP,0.06,0.6,52.0,6533.999999999998,715.7699999999998
2010-05-01,2010,5,108899.99999999997,19882.499999999993,25.8,52.1,Free State,FS,0.05,0.8,39.0,5444.999999999999,795.2999999999997
2010-05-01,2010,5,108899.99999999997,19882.499999999993,25.8,52.1,North West,NW,0.05,0.75,44.0,5444.999999999999,745.5937499999998
2010-05-01,2010,5,108899.99999999997,19882.499999999993,25.8,52.1,Northern Cape,NC,0.02,0.7,35.0,2177.9999999999995,278.3549999999999
2010-06-01,2010,6,107799.99999999997,19681.66666666666,25.8,52.1,Gauteng,GP,0.35,1.1,22.0,37729.999999999985,7577.441666666665
2010-06-01,2010,6,107799.99999999997,19681.66666666666,25.8,52.1,KwaZulu-Natal,KZN,0.18,0.95,32.0,19403.999999999993,3365.5649999999987
2010-06-01,2010,6,107799.99999999997,19681.66666666666,25.8,52.1,Western Cape,WC,0.15,1.25,18.0,16169.999999999995,3690.312499999999
2010-06-01,2010,6,107799.99999999997,19681.66666666666,25.8,52.1,Eastern Cape,EC,0.08,0.9,38.0,8623.999999999998,1417.0799999999997
2010-06-01,2010,6,107799.99999999997,19681.66666666666,25.8,52.1,Mpumalanga,MP,0.06,0.85,41.0,6467.999999999998,1003.7649999999996
2010-06-01,2010,6,107799.99999999997,19681.66666666666,25.8,52.1,Limpopo,LP,0.06,0.6,52.0,6467.999999999998,708.5399999999997
2010-06-01,2010,6,107799.99999999997,19681.66666666666,25.8,52.1,Free State,FS,0.05,0.8,39.0,5389.999999999999,787.2666666666664
2010-06-01,2010,6,107799.99999999997,19681.66666666666,25.8,52.1,North West,NW,0.05,0.75,44.0,5389.999999999999,738.0624999999998
2010-06-01,2010,6,107799.99999999997,19681.66666666666,25.8,52.1,Northern Cape,NC,0.02,0.7,35.0,2155.9999999999995,275.54333333333324
2010-07-01,2010,7,108899.99999999997,19882.499999999993,25.8,52.1,Gauteng,GP,0.35,1.1,22.0,38114.999999999985,7654.762499999998
2010-07-01,2010,7,108899.99999999997,19882.499999999993,25.8,52.1,KwaZulu-Natal,KZN,0.18,0.95,32.0,19601.999999999993,3399.9074999999984
2010-07-01,2010,7,108899.99999999997,19882.499999999993,25.8,52.1,Western Cape,WC,0.15,1.25,18.0,16334.999999999995,3727.968749999998
2010-07-01,2010,7,108899.99999999997,19882.499999999993,25.8,52.1,Eastern Cape,EC,0.08,0.9,38.0,8711.999999999998,1431.5399999999995
2010-07-01,2010,7,108899.99999999997,19882.499999999993,25.8,52.1,Mpumalanga,MP,0.06,0.85,41.0,6533.999999999998,1014.0074999999996
2010-07-01,2010,7,108899.99999999997,19882.499999999993,25.8,52.1,Limpopo,LP,0.06,0.6,52.0,6533.999999999998,715.7699999999998
2010-07-01,2010,7,108899.99999999997,19882.499999999993,25.8,52.1,Free State,FS,0.05,0.8,39.0,5444.999999999999,795.2999999999997
2010-07-01,2010,7,108899.99999999997,19882.499999999993,25.8,52.1,North West,NW,0.05,0.75,44.0,5444.999999999999,745.5937499999998
2010-07-01,2010,7,108899.99999999997,19882.499999999993,25.8,52.1,Northern Cape,NC,0.02,0.7,35.0,2177.9999999999995,278.3549999999999
2010-08-01,2010,8,111099.99999999997,20284.16666666666,25.8,52.1,Gauteng,GP,0.35,1.1,22.0,38884.999999999985,7809.404166666665
2010-08-01,2010,8,111099.99999999997,20284.16666666666,25.8,52.1,KwaZulu-Natal,KZN,0.18,0.95,32.0,19997.999999999993,3468.592499999999
2010-08-01,2010,8,111099.99999999997,20284.16666666666,25.8,52.1,Western Cape,WC,0.15,1.25,18.0,16664.999999999996,3803.281249999999
2010-08-01,2010,8,111099.99999999997,20284.16666666666,25.8,52.1,Eastern Cape,EC,0.08,0.9,38.0,8887.999999999998,1460.4599999999996
2010-08-01,2010,8,111099.99999999997,20284.16666666666,25.8,52.1,Mpumalanga,MP,0.06,0.85,41.0,6665.999999999998,1034.4924999999996
2010-08-01,2010,8,111099.99999999997,20284.16666666666,25.8,52.1,Limpopo,LP,0.06,0.6,52.0,6665.999999999998,730.2299999999997
2010-08-01,2010,8,111099.99999999997,20284.16666666666,25.8,52.1,Free State,FS,0.05,0.8,39.0,5554.999999999999,811.3666666666664
2010-08-01,2010,8,111099.99999999997,20284.16666666666,25.8,52.1,North West,NW,0.05,0.75,44.0,5554.999999999999,760.6562499999998
2010-08-01,2010,8,111099.99999999997,20284.16666666666,25.8,52.1,Northern Cape,NC,0.02,0.7,35.0,2221.9999999999995,283.97833333333324
2010-09-01,2010,9,112199.99999999997,20484.999999999996,25.8,52.1,Gauteng,GP,0.35,1.1,22.0,39269.999999999985,7886.7249999999985
2010-09-01,2010,9,112199.99999999997,20484.999999999996,25.8,52.1,KwaZulu-Natal,KZN,0.18,0.95,32.0,20195.999999999993,3502.934999999999
2010-09-01,2010,9,112199.99999999997,20484.999999999996,25.8,52.1,Western Cape,WC,0.15,1.25,18.0,16829.999999999996,3840.9374999999995
2010-09-01,2010,9,112199.99999999997,20484.999999999996,25.8,52.1,Eastern Cape,EC,0.08,0.9,38.0,8975.999999999998,1474.9199999999998
2010-09-01,2010,9,112199.99999999997,20484.999999999996,25.8,52.1,Mpumalanga,MP,0.06,0.85,41.0,6731.999999999998,1044.7349999999997
2010-09-01,2010,9,112199.99999999997,20484.999999999996,25.8,52.1,Limpopo,LP,0.06,0.6,52.0,6731.999999999998,737.4599999999998
2010-09-01,2010,9,112199.99999999997,20484.999999999996,25.8,52.1,Free State,FS,0.05,0.8,39.0,5609.999999999999,819.3999999999999
2010-09-01,2010,9,112199.99999999997,20484.999999999996,25.8,52.1,North West,NW,0.05,0.75,44.0,5609.999999999999,768.1874999999998
2010-09-01,2010,9,112199.99999999997,20484.999999999996,25.8,52.1,Northern Cape,NC,0.02,0.7,35.0,2243.9999999999995,286.7899999999999
2010-10-01,2010,10,114399.99999999999,20886.66666666666,25.8,52.1,Gauteng,GP,0.35,1.1,22.0,40039.99999999999,8041.366666666664
2010-10-01,2010,10,114399.99999999999,20886.66666666666,25.8,52.1,KwaZulu-Natal,KZN,0.18,0.95,32.0,20591.999999999996,3571.6199999999985
2010-10-01,2010,10,114399.99999999999,20886.66666666666,25.8,52.1,Western Cape,WC,0.15,1.25,18.0,17159.999999999996,3916.249999999999
2010-10-01,2010,10,114399.99999999999,20886.66666666666,25.8,52.1,Eastern Cape,EC,0.08,0.9,38.0,9151.999999999998,1503.8399999999997
2010-10-01,2010,10,114399.99999999999,20886.66666666666,25.8,52.1,Mpumalanga,MP,0.06,0.85,41.0,6863.999999999999,1065.2199999999996
2010-10-01,2010,10,114399.99999999999,20886.66666666666,25.8,52.1,Limpopo,LP,0.06,0.6,52.0,6863.999999999999,751.9199999999997
2010-10-01,2010,10,114399.99999999999,20886.66666666666,25.8,52.1,Free State,FS,0.05,0.8,39.0,5720.0,835.4666666666665
2010-10-01,2010,10,114399.99999999999,20886.66666666666,25.8,52.1,North West,NW,0.05,0.75,44.0,5720.0,783.2499999999998
2010-10-01,2010,10,114399.99999999999,20886.66666666666,25.8,52.1,Northern Cape,NC,0.02,0.7,35.0,2287.9999999999995,292.41333333333324
2010-11-01,2010,11,118799.99999999999,21689.999999999996,25.8,52.1,Gauteng,GP,0.35,1.1,22.0,41579.99999999999,8350.649999999998
2010-11-01,2010,11,118799.99999999999,21689.999999999996,25.8,52.1,KwaZulu-Natal,KZN,0.18,0.95,32.0,21383.999999999996,3708.9899999999993
2010-11-01,2010,11,118799.99999999999,21689.999999999996,25.8,52.1,Western Cape,WC,0.15,1.25,18.0,17819.999999999996,4066.8749999999995
2010-11-01,2010,11,118799.99999999999,21689.999999999996,25.8,52.1,Eastern Cape,EC,0.08,0.9,38.0,9503.999999999998,1561.6799999999998
2010-11-01,2010,11,118799.99999999999,21689.999999999996,25.8,52.1,Mpumalanga,MP,0.06,0.85,41.0,7127.999999999999,1106.1899999999996
2010-11-01,2010,11,118799.99999999999,21689.999999999996,25.8,52.1,Limpopo,LP,0.06,0.6,52.0,7127.999999999999,780.8399999999998
2010-11-01,2010,11,118799.99999999999,21689.999999999996,25.8,52.1,Free State,FS,0.05,0.8,39.0,5940.0,867.5999999999999
2010-11-01,2010,11,118799.99999999999,21689.999999999996,25.8,52.1,North West,NW,0.05,0.75,44.0,5940.0,813.3749999999998
2010-11-01,2010,11,118799.99999999999,21689.999999999996,25.8,52.1,Northern Cape,NC,0.02,0.7,35.0,2375.9999999999995,303.65999999999997
2010-12-01,2010,12,117699.99999999999,21489.16666666666,25.8,52.1,Gauteng,GP,0.35,1.1,22.0,41194.99999999999,8273.329166666665
2010-12-01,2010,12,117699.99999999999,21489.16666666666,25.8,52.1,KwaZulu-Natal,KZN,0.18,0.95,32.0,21185.999999999996,3674.6474999999987
2010-12-01,2010,12,117699.99999999999,21489.16666666666,25.8,52.1,Western Cape,WC,0.15,1.25,18.0,17654.999999999996,4029.218749999999
2010-12-01,2010,12,117699.99999999999,21489.16666666666,25.8,52.1,Eastern Cape,EC,0.08,0.9,38.0,9415.999999999998,1547.2199999999998
2010-12-01,2010,12,117699.99999999999,21489.16666666666,25.8,52.1,Mpumalanga,MP,0.06,0.85,41.0,7061.999999999999,1095.9474999999998
2010-12-01,2010,12,117699.99999999999,21489.16666666666,25.8,52.1,Limpopo,LP,0.06,0.6,52.0,7061.999999999999,773.6099999999998
2010-12-01,2010,12,117699.99999999999,21489.16666666666,25.8,52.1,Free State,FS,0.05,0.8,39.0,5885.0,859.5666666666665
2010-12-01,2010,12,117699.99999999999,21489.16666666666,25.8,52.1,North West,NW,0.05,0.75,44.0,5885.0,805.8437499999998
2010-12-01,2010,12,117699.99999999999,21489.16666666666,25.8,52.1,Northern Cape,NC,0.02,0.7,35.0,2353.9999999999995,300.84833333333324
2011-01-01,2011,1,105749.99999999997,20053.333333333325,26.1,52.5,Gauteng,GP,0.35,1.1,22.0,37012.499999999985,7720.53333333333
2011-01-01,2011,1,105749.99999999997,20053.333333333325,26.1,52.5,KwaZulu-Natal,KZN,0.18,0.95,32.0,19034.999999999993,3429.1199999999985
2011-01-01,2011,1,105749.99999999997,20053.333333333325,26.1,52.5,Western Cape,WC,0.15,1.25,18.0,15862.499999999995,3759.999999999998
2011-01-01,2011,1,105749.99999999997,20053.333333333325,26.1,52.5,Eastern Cape,EC,0.08,0.9,38.0,8459.999999999998,1443.8399999999995
2011-01-01,2011,1,105749.99999999997,20053.333333333325,26.1,52.5,Mpumalanga,MP,0.06,0.85,41.0,6344.999999999998,1022.7199999999995
2011-01-01,2011,1,105749.99999999997,20053.333333333325,26.1,52.5,Limpopo,LP,0.06,0.6,52.0,6344.999999999998,721.9199999999996
2011-01-01,2011,1,105749.99999999997,20053.333333333325,26.1,52.5,Free State,FS,0.05,0.8,39.0,5287.499999999999,802.1333333333331
2011-01-01,2011,1,105749.99999999997,20053.333333333325,26.1,52.5,North West,NW,0.05,0.75,44.0,5287.499999999999,751.9999999999998
2011-01-01,2011,1,105749.99999999997,20053.333333333325,26.1,52.5,Northern Cape,NC,0.02,0.7,35.0,2114.9999999999995,280.7466666666665
2011-02-01,2011,2,104624.99999999999,19839.999999999996,26.1,52.5,Gauteng,GP,0.35,1.1,22.0,36618.74999999999,7638.399999999999
2011-02-01,2011,2,104624.99999999999,19839.999999999996,26.1,52.5,KwaZulu-Natal,KZN,0.18,0.95,32.0,18832.499999999996,3392.6399999999994
2011-02-01,2011,2,104624.99999999999,19839.999999999996,26.1,52.5,Western Cape,WC,0.15,1.25,18.0,15693.749999999996,3719.9999999999995
2011-02-01,2011,2,104624.99999999999,19839.999999999996,26.1,52.5,Eastern Cape,EC,0.08,0.9,38.0,8369.999999999998,1428.4799999999998
2011-02-01,2011,2,104624.99999999999,19839.999999999996,26.1,52.5,Mpumalanga,MP,0.06,0.85,41.0,6277.499999999999,1011.8399999999997
2011-02-01,2011,2,104624.99999999999,19839.999999999996,26.1,52.5,Limpopo,LP,0.06,0.6,52.0,6277.499999999999,714.2399999999998
2011-02-01,2011,2,104624.99999999999,19839.999999999996,26.1,52.5,Free State,FS,0.05,0.8,39.0,5231.25,793.5999999999999
2011-02-01,2011,2,104624.99999999999,19839.999999999996,26.1,52.5,North West,NW,0.05,0.75,44.0,5231.25,743.9999999999999
2011-02-01,2011,2,104624.99999999999,19839.999999999996,26.1,52.5,Northern Cape,NC,0.02,0.7,35.0,2092.4999999999995,277.75999999999993
2011-03-01,2011,3,110249.99999999997,20906.66666666666,26.1,52.5,Gauteng,GP,0.35,1.1,22.0,38587.499999999985,8049.066666666664
2011-03-01,2011,3,110249.99999999997,20906.66666666666,26.1,52.5,KwaZulu-Natal,KZN,0.18,0.95,32.0,19844.999999999993,3575.0399999999986
2011-03-01,2011,3,110249.99999999997,20906.66666666666,26.1,52.5,Western Cape,WC,0.15,1.25,18.0,16537.499999999996,3919.999999999999
2011-03-01,2011,3,110249.99999999997,20906.66666666666,26.1,52.5,Eastern Cape,EC,0.08,0.9,38.0,8819.999999999998,1505.2799999999995
2011-03-01,2011,3,110249.99999999997,20906.66666666666,26.1,52.5,Mpumalanga,MP,0.06,0.85,41.0,6614.999999999998,1066.2399999999996
2011-03-01,2011,3,110249.99999999997,20906.66666666666,26.1,52.5,Limpopo,LP,0.06,0.6,52.0,6614.999999999998,752.6399999999998
2011-03-01,2011,3,110249.99999999997,20906.66666666666,26.1,52.5,Free State,FS,0.05,0.8,39.0,5512.499999999999,836.2666666666664
2011-03-01,2011,3,110249.99999999997,20906.66666666666,26.1,52.5,North West,NW,0.05,0.75,44.0,5512.499999999999,783.9999999999998
2011-03-01,2011,3,110249.99999999997,20906.66666666666,26.1,52.5,Northern Cape,NC,0.02,0.7,35.0,2204.9999999999995,292.6933333333332
2011-04-01,2011,4,109124.99999999997,20693.33333333333,26.1,52.5,Gauteng,GP,0.35,1.1,22.0,38193.749999999985,7966.933333333332
2011-04-01,2011,4,109124.99999999997,20693.33333333333,26.1,52.5,KwaZulu-Natal,KZN,0.18,0.95,32.0,19642.499999999993,3538.5599999999986
2011-04-01,2011,4,109124.99999999997,20693.33333333333,26.1,52.5,Western Cape,WC,0.15,1.25,18.0,16368.749999999995,3879.999999999999
2011-04-01,2011,4,109124.99999999997,20693.33333333333,26.1,52.5,Eastern Cape,EC,0.08,0.9,38.0,8729.999999999998,1489.9199999999996
2011-04-01,2011,4,109124.99999999997,20693.33333333333,26.1,52.5,Mpumalanga,MP,0.06,0.85,41.0,6547.499999999998,1055.3599999999997
2011-04-01,2011,4,109124.99999999997,20693.33333333333,26.1,52.5,Limpopo,LP,0.06,0.6,52.0,6547.499999999998,744.9599999999998
2011-04-01,2011,4,109124.99999999997,20693.33333333333,26.1,52.5,Free State,FS,0.05,0.8,39.0,5456.249999999999,827.7333333333332
2011-04-01,2011,4,109124.99999999997,20693.33333333333,26.1,52.5,North West,NW,0.05,0.75,44.0,5456.249999999999,775.9999999999999
2011-04-01,2011,4,109124.99999999997,20693.33333333333,26.1,52.5,Northern Cape,NC,0.02,0.7,35.0,2182.4999999999995,289.7066666666666
2011-05-01,2011,5,111374.99999999997,21119.999999999993,26.1,52.5,Gauteng,GP,0.35,1.1,22.0,38981.249999999985,8131.199999999998
2011-05-01,2011,5,111374.99999999997,21119.999999999993,26.1,52.5,KwaZulu-Natal,KZN,0.18,0.95,32.0,20047.499999999993,3611.5199999999986
2011-05-01,2011,5,111374.99999999997,21119.999999999993,26.1,52.5,Western Cape,WC,0.15,1.25,18.0,16706.249999999996,3959.999999999998
2011-05-01,2011,5,111374.99999999997,21119.999999999993,26.1,52.5,Eastern Cape,EC,0.08,0.9,38.0,8909.999999999998,1520.6399999999996
2011-05-01,2011,5,111374.99999999997,21119.999999999993,26.1,52.5,Mpumalanga,MP,0.06,0.85,41.0,6682.499999999998,1077.1199999999997
2011-05-01,2011,5,111374.99999999997,21119.999999999993,26.1,52.5,Limpopo,LP,0.06,0.6,52.0,6682.499999999998,760.3199999999997
2011-05-01,2011,5,111374.99999999997,21119.999999999993,26.1,52.5,Free State,FS,0.05,0.8,39.0,5568.749999999999,844.7999999999998
2011-05-01,2011,5,111374.99999999997,21119.999999999993,26.1,52.5,North West,NW,0.05,0.75,44.0,5568.749999999999,791.9999999999998
2011-05-01,2011,5,111374.99999999997,21119.999999999993,26.1,52.5,Northern Cape,NC,0.02,0.7,35.0,2227.4999999999995,295.6799999999999
2011-06-01,2011,6,110249.99999999997,20906.66666666666,26.1,52.5,Gauteng,GP,0.35,1.1,22.0,38587.499999999985,8049.066666666664
2011-06-01,2011,6,110249.99999999997,20906.66666666666,26.1,52.5,KwaZulu-Natal,KZN,0.18,0.95,32.0,19844.999999999993,3575.0399999999986
2011-06-01,2011,6,110249.99999999997,20906.66666666666,26.1,52.5,Western Cape,WC,0.15,1.25,18.0,16537.499999999996,3919.999999999999
2011-06-01,2011,6,110249.99999999997,20906.66666666666,26.1,52.5,Eastern Cape,EC,0.08,0.9,38.0,8819.999999999998,1505.2799999999995
2011-06-01,2011,6,110249.99999999997,20906.66666666666,26.1,52.5,Mpumalanga,MP,0.06,0.85,41.0,6614.999999999998,1066.2399999999996
2011-06-01,2011,6,110249.99999999997,20906.66666666666,26.1,52.5,Limpopo,LP,0.06,0.6,52.0,6614.999999999998,752.6399999999998
2011-06-01,2011,6,110249.99999999997,20906.66666666666,26.1,52.5,Free State,FS,0.05,0.8,39.0,5512.499999999999,836.2666666666664
2011-06-01,2011,6,110249.99999999997,20906.66666666666,26.1,52.5,North West,NW,0.05,0.75,44.0,5512.499999999999,783.9999999999998
2011-06-01,2011,6,110249.99999999997,20906.66666666666,26.1,52.5,Northern Cape,NC,0.02,0.7,35.0,2204.9999999999995,292.6933333333332
2011-07-01,2011,7,111374.99999999997,21119.999999999993,26.1,52.5,Gauteng,GP,0.35,1.1,22.0,38981.249999999985,8131.199999999998
2011-07-01,2011,7,111374.99999999997,21119.999999999993,26.1,52.5,KwaZulu-Natal,KZN,0.18,0.95,32.0,20047.499999999993,3611.5199999999986
2011-07-01,2011,7,111374.99999999997,21119.999999999993,26.1,52.5,Western Cape,WC,0.15,1.25,18.0,16706.249999999996,3959.999999999998
2011-07-01,2011,7,111374.99999999997,21119.999999999993,26.1,52.5,Eastern Cape,EC,0.08,0.9,38.0,8909.999999999998,1520.6399999999996
2011-07-01,2011,7,111374.99999999997,21119.999999999993,26.1,52.5,Mpumalanga,MP,0.06,0.85,41.0,6682.499999999998,1077.1199999999997
2011-07-01,2011,7,111374.99999999997,21119.999999999993,26.1,52.5,Limpopo,LP,0.06,0.6,52.0,6682.499999999998,760.3199999999997
2011-07-01,2011,7,111374.99999999997,21119.999999999993,26.1,52.5,Free State,FS,0.05,0.8,39.0,5568.749999999999,844.7999999999998
2011-07-01,2011,7,111374.99999999997,21119.999999999993,26.1,52.5,North West,NW,0.05,0.75,44.0,5568.749999999999,791.9999999999998
2011-07-01,2011,7,111374.99999999997,21119.999999999993,26.1,52.5,Northern Cape,NC,0.02,0.7,35.0,2227.4999999999995,295.6799999999999
2011-08-01,2011,8,113624.99999999997,21546.66666666666,26.1,52.5,Gauteng,GP,0.35,1.1,22.0,39768.749999999985,8295.466666666664
2011-08-01,2011,8,113624.99999999997,21546.66666666666,26.1,52.5,KwaZulu-Natal,KZN,0.18,0.95,32.0,20452.499999999993,3684.4799999999987
2011-08-01,2011,8,113624.99999999997,21546.66666666666,26.1,52.5,Western Cape,WC,0.15,1.25,18.0,17043.749999999996,4039.999999999999
2011-08-01,2011,8,113624.99999999997,21546.66666666666,26.1,52.5,Eastern Cape,EC,0.08,0.9,38.0,9089.999999999998,1551.3599999999997
2011-08-01,2011,8,113624.99999999997,21546.66666666666,26.1,52.5,Mpumalanga,MP,0.06,0.85,41.0,6817.499999999998,1098.8799999999997
2011-08-01,2011,8,113624.99999999997,21546.66666666666,26.1,52.5,Limpopo,LP,0.06,0.6,52.0,6817.499999999998,775.6799999999997
2011-08-01,2011,8,113624.99999999997,21546.66666666666,26.1,52.5,Free State,FS,0.05,0.8,39.0,5681.249999999999,861.8666666666664
2011-08-01,2011,8,113624.99999999997,21546.66666666666,26.1,52.5,North West,NW,0.05,0.75,44.0,5681.249999999999,807.9999999999998
2011-08-01,2011,8,113624.99999999997,21546.66666666666,26.1,52.5,Northern Cape,NC,0.02,0.7,35.0,2272.4999999999995,301.65333333333325
2011-09-01,2011,9,114749.99999999997,21759.999999999993,26.1,52.5,Gauteng,GP,0.35,1.1,22.0,40162.499999999985,8377.599999999999
2011-09-01,2011,9,114749.99999999997,21759.999999999993,26.1,52.5,KwaZulu-Natal,KZN,0.18,0.95,32.0,20654.999999999993,3720.959999999998
2011-09-01,2011,9,114749.99999999997,21759.999999999993,26.1,52.5,Western Cape,WC,0.15,1.25,18.0,17212.499999999996,4079.999999999998
2011-09-01,2011,9,114749.99999999997,21759.999999999993,26.1,52.5,Eastern Cape,EC,0.08,0.9,38.0,9179.999999999998,1566.7199999999996
2011-09-01,2011,9,114749.99999999997,21759.999999999993,26.1,52.5,Mpumalanga,MP,0.06,0.85,41.0,6884.999999999998,1109.7599999999995
2011-09-01,2011,9,114749.99999999997,21759.999999999993,26.1,52.5,Limpopo,LP,0.06,0.6,52.0,6884.999999999998,783.3599999999997
2011-09-01,2011,9,114749.99999999997,21759.999999999993,26.1,52.5,Free State,FS,0.05,0.8,39.0,5737.499999999999,870.3999999999999
2011-09-01,2011,9,114749.99999999997,21759.999999999993,26.1,52.5,North West,NW,0.05,0.75,44.0,5737.499999999999,815.9999999999998
2011-09-01,2011,9,114749.99999999997,21759.999999999993,26.1,52.5,Northern Cape,NC,0.02,0.7,35.0,2294.9999999999995,304.6399999999999
2011-10-01,2011,10,116999.99999999999,22186.66666666666,26.1,52.5,Gauteng,GP,0.35,1.1,22.0,40949.99999999999,8541.866666666663
2011-10-01,2011,10,116999.99999999999,22186.66666666666,26.1,52.5,KwaZulu-Natal,KZN,0.18,0.95,32.0,21059.999999999996,3793.9199999999983
2011-10-01,2011,10,116999.99999999999,22186.66666666666,26.1,52.5,Western Cape,WC,0.15,1.25,18.0,17549.999999999996,4159.999999999999
2011-10-01,2011,10,116999.99999999999,22186.66666666666,26.1,52.5,Eastern Cape,EC,0.08,0.9,38.0,9359.999999999998,1597.4399999999996
2011-10-01,2011,10,116999.99999999999,22186.66666666666,26.1,52.5,Mpumalanga,MP,0.06,0.85,41.0,7019.999999999999,1131.5199999999995
2011-10-01,2011,10,116999.99999999999,22186.66666666666,26.1,52.5,Limpopo,LP,0.06,0.6,52.0,7019.999999999999,798.7199999999997
2011-10-01,2011,10,116999.99999999999,22186.66666666666,26.1,52.5,Free State,FS,0.05,0.8,39.0,5850.0,887.4666666666665
2011-10-01,2011,10,116999.99999999999,22186.66666666666,26.1,52.5,North West,NW,0.05,0.75,44.0,5850.0,831.9999999999998
2011-10-01,2011,10,116999.99999999999,22186.66666666666,26.1,52.5,Northern Cape,NC,0.02,0.7,35.0,2339.9999999999995,310.61333333333323
2011-11-01,2011,11,121499.99999999999,23039.999999999996,26.1,52.5,Gauteng,GP,0.35,1.1,22.0,42524.99999999999,8870.399999999998
2011-11-01,2011,11,121499.99999999999,23039.999999999996,26.1,52.5,KwaZulu-Natal,KZN,0.18,0.95,32.0,21869.999999999996,3939.839999999999
2011-11-01,2011,11,121499.99999999999,23039.999999999996,26.1,52.5,Western Cape,WC,0.15,1.25,18.0,18224.999999999996,4319.999999999999
2011-11-01,2011,11,121499.99999999999,23039.999999999996,26.1,52.5,Eastern Cape,EC,0.08,0.9,38.0,9719.999999999998,1658.8799999999999
2011-11-01,2011,11,121499.99999999999,23039.999999999996,26.1,52.5,Mpumalanga,MP,0.06,0.85,41.0,7289.999999999999,1175.0399999999997
2011-11-01,2011,11,121499.99999999999,23039.999999999996,26.1,52.5,Limpopo,LP,0.06,0.6,52.0,7289.999999999999,829.4399999999997
2011-11-01,2011,11,121499.99999999999,23039.999999999996,26.1,52.5,Free State,FS,0.05,0.8,39.0,6075.0,921.5999999999999
2011-11-01,2011,11,121499.99999999999,23039.999999999996,26.1,52.5,North West,NW,0.05,0.75,44.0,6075.0,863.9999999999998
2011-11-01,2011,11,121499.99999999999,23039.999999999996,26.1,52.5,Northern Cape,NC,0.02,0.7,35.0,2429.9999999999995,322.55999999999995
2011-12-01,2011,12,120374.99999999999,22826.66666666666,26.1,52.5,Gauteng,GP,0.35,1.1,22.0,42131.24999999999,8788.266666666665
2011-12-01,2011,12,120374.99999999999,22826.66666666666,26.1,52.5,KwaZulu-Natal,KZN,0.18,0.95,32.0,21667.499999999996,3903.3599999999983
2011-12-01,2011,12,120374.99999999999,22826.66666666666,26.1,52.5,Western Cape,WC,0.15,1.25,18.0,18056.249999999996,4279.999999999999
2011-12-01,2011,12,120374.99999999999,22826.66666666666,26.1,52.5,Eastern Cape,EC,0.08,0.9,38.0,9629.999999999998,1643.5199999999998
2011-12-01,2011,12,120374.99999999999,22826.66666666666,26.1,52.5,Mpumalanga,MP,0.06,0.85,41.0,7222.499999999999,1164.1599999999996
2011-12-01,2011,12,120374.99999999999,22826.66666666666,26.1,52.5,Limpopo,LP,0.06,0.6,52.0,7222.499999999999,821.7599999999998
2011-12-01,2011,12,120374.99999999999,22826.66666666666,26.1,52.5,Free State,FS,0.05,0.8,39.0,6018.75,913.0666666666665
2011-12-01,2011,12,120374.99999999999,22826.66666666666,26.1,52.5,North West,NW,0.05,0.75,44.0,6018.75,855.9999999999998
2011-12-01,2011,12,120374.99999999999,22826.66666666666,26.1,52.5,Northern Cape,NC,0.02,0.7,35.0,2407.4999999999995,319.57333333333327
2012-01-01,2012,1,108099.99999999997,20993.333333333325,26.4,53.0,Gauteng,GP,0.35,1.1,22.0,37834.999999999985,8082.433333333331
2012-01-01,2012,1,108099.99999999997,20993.333333333325,26.4,53.0,KwaZulu-Natal,KZN,0.18,0.95,32.0,19457.999999999993,3589.8599999999983
2012-01-01,2012,1,108099.99999999997,20993.333333333325,26.4,53.0,Western Cape,WC,0.15,1.25,18.0,16214.999999999995,3936.249999999998
2012-01-01,2012,1,108099.99999999997,20993.333333333325,26.4,53.0,Eastern Cape,EC,0.08,0.9,38.0,8647.999999999998,1511.5199999999995
2012-01-01,2012,1,108099.99999999997,20993.333333333325,26.4,53.0,Mpumalanga,MP,0.06,0.85,41.0,6485.999999999998,1070.6599999999994
2012-01-01,2012,1,108099.99999999997,20993.333333333325,26.4,53.0,Limpopo,LP,0.06,0.6,52.0,6485.999999999998,755.7599999999996
2012-01-01,2012,1,108099.99999999997,20993.333333333325,26.4,53.0,Free State,FS,0.05,0.8,39.0,5404.999999999999,839.7333333333331
2012-01-01,2012,1,108099.99999999997,20993.333333333325,26.4,53.0,North West,NW,0.05,0.75,44.0,5404.999999999999,787.2499999999998
2012-01-01,2012,1,108099.99999999997,20993.333333333325,26.4,53.0,Northern Cape,NC,0.02,0.7,35.0,2161.9999999999995,293.9066666666665
2012-02-01,2012,2,106949.99999999999,20769.999999999996,26.4,53.0,Gauteng,GP,0.35,1.1,22.0,37432.49999999999,7996.449999999999
2012-02-01,2012,2,106949.99999999999,20769.999999999996,26.4,53.0,KwaZulu-Natal,KZN,0.18,0.95,32.0,19250.999999999996,3551.6699999999987
2012-02-01,2012,2,106949.99999999999,20769.999999999996,26.4,53.0,Western Cape,WC,0.15,1.25,18.0,16042.499999999996,3894.3749999999995
2012-02-01,2012,2,106949.99999999999,20769.999999999996,26.4,53.0,Eastern Cape,EC,0.08,0.9,38.0,8555.999999999998,1495.4399999999998
2012-02-01,2012,2,106949.99999999999,20769.999999999996,26.4,53.0,Mpumalanga,MP,0.06,0.85,41.0,6416.999999999999,1059.2699999999998
2012-02-01,2012,2,106949.99999999999,20769.999999999996,26.4,53.0,Limpopo,LP,0.06,0.6,52.0,6416.999999999999,747.7199999999999
2012-02-01,2012,2,106949.99999999999,20769.999999999996,26.4,53.0,Free State,FS,0.05,0.8,39.0,5347.5,830.7999999999998
2012-02-01,2012,2,106949.99999999999,20769.999999999996,26.4,53.0,North West,NW,0.05,0.75,44.0,5347.5,778.8749999999998
2012-02-01,2012,2,106949.99999999999,20769.999999999996,26.4,53.0,Northern Cape,NC,0.02,0.7,35.0,2138.9999999999995,290.7799999999999
2012-03-01,2012,3,112699.99999999997,21886.66666666666,26.4,53.0,Gauteng,GP,0.35,1.1,22.0,39444.999999999985,8426.366666666663
2012-03-01,2012,3,112699.99999999997,21886.66666666666,26.4,53.0,KwaZulu-Natal,KZN,0.18,0.95,32.0,20285.999999999993,3742.6199999999985
2012-03-01,2012,3,112699.99999999997,21886.66666666666,26.4,53.0,Western Cape,WC,0.15,1.25,18.0,16904.999999999996,4103.749999999999
2012-03-01,2012,3,112699.99999999997,21886.66666666666,26.4,53.0,Eastern Cape,EC,0.08,0.9,38.0,9015.999999999998,1575.8399999999997
2012-03-01,2012,3,112699.99999999997,21886.66666666666,26.4,53.0,Mpumalanga,MP,0.06,0.85,41.0,6761.999999999998,1116.2199999999996
2012-03-01,2012,3,112699.99999999997,21886.66666666666,26.4,53.0,Limpopo,LP,0.06,0.6,52.0,6761.999999999998,787.9199999999997
2012-03-01,2012,3,112699.99999999997,21886.66666666666,26.4,53.0,Free State,FS,0.05,0.8,39.0,5634.999999999999,875.4666666666665
2012-03-01,2012,3,112699.99999999997,21886.66666666666,26.4,53.0,North West,NW,0.05,0.75,44.0,5634.999999999999,820.7499999999998
2012-03-01,2012,3,112699.99999999997,21886.66666666666,26.4,53.0,Northern Cape,NC,0.02,0.7,35.0,2253.9999999999995,306.41333333333324
2012-04-01,2012,4,111549.99999999997,21663.333333333325,26.4,53.0,Gauteng,GP,0.35,1.1,22.0,39042.499999999985,8340.38333333333
2012-04-01,2012,4,111549.99999999997,21663.333333333325,26.4,53.0,KwaZulu-Natal,KZN,0.18,0.95,32.0,20078.999999999993,3704.429999999998
2012-04-01,2012,4,111549.99999999997,21663.333333333325,26.4,53.0,Western Cape,WC,0.15,1.25,18.0,16732.499999999996,4061.874999999998
2012-04-01,2012,4,111549.99999999997,21663.333333333325,26.4,53.0,Eastern Cape,EC,0.08,0.9,38.0,8923.999999999998,1559.7599999999993
2012-04-01,2012,4,111549.99999999997,21663.333333333325,26.4,53.0,Mpumalanga,MP,0.06,0.85,41.0,6692.999999999998,1104.8299999999995
2012-04-01,2012,4,111549.99999999997,21663.333333333325,26.4,53.0,Limpopo,LP,0.06,0.6,52.0,6692.999999999998,779.8799999999997
2012-04-01,2012,4,111549.99999999997,21663.333333333325,26.4,53.0,Free State,FS,0.05,0.8,39.0,5577.499999999999,866.5333333333331
2012-04-01,2012,4,111549.99999999997,21663.333333333325,26.4,53.0,North West,NW,0.05,0.75,44.0,5577.499999999999,812.3749999999998
2012-04-01,2012,4,111549.99999999997,21663.333333333325,26.4,53.0,Northern Cape,NC,0.02,0.7,35.0,2230.9999999999995,303.2866666666665
2012-05-01,2012,5,113849.99999999997,22109.999999999993,26.4,53.0,Gauteng,GP,0.35,1.1,22.0,39847.499999999985,8512.349999999999
2012-05-01,2012,5,113849.99999999997,22109.999999999993,26.4,53.0,KwaZulu-Natal,KZN,0.18,0.95,32.0,20492.999999999993,3780.809999999998
2012-05-01,2012,5,113849.99999999997,22109.999999999993,26.4,53.0,Western Cape,WC,0.15,1.25,18.0,17077.499999999996,4145.624999999998
2012-05-01,2012,5,113849.99999999997,22109.999999999993,26.4,53.0,Eastern Cape,EC,0.08,0.9,38.0,9107.999999999998,1591.9199999999996
2012-05-01,2012,5,113849.99999999997,22109.999999999993,26.4,53.0,Mpumalanga,MP,0.06,0.85,41.0,6830.999999999998,1127.6099999999994
2012-05-01,2012,5,113849.99999999997,22109.999999999993,26.4,53.0,Limpopo,LP,0.06,0.6,52.0,6830.999999999998,795.9599999999997
2012-05-01,2012,5,113849.99999999997,22109.999999999993,26.4,53.0,Free State,FS,0.05,0.8,39.0,5692.499999999999,884.3999999999999
2012-05-01,2012,5,113849.99999999997,22109.999999999993,26.4,53.0,North West,NW,0.05,0.75,44.0,5692.499999999999,829.1249999999998
2012-05-01,2012,5,113849.99999999997,22109.999999999993,26.4,53.0,Northern Cape,NC,0.02,0.7,35.0,2276.9999999999995,309.5399999999999
2012-06-01,2012,6,112699.99999999997,21886.66666666666,26.4,53.0,Gauteng,GP,0.35,1.1,22.0,39444.999999999985,8426.366666666663
2012-06-01,2012,6,112699.99999999997,21886.66666666666,26.4,53.0,KwaZulu-Natal,KZN,0.18,0.95,32.0,20285.999999999993,3742.6199999999985
2012-06-01,2012,6,112699.99999999997,21886.66666666666,26.4,53.0,Western Cape,WC,0.15,1.25,18.0,16904.999999999996,4103.749999999999
2012-06-01,2012,6,112699.99999999997,21886.66666666666,26.4,53.0,Eastern Cape,EC,0.08,0.9,38.0,9015.999999999998,1575.8399999999997
2012-06-01,2012,6,112699.99999999997,21886.66666666666,26.4,53.0,Mpumalanga,MP,0.06,0.85,41.0,6761.999999999998,1116.2199999999996
2012-06-01,2012,6,112699.99999999997,21886.66666666666,26.4,53.0,Limpopo,LP,0.06,0.6,52.0,6761.999999999998,787.9199999999997
2012-06-01,2012,6,112699.99999999997,21886.66666666666,26.4,53.0,Free State,FS,0.05,0.8,39.0,5634.999999999999,875.4666666666665
2012-06-01,2012,6,112699.99999999997,21886.66666666666,26.4,53.0,North West,NW,0.05,0.75,44.0,5634.999999999999,820.7499999999998
2012-06-01,2012,6,112699.99999999997,21886.66666666666,26.4,53.0,Northern Cape,NC,0.02,0.7,35.0,2253.9999999999995,306.41333333333324
2012-07-01,2012,7,113849.99999999997,22109.999999999993,26.4,53.0,Gauteng,GP,0.35,1.1,22.0,39847.499999999985,8512.349999999999
2012-07-01,2012,7,113849.99999999997,22109.999999999993,26.4,53.0,KwaZulu-Natal,KZN,0.18,0.95,32.0,20492.999999999993,3780.809999999998
2012-07-01,2012,7,113849.99999999997,22109.999999999993,26.4,53.0,Western Cape,WC,0.15,1.25,18.0,17077.499999999996,4145.624999999998
2012-07-01,2012,7,113849.99999999997,22109.999999999993,26.4,53.0,Eastern Cape,EC,0.08,0.9,38.0,9107.999999999998,1591.9199999999996
2012-07-01,2012,7,113849.99999999997,22109.999999999993,26.4,53.0,Mpumalanga,MP,0.06,0.85,41.0,6830.999999999998,1127.6099999999994
2012-07-01,2012,7,113849.99999999997,22109.999999999993,26.4,53.0,Limpopo,LP,0.06,0.6,52.0,6830.999999999998,795.9599999999997
2012-07-01,2012,7,113849.99999999997,22109.999999999993,26.4,53.0,Free State,FS,0.05,0.8,39.0,5692.499999999999,884.3999999999999
2012-07-01,2012,7,113849.99999999997,22109.999999999993,26.4,53.0,North West,NW,0.05,0.75,44.0,5692.499999999999,829.1249999999998
2012-07-01,2012,7,113849.99999999997,22109.999999999993,26.4,53.0,Northern Cape,NC,0.02,0.7,35.0,2276.9999999999995,309.5399999999999
2012-08-01,2012,8,116149.99999999997,22556.66666666666,26.4,53.0,Gauteng,GP,0.35,1.1,22.0,40652.499999999985,8684.316666666664
2012-08-01,2012,8,116149.99999999997,22556.66666666666,26.4,53.0,KwaZulu-Natal,KZN,0.18,0.95,32.0,20906.999999999993,3857.1899999999987
2012-08-01,2012,8,116149.99999999997,22556.66666666666,26.4,53.0,Western Cape,WC,0.15,1.25,18.0,17422.499999999996,4229.374999999999
2012-08-01,2012,8,116149.99999999997,22556.66666666666,26.4,53.0,Eastern Cape,EC,0.08,0.9,38.0,9291.999999999998,1624.0799999999997
2012-08-01,2012,8,116149.99999999997,22556.66666666666,26.4,53.0,Mpumalanga,MP,0.06,0.85,41.0,6968.999999999998,1150.3899999999996
2012-08-01,2012,8,116149.99999999997,22556.66666666666,26.4,53.0,Limpopo,LP,0.06,0.6,52.0,6968.999999999998,812.0399999999997
2012-08-01,2012,8,116149.99999999997,22556.66666666666,26.4,53.0,Free State,FS,0.05,0.8,39.0,5807.499999999999,902.2666666666664
2012-08-01,2012,8,116149.99999999997,22556.66666666666,26.4,53.0,North West,NW,0.05,0.75,44.0,5807.499999999999,845.8749999999998
2012-08-01,2012,8,116149.99999999997,22556.66666666666,26.4,53.0,Northern Cape,NC,0.02,0.7,35.0,2322.9999999999995,315.79333333333324
2012-09-01,2012,9,117299.99999999997,22779.999999999993,26.4,53.0,Gauteng,GP,0.35,1.1,22.0,41054.999999999985,8770.299999999997
2012-09-01,2012,9,117299.99999999997,22779.999999999993,26.4,53.0,KwaZulu-Natal,KZN,0.18,0.95,32.0,21113.999999999993,3895.3799999999987
2012-09-01,2012,9,117299.99999999997,22779.999999999993,26.4,53.0,Western Cape,WC,0.15,1.25,18.0,17594.999999999996,4271.249999999998
2012-09-01,2012,9,117299.99999999997,22779.999999999993,26.4,53.0,Eastern Cape,EC,0.08,0.9,38.0,9383.999999999998,1640.1599999999994
2012-09-01,2012,9,117299.99999999997,22779.999999999993,26.4,53.0,Mpumalanga,MP,0.06,0.85,41.0,7037.999999999998,1161.7799999999995
2012-09-01,2012,9,117299.99999999997,22779.999999999993,26.4,53.0,Limpopo,LP,0.06,0.6,52.0,7037.999999999998,820.0799999999997
2012-09-01,2012,9,117299.99999999997,22779.999999999993,26.4,53.0,Free State,FS,0.05,0.8,39.0,5864.999999999999,911.1999999999998
2012-09-01,2012,9,117299.99999999997,22779.999999999993,26.4,53.0,North West,NW,0.05,0.75,44.0,5864.999999999999,854.2499999999998
2012-09-01,2012,9,117299.99999999997,22779.999999999993,26.4,53.0,Northern Cape,NC,0.02,0.7,35.0,2345.9999999999995,318.9199999999999
2012-10-01,2012,10,119599.99999999999,23226.66666666666,26.4,53.0,Gauteng,GP,0.35,1.1,22.0,41859.99999999999,8942.266666666665
2012-10-01,2012,10,119599.99999999999,23226.66666666666,26.4,53.0,KwaZulu-Natal,KZN,0.18,0.95,32.0,21527.999999999996,3971.7599999999984
2012-10-01,2012,10,119599.99999999999,23226.66666666666,26.4,53.0,Western Cape,WC,0.15,1.25,18.0,17939.999999999996,4354.999999999999
2012-10-01,2012,10,119599.99999999999,23226.66666666666,26.4,53.0,Eastern Cape,EC,0.08,0.9,38.0,9567.999999999998,1672.3199999999997
2012-10-01,2012,10,119599.99999999999,23226.66666666666,26.4,53.0,Mpumalanga,MP,0.06,0.85,41.0,7175.999999999999,1184.5599999999997
2012-10-01,2012,10,119599.99999999999,23226.66666666666,26.4,53.0,Limpopo,LP,0.06,0.6,52.0,7175.999999999999,836.1599999999997
2012-10-01,2012,10,119599.99999999999,23226.66666666666,26.4,53.0,Free State,FS,0.05,0.8,39.0,5980.0,929.0666666666665
2012-10-01,2012,10,119599.99999999999,23226.66666666666,26.4,53.0,North West,NW,0.05,0.75,44.0,5980.0,870.9999999999998
2012-10-01,2012,10,119599.99999999999,23226.66666666666,26.4,53.0,Northern Cape,NC,0.02,0.7,35.0,2391.9999999999995,325.17333333333323
2012-11-01,2012,11,124199.99999999999,24119.999999999996,26.4,53.0,Gauteng,GP,0.35,1.1,22.0,43469.99999999999,9286.199999999999
2012-11-01,2012,11,124199.99999999999,24119.999999999996,26.4,53.0,KwaZulu-Natal,KZN,0.18,0.95,32.0,22355.999999999996,4124.5199999999995
2012-11-01,2012,11,124199.99999999999,24119.999999999996,26.4,53.0,Western Cape,WC,0.15,1.25,18.0,18629.999999999996,4522.499999999999
2012-11-01,2012,11,124199.99999999999,24119.999999999996,26.4,53.0,Eastern Cape,EC,0.08,0.9,38.0,9935.999999999998,1736.6399999999996
2012-11-01,2012,11,124199.99999999999,24119.999999999996,26.4,53.0,Mpumalanga,MP,0.06,0.85,41.0,7451.999999999999,1230.12
2012-11-01,2012,11,124199.99999999999,24119.999999999996,26.4,53.0,Limpopo,LP,0.06,0.6,52.0,7451.999999999999,868.3199999999998
2012-11-01,2012,11,124199.99999999999,24119.999999999996,26.4,53.0,Free State,FS,0.05,0.8,39.0,6210.0,964.7999999999998
2012-11-01,2012,11,124199.99999999999,24119.999999999996,26.4,53.0,North West,NW,0.05,0.75,44.0,6210.0,904.4999999999998
2012-11-01,2012,11,124199.99999999999,24119.999999999996,26.4,53.0,Northern Cape,NC,0.02,0.7,35.0,2483.9999999999995,337.67999999999995
2012-12-01,2012,12,123049.99999999999,23896.66666666666,26.4,53.0,Gauteng,GP,0.35,1.1,22.0,43067.49999999999,9200.216666666664
2012-12-01,2012,12,123049.99999999999,23896.66666666666,26.4,53.0,KwaZulu-Natal,KZN,0.18,0.95,32.0,22148.999999999996,4086.3299999999986
2012-12-01,2012,12,123049.99999999999,23896.66666666666,26.4,53.0,Western Cape,WC,0.15,1.25,18.0,18457.499999999996,4480.624999999999
2012-12-01,2012,12,123049.99999999999,23896.66666666666,26.4,53.0,Eastern Cape,EC,0.08,0.9,38.0,9843.999999999998,1720.5599999999997
2012-12-01,2012,12,123049.99999999999,23896.66666666666,26.4,53.0,Mpumalanga,MP,0.06,0.85,41.0,7382.999999999999,1218.7299999999996
2012-12-01,2012,12,123049.99999999999,23896.66666666666,26.4,53.0,Limpopo,LP,0.06,0.6,52.0,7382.999999999999,860.2799999999996
2012-12-01,2012,12,123049.99999999999,23896.66666666666,26.4,53.0,Free State,FS,0.05,0.8,39.0,6152.5,955.8666666666664
2012-12-01,2012,12,123049.99999999999,23896.66666666666,26.4,53.0,North West,NW,0.05,0.75,44.0,6152.5,896.1249999999998
2012-12-01,2012,12,123049.99999999999,23896.66666666666,26.4,53.0,Northern Cape,NC,0.02,0.7,35.0,2460.9999999999995,334.5533333333332
2013-01-01,2013,1,110449.99999999997,22324.999999999993,26.8,52.8,Gauteng,GP,0.35,1.1,22.0,38657.499999999985,8595.124999999998
2013-01-01,2013,1,110449.99999999997,22324.999999999993,26.8,52.8,KwaZulu-Natal,KZN,0.18,0.95,32.0,19880.999999999993,3817.5749999999985
2013-01-01,2013,1,110449.99999999997,22324.999999999993,26.8,52.8,Western Cape,WC,0.15,1.25,18.0,16567.499999999996,4185.937499999998
2013-01-01,2013,1,110449.99999999997,22324.999999999993,26.8,52.8,Eastern Cape,EC,0.08,0.9,38.0,8835.999999999998,1607.3999999999996
2013-01-01,2013,1,110449.99999999997,22324.999999999993,26.8,52.8,Mpumalanga,MP,0.06,0.85,41.0,6626.999999999998,1138.5749999999996
2013-01-01,2013,1,110449.99999999997,22324.999999999993,26.8,52.8,Limpopo,LP,0.06,0.6,52.0,6626.999999999998,803.6999999999997
2013-01-01,2013,1,110449.99999999997,22324.999999999993,26.8,52.8,Free State,FS,0.05,0.8,39.0,5522.499999999999,892.9999999999999
2013-01-01,2013,1,110449.99999999997,22324.999999999993,26.8,52.8,North West,NW,0.05,0.75,44.0,5522.499999999999,837.1874999999998
2013-01-01,2013,1,110449.99999999997,22324.999999999993,26.8,52.8,Northern Cape,NC,0.02,0.7,35.0,2208.9999999999995,312.5499999999999
2013-02-01,2013,2,109274.99999999999,22087.499999999996,26.8,52.8,Gauteng,GP,0.35,1.1,22.0,38246.24999999999,8503.687499999998
2013-02-01,2013,2,109274.99999999999,22087.499999999996,26.8,52.8,KwaZulu-Natal,KZN,0.18,0.95,32.0,19669.499999999996,3776.962499999999
2013-02-01,2013,2,109274.99999999999,22087.499999999996,26.8,52.8,Western Cape,WC,0.15,1.25,18.0,16391.249999999996,4141.406249999999
2013-02-01,2013,2,109274.99999999999,22087.499999999996,26.8,52.8,Eastern Cape,EC,0.08,0.9,38.0,8741.999999999998,1590.2999999999997
2013-02-01,2013,2,109274.99999999999,22087.499999999996,26.8,52.8,Mpumalanga,MP,0.06,0.85,41.0,6556.499999999999,1126.4624999999999
2013-02-01,2013,2,109274.99999999999,22087.499999999996,26.8,52.8,Limpopo,LP,0.06,0.6,52.0,6556.499999999999,795.1499999999999
2013-02-01,2013,2,109274.99999999999,22087.499999999996,26.8,52.8,Free State,FS,0.05,0.8,39.0,5463.75,883.4999999999999
2013-02-01,2013,2,109274.99999999999,22087.499999999996,26.8,52.8,North West,NW,0.05,0.75,44.0,5463.75,828.2812499999998
2013-02-01,2013,2,109274.99999999999,22087.499999999996,26.8,52.8,Northern Cape,NC,0.02,0.7,35.0,2185.4999999999995,309.22499999999997
2013-03-01,2013,3,115149.99999999997,23274.999999999993,26.8,52.8,Gauteng,GP,0.35,1.1,22.0,40302.499999999985,8960.874999999998
2013-03-01,2013,3,115149.99999999997,23274.999999999993,26.8,52.8,KwaZulu-Natal,KZN,0.18,0.95,32.0,20726.999999999993,3980.0249999999983
2013-03-01,2013,3,115149.99999999997,23274.999999999993,26.8,52.8,Western Cape,WC,0.15,1.25,18.0,17272.499999999996,4364.062499999998
2013-03-01,2013,3,115149.99999999997,23274.999999999993,26.8,52.8,Eastern Cape,EC,0.08,0.9,38.0,9211.999999999998,1675.7999999999997
2013-03-01,2013,3,115149.99999999997,23274.999999999993,26.8,52.8,Mpumalanga,MP,0.06,0.85,41.0,6908.999999999998,1187.0249999999996
2013-03-01,2013,3,115149.99999999997,23274.999999999993,26.8,52.8,Limpopo,LP,0.06,0.6,52.0,6908.999999999998,837.8999999999997
2013-03-01,2013,3,115149.99999999997,23274.999999999993,26.8,52.8,Free State,FS,0.05,0.8,39.0,5757.499999999999,930.9999999999999
2013-03-01,2013,3,115149.99999999997,23274.999999999993,26.8,52.8,North West,NW,0.05,0.75,44.0,5757.499999999999,872.8124999999998
2013-03-01,2013,3,115149.99999999997,23274.999999999993,26.8,52.8,Northern Cape,NC,0.02,0.7,35.0,2302.9999999999995,325.8499999999999
2013-04-01,2013,4,113974.99999999997,23037.499999999993,26.8,52.8,Gauteng,GP,0.35,1.1,22.0,39891.249999999985,8869.437499999998
2013-04-01,2013,4,113974.99999999997,23037.499999999993,26.8,52.8,KwaZulu-Natal,KZN,0.18,0.95,32.0,20515.499999999993,3939.412499999998
2013-04-01,2013,4,113974.99999999997,23037.499999999993,26.8,52.8,Western Cape,WC,0.15,1.25,18.0,17096.249999999996,4319.531249999998
2013-04-01,2013,4,113974.99999999997,23037.499999999993,26.8,52.8,Eastern Cape,EC,0.08,0.9,38.0,9117.999999999998,1658.6999999999996
2013-04-01,2013,4,113974.99999999997,23037.499999999993,26.8,52.8,Mpumalanga,MP,0.06,0.85,41.0,6838.499999999998,1174.9124999999997
2013-04-01,2013,4,113974.99999999997,23037.499999999993,26.8,52.8,Limpopo,LP,0.06,0.6,52.0,6838.499999999998,829.3499999999997
2013-04-01,2013,4,113974.99999999997,23037.499999999993,26.8,52.8,Free State,FS,0.05,0.8,39.0,5698.749999999999,921.4999999999999
2013-04-01,2013,4,113974.99999999997,23037.499999999993,26.8,52.8,North West,NW,0.05,0.75,44.0,5698.749999999999,863.9062499999998
2013-04-01,2013,4,113974.99999999997,23037.499999999993,26.8,52.8,Northern Cape,NC,0.02,0.7,35.0,2279.4999999999995,322.5249999999999
2013-05-01,2013,5,116324.99999999997,23512.499999999993,26.8,52.8,Gauteng,GP,0.35,1.1,22.0,40713.749999999985,9052.312499999996
2013-05-01,2013,5,116324.99999999997,23512.499999999993,26.8,52.8,KwaZulu-Natal,KZN,0.18,0.95,32.0,20938.499999999993,4020.637499999998
2013-05-01,2013,5,116324.99999999997,23512.499999999993,26.8,52.8,Western Cape,WC,0.15,1.25,18.0,17448.749999999996,4408.593749999998
2013-05-01,2013,5,116324.99999999997,23512.499999999993,26.8,52.8,Eastern Cape,EC,0.08,0.9,38.0,9305.999999999998,1692.8999999999996
2013-05-01,2013,5,116324.99999999997,23512.499999999993,26.8,52.8,Mpumalanga,MP,0.06,0.85,41.0,6979.499999999998,1199.1374999999996
2013-05-01,2013,5,116324.99999999997,23512.499999999993,26.8,52.8,Limpopo,LP,0.06,0.6,52.0,6979.499999999998,846.4499999999997
2013-05-01,2013,5,116324.99999999997,23512.499999999993,26.8,52.8,Free State,FS,0.05,0.8,39.0,5816.249999999999,940.4999999999999
2013-05-01,2013,5,116324.99999999997,23512.499999999993,26.8,52.8,North West,NW,0.05,0.75,44.0,5816.249999999999,881.7187499999998
2013-05-01,2013,5,116324.99999999997,23512.499999999993,26.8,52.8,Northern Cape,NC,0.02,0.7,35.0,2326.4999999999995,329.1749999999999
2013-06-01,2013,6,115149.99999999997,23274.999999999993,26.8,52.8,Gauteng,GP,0.35,1.1,22.0,40302.499999999985,8960.874999999998
2013-06-01,2013,6,115149.99999999997,23274.999999999993,26.8,52.8,KwaZulu-Natal,KZN,0.18,0.95,32.0,20726.999999999993,3980.0249999999983
2013-06-01,2013,6,115149.99999999997,23274.999999999993,26.8,52.8,Western Cape,WC,0.15,1.25,18.0,17272.499999999996,4364.062499999998
2013-06-01,2013,6,115149.99999999997,23274.999999999993,26.8,52.8,Eastern Cape,EC,0.08,0.9,38.0,9211.999999999998,1675.7999999999997
2013-06-01,2013,6,115149.99999999997,23274.999999999993,26.8,52.8,Mpumalanga,MP,0.06,0.85,41.0,6908.999999999998,1187.0249999999996
2013-06-01,2013,6,115149.99999999997,23274.999999999993,26.8,52.8,Limpopo,LP,0.06,0.6,52.0,6908.999999999998,837.8999999999997
2013-06-01,2013,6,115149.99999999997,23274.999999999993,26.8,52.8,Free State,FS,0.05,0.8,39.0,5757.499999999999,930.9999999999999
2013-06-01,2013,6,115149.99999999997,23274.999999999993,26.8,52.8,North West,NW,0.05,0.75,44.0,5757.499999999999,872.8124999999998
2013-06-01,2013,6,115149.99999999997,23274.999999999993,26.8,52.8,Northern Cape,NC,0.02,0.7,35.0,2302.9999999999995,325.8499999999999
2013-07-01,2013,7,116324.99999999997,23512.499999999993,26.8,52.8,Gauteng,GP,0.35,1.1,22.0,40713.749999999985,9052.312499999996
2013-07-01,2013,7,116324.99999999997,23512.499999999993,26.8,52.8,KwaZulu-Natal,KZN,0.18,0.95,32.0,20938.499999999993,4020.637499999998
2013-07-01,2013,7,116324.99999999997,23512.499999999993,26.8,52.8,Western Cape,WC,0.15,1.25,18.0,17448.749999999996,4408.593749999998
2013-07-01,2013,7,116324.99999999997,23512.499999999993,26.8,52.8,Eastern Cape,EC,0.08,0.9,38.0,9305.999999999998,1692.8999999999996
2013-07-01,2013,7,116324.99999999997,23512.499999999993,26.8,52.8,Mpumalanga,MP,0.06,0.85,41.0,6979.499999999998,1199.1374999999996
2013-07-01,2013,7,116324.99999999997,23512.499999999993,26.8,52.8,Limpopo,LP,0.06,0.6,52.0,6979.499999999998,846.4499999999997
2013-07-01,2013,7,116324.99999999997,23512.499999999993,26.8,52.8,Free State,FS,0.05,0.8,39.0,5816.249999999999,940.4999999999999
2013-07-01,2013,7,116324.99999999997,23512.499999999993,26.8,52.8,North West,NW,0.05,0.75,44.0,5816.249999999999,881.7187499999998
2013-07-01,2013,7,116324.99999999997,23512.499999999993,26.8,52.8,Northern Cape,NC,0.02,0.7,35.0,2326.4999999999995,329.1749999999999
2013-08-01,2013,8,118674.99999999997,23987.499999999996,26.8,52.8,Gauteng,GP,0.35,1.1,22.0,41536.249999999985,9235.187499999998
2013-08-01,2013,8,118674.99999999997,23987.499999999996,26.8,52.8,KwaZulu-Natal,KZN,0.18,0.95,32.0,21361.499999999993,4101.862499999999
2013-08-01,2013,8,118674.99999999997,23987.499999999996,26.8,52.8,Western Cape,WC,0.15,1.25,18.0,17801.249999999996,4497.656249999999
2013-08-01,2013,8,118674.99999999997,23987.499999999996,26.8,52.8,Eastern Cape,EC,0.08,0.9,38.0,9493.999999999998,1727.1
2013-08-01,2013,8,118674.99999999997,23987.499999999996,26.8,52.8,Mpumalanga,MP,0.06,0.85,41.0,7120.499999999998,1223.3624999999997
2013-08-01,2013,8,118674.99999999997,23987.499999999996,26.8,52.8,Limpopo,LP,0.06,0.6,52.0,7120.499999999998,863.5499999999998
2013-08-01,2013,8,118674.99999999997,23987.499999999996,26.8,52.8,Free State,FS,0.05,0.8,39.0,5933.749999999999,959.4999999999999
2013-08-01,2013,8,118674.99999999997,23987.499999999996,26.8,52.8,North West,NW,0.05,0.75,44.0,5933.749999999999,899.5312499999998
2013-08-01,2013,8,118674.99999999997,23987.499999999996,26.8,52.8,Northern Cape,NC,0.02,0.7,35.0,2373.4999999999995,335.82499999999993
2013-09-01,2013,9,119849.99999999997,24224.999999999996,26.8,52.8,Gauteng,GP,0.35,1.1,22.0,41947.499999999985,9326.624999999998
2013-09-01,2013,9,119849.99999999997,24224.999999999996,26.8,52.8,KwaZulu-Natal,KZN,0.18,0.95,32.0,21572.999999999993,4142.4749999999985
2013-09-01,2013,9,119849.99999999997,24224.999999999996,26.8,52.8,Western Cape,WC,0.15,1.25,18.0,17977.499999999996,4542.187499999999
2013-09-01,2013,9,119849.99999999997,24224.999999999996,26.8,52.8,Eastern Cape,EC,0.08,0.9,38.0,9587.999999999998,1744.1999999999998
2013-09-01,2013,9,119849.99999999997,24224.999999999996,26.8,52.8,Mpumalanga,MP,0.06,0.85,41.0,7190.999999999998,1235.4749999999997
2013-09-01,2013,9,119849.99999999997,24224.999999999996,26.8,52.8,Limpopo,LP,0.06,0.6,52.0,7190.999999999998,872.0999999999998
2013-09-01,2013,9,119849.99999999997,24224.999999999996,26.8,52.8,Free State,FS,0.05,0.8,39.0,5992.499999999999,968.9999999999999
2013-09-01,2013,9,119849.99999999997,24224.999999999996,26.8,52.8,North West,NW,0.05,0.75,44.0,5992.499999999999,908.4374999999998
2013-09-01,2013,9,119849.99999999997,24224.999999999996,26.8,52.8,Northern Cape,NC,0.02,0.7,35.0,2396.9999999999995,339.1499999999999
2013-10-01,2013,10,122199.99999999997,24699.999999999996,26.8,52.8,Gauteng,GP,0.35,1.1,22.0,42769.999999999985,9509.499999999998
2013-10-01,2013,10,122199.99999999997,24699.999999999996,26.8,52.8,KwaZulu-Natal,KZN,0.18,0.95,32.0,21995.999999999993,4223.699999999999
2013-10-01,2013,10,122199.99999999997,24699.999999999996,26.8,52.8,Western Cape,WC,0.15,1.25,18.0,18329.999999999996,4631.249999999999
2013-10-01,2013,10,122199.99999999997,24699.999999999996,26.8,52.8,Eastern Cape,EC,0.08,0.9,38.0,9775.999999999998,1778.3999999999999
2013-10-01,2013,10,122199.99999999997,24699.999999999996,26.8,52.8,Mpumalanga,MP,0.06,0.85,41.0,7331.999999999998,1259.6999999999998
2013-10-01,2013,10,122199.99999999997,24699.999999999996,26.8,52.8,Limpopo,LP,0.06,0.6,52.0,7331.999999999998,889.1999999999998
2013-10-01,2013,10,122199.99999999997,24699.999999999996,26.8,52.8,Free State,FS,0.05,0.8,39.0,6109.999999999999,988.0
2013-10-01,2013,10,122199.99999999997,24699.999999999996,26.8,52.8,North West,NW,0.05,0.75,44.0,6109.999999999999,926.25
2013-10-01,2013,10,122199.99999999997,24699.999999999996,26.8,52.8,Northern Cape,NC,0.02,0.7,35.0,2443.9999999999995,345.79999999999995
2013-11-01,2013,11,126899.99999999999,25649.999999999996,26.8,52.8,Gauteng,GP,0.35,1.1,22.0,44414.99999999999,9875.249999999998
2013-11-01,2013,11,126899.99999999999,25649.999999999996,26.8,52.8,KwaZulu-Natal,KZN,0.18,0.95,32.0,22841.999999999996,4386.149999999999
2013-11-01,2013,11,126899.99999999999,25649.999999999996,26.8,52.8,Western Cape,WC,0.15,1.25,18.0,19034.999999999996,4809.374999999999
2013-11-01,2013,11,126899.99999999999,25649.999999999996,26.8,52.8,Eastern Cape,EC,0.08,0.9,38.0,10151.999999999998,1846.7999999999997
2013-11-01,2013,11,126899.99999999999,25649.999999999996,26.8,52.8,Mpumalanga,MP,0.06,0.85,41.0,7613.999999999999,1308.1499999999999
2013-11-01,2013,11,126899.99999999999,25649.999999999996,26.8,52.8,Limpopo,LP,0.06,0.6,52.0,7613.999999999999,923.3999999999999
2013-11-01,2013,11,126899.99999999999,25649.999999999996,26.8,52.8,Free State,FS,0.05,0.8,39.0,6345.0,1026.0
2013-11-01,2013,11,126899.99999999999,25649.999999999996,26.8,52.8,North West,NW,0.05,0.75,44.0,6345.0,961.875
2013-11-01,2013,11,126899.99999999999,25649.999999999996,26.8,52.8,Northern Cape,NC,0.02,0.7,35.0,2537.9999999999995,359.0999999999999
2013-12-01,2013,12,125724.99999999999,25412.499999999996,26.8,52.8,Gauteng,GP,0.35,1.1,22.0,44003.74999999999,9783.812499999998
2013-12-01,2013,12,125724.99999999999,25412.499999999996,26.8,52.8,KwaZulu-Natal,KZN,0.18,0.95,32.0,22630.499999999996,4345.5374999999985
2013-12-01,2013,12,125724.99999999999,25412.499999999996,26.8,52.8,Western Cape,WC,0.15,1.25,18.0,18858.749999999996,4764.843749999999
2013-12-01,2013,12,125724.99999999999,25412.499999999996,26.8,52.8,Eastern Cape,EC,0.08,0.9,38.0,10057.999999999998,1829.6999999999998
2013-12-01,2013,12,125724.99999999999,25412.499999999996,26.8,52.8,Mpumalanga,MP,0.06,0.85,41.0,7543.499999999999,1296.0374999999997
2013-12-01,2013,12,125724.99999999999,25412.499999999996,26.8,52.8,Limpopo,LP,0.06,0.6,52.0,7543.499999999999,914.8499999999998
2013-12-01,2013,12,125724.99999999999,25412.499999999996,26.8,52.8,Free State,FS,0.05,0.8,39.0,6286.25,1016.5
2013-12-01,2013,12,125724.99999999999,25412.499999999996,26.8,52.8,North West,NW,0.05,0.75,44.0,6286.25,952.96875
2013-12-01,2013,12,125724.99999999999,25412.499999999996,26.8,52.8,Northern Cape,NC,0.02,0.7,35.0,2514.4999999999995,355.7749999999999
2014-01-01,2014,1,113583.3333333333,22873.333333333325,27.2,53.2,Gauteng,GP,0.35,1.1,22.0,39754.16666666665,8806.23333333333
2014-01-01,2014,1,113583.3333333333,22873.333333333325,27.2,53.2,KwaZulu-Natal,KZN,0.18,0.95,32.0,20444.999999999993,3911.339999999998
2014-01-01,2014,1,113583.3333333333,22873.333333333325,27.2,53.2,Western Cape,WC,0.15,1.25,18.0,17037.499999999993,4288.749999999998
2014-01-01,2014,1,113583.3333333333,22873.333333333325,27.2,53.2,Eastern Cape,EC,0.08,0.9,38.0,9086.666666666664,1646.8799999999994
2014-01-01,2014,1,113583.3333333333,22873.333333333325,27.2,53.2,Mpumalanga,MP,0.06,0.85,41.0,6814.999999999997,1166.5399999999995
2014-01-01,2014,1,113583.3333333333,22873.333333333325,27.2,53.2,Limpopo,LP,0.06,0.6,52.0,6814.999999999997,823.4399999999996
2014-01-01,2014,1,113583.3333333333,22873.333333333325,27.2,53.2,Free State,FS,0.05,0.8,39.0,5679.166666666665,914.933333333333
2014-01-01,2014,1,113583.3333333333,22873.333333333325,27.2,53.2,North West,NW,0.05,0.75,44.0,5679.166666666665,857.7499999999998
2014-01-01,2014,1,113583.3333333333,22873.333333333325,27.2,53.2,Northern Cape,NC,0.02,0.7,35.0,2271.666666666666,320.2266666666666
2014-02-01,2014,2,112374.99999999997,22629.999999999996,27.2,53.2,Gauteng,GP,0.35,1.1,22.0,39331.249999999985,8712.55
2014-02-01,2014,2,112374.99999999997,22629.999999999996,27.2,53.2,KwaZulu-Natal,KZN,0.18,0.95,32.0,20227.499999999993,3869.729999999999
2014-02-01,2014,2,112374.99999999997,22629.999999999996,27.2,53.2,Western Cape,WC,0.15,1.25,18.0,16856.249999999996,4243.124999999999
2014-02-01,2014,2,112374.99999999997,22629.999999999996,27.2,53.2,Eastern Cape,EC,0.08,0.9,38.0,8989.999999999998,1629.3599999999997
2014-02-01,2014,2,112374.99999999997,22629.999999999996,27.2,53.2,Mpumalanga,MP,0.06,0.85,41.0,6742.499999999998,1154.1299999999997
2014-02-01,2014,2,112374.99999999997,22629.999999999996,27.2,53.2,Limpopo,LP,0.06,0.6,52.0,6742.499999999998,814.6799999999998
2014-02-01,2014,2,112374.99999999997,22629.999999999996,27.2,53.2,Free State,FS,0.05,0.8,39.0,5618.749999999999,905.1999999999998
2014-02-01,2014,2,112374.99999999997,22629.999999999996,27.2,53.2,North West,NW,0.05,0.75,44.0,5618.749999999999,848.6249999999998
2014-02-01,2014,2,112374.99999999997,22629.999999999996,27.2,53.2,Northern Cape,NC,0.02,0.7,35.0,2247.4999999999995,316.81999999999994
2014-03-01,2014,3,118416.66666666663,23846.66666666666,27.2,53.2,Gauteng,GP,0.35,1.1,22.0,41445.833333333314,9180.966666666664
2014-03-01,2014,3,118416.66666666663,23846.66666666666,27.2,53.2,KwaZulu-Natal,KZN,0.18,0.95,32.0,21314.999999999993,4077.7799999999984
2014-03-01,2014,3,118416.66666666663,23846.66666666666,27.2,53.2,Western Cape,WC,0.15,1.25,18.0,17762.499999999993,4471.249999999999
2014-03-01,2014,3,118416.66666666663,23846.66666666666,27.2,53.2,Eastern Cape,EC,0.08,0.9,38.0,9473.33333333333,1716.9599999999996
2014-03-01,2014,3,118416.66666666663,23846.66666666666,27.2,53.2,Mpumalanga,MP,0.06,0.85,41.0,7104.999999999997,1216.1799999999996
2014-03-01,2014,3,118416.66666666663,23846.66666666666,27.2,53.2,Limpopo,LP,0.06,0.6,52.0,7104.999999999997,858.4799999999997
2014-03-01,2014,3,118416.66666666663,23846.66666666666,27.2,53.2,Free State,FS,0.05,0.8,39.0,5920.833333333332,953.8666666666664
2014-03-01,2014,3,118416.66666666663,23846.66666666666,27.2,53.2,North West,NW,0.05,0.75,44.0,5920.833333333332,894.2499999999998
2014-03-01,2014,3,118416.66666666663,23846.66666666666,27.2,53.2,Northern Cape,NC,0.02,0.7,35.0,2368.3333333333326,333.85333333333324
2014-04-01,2014,4,117208.3333333333,23603.333333333325,27.2,53.2,Gauteng,GP,0.35,1.1,22.0,41022.91666666665,9087.28333333333
2014-04-01,2014,4,117208.3333333333,23603.333333333325,27.2,53.2,KwaZulu-Natal,KZN,0.18,0.95,32.0,21097.499999999993,4036.1699999999983
2014-04-01,2014,4,117208.3333333333,23603.333333333325,27.2,53.2,Western Cape,WC,0.15,1.25,18.0,17581.249999999993,4425.624999999998
2014-04-01,2014,4,117208.3333333333,23603.333333333325,27.2,53.2,Eastern Cape,EC,0.08,0.9,38.0,9376.666666666664,1699.4399999999994
2014-04-01,2014,4,117208.3333333333,23603.333333333325,27.2,53.2,Mpumalanga,MP,0.06,0.85,41.0,7032.499999999997,1203.7699999999995
2014-04-01,2014,4,117208.3333333333,23603.333333333325,27.2,53.2,Limpopo,LP,0.06,0.6,52.0,7032.499999999997,849.7199999999996
2014-04-01,2014,4,117208.3333333333,23603.333333333325,27.2,53.2,Free State,FS,0.05,0.8,39.0,5860.416666666665,944.1333333333331
2014-04-01,2014,4,117208.3333333333,23603.333333333325,27.2,53.2,North West,NW,0.05,0.75,44.0,5860.416666666665,885.1249999999998
2014-04-01,2014,4,117208.3333333333,23603.333333333325,27.2,53.2,Northern Cape,NC,0.02,0.7,35.0,2344.166666666666,330.44666666666654
2014-05-01,2014,5,119624.99999999997,24089.999999999993,27.2,53.2,Gauteng,GP,0.35,1.1,22.0,41868.749999999985,9274.649999999996
2014-05-01,2014,5,119624.99999999997,24089.999999999993,27.2,53.2,KwaZulu-Natal,KZN,0.18,0.95,32.0,21532.499999999993,4119.3899999999985
2014-05-01,2014,5,119624.99999999997,24089.999999999993,27.2,53.2,Western Cape,WC,0.15,1.25,18.0,17943.749999999996,4516.874999999998
2014-05-01,2014,5,119624.99999999997,24089.999999999993,27.2,53.2,Eastern Cape,EC,0.08,0.9,38.0,9569.999999999998,1734.4799999999996
2014-05-01,2014,5,119624.99999999997,24089.999999999993,27.2,53.2,Mpumalanga,MP,0.06,0.85,41.0,7177.499999999998,1228.5899999999995
2014-05-01,2014,5,119624.99999999997,24089.999999999993,27.2,53.2,Limpopo,LP,0.06,0.6,52.0,7177.499999999998,867.2399999999997
2014-05-01,2014,5,119624.99999999997,24089.999999999993,27.2,53.2,Free State,FS,0.05,0.8,39.0,5981.249999999999,963.5999999999999
2014-05-01,2014,5,119624.99999999997,24089.999999999993,27.2,53.2,North West,NW,0.05,0.75,44.0,5981.249999999999,903.3749999999998
2014-05-01,2014,5,119624.99999999997,24089.999999999993,27.2,53.2,Northern Cape,NC,0.02,0.7,35.0,2392.4999999999995,337.2599999999999
2014-06-01,2014,6,118416.66666666663,23846.66666666666,27.2,53.2,Gauteng,GP,0.35,1.1,22.0,41445.833333333314,9180.966666666664
2014-06-01,2014,6,118416.66666666663,23846.66666666666,27.2,53.2,KwaZulu-Natal,KZN,0.18,0.95,32.0,21314.999999999993,4077.7799999999984
2014-06-01,2014,6,118416.66666666663,23846.66666666666,27.2,53.2,Western Cape,WC,0.15,1.25,18.0,17762.499999999993,4471.249999999999
2014-06-01,2014,6,118416.66666666663,23846.66666666666,27.2,53.2,Eastern Cape,EC,0.08,0.9,38.0,9473.33333333333,1716.9599999999996
2014-06-01,2014,6,118416.66666666663,23846.66666666666,27.2,53.2,Mpumalanga,MP,0.06,0.85,41.0,7104.999999999997,1216.1799999999996
2014-06-01,2014,6,118416.66666666663,23846.66666666666,27.2,53.2,Limpopo,LP,0.06,0.6,52.0,7104.999999999997,858.4799999999997
2014-06-01,2014,6,118416.66666666663,23846.66666666666,27.2,53.2,Free State,FS,0.05,0.8,39.0,5920.833333333332,953.8666666666664
2014-06-01,2014,6,118416.66666666663,23846.66666666666,27.2,53.2,North West,NW,0.05,0.75,44.0,5920.833333333332,894.2499999999998
2014-06-01,2014,6,118416.66666666663,23846.66666666666,27.2,53.2,Northern Cape,NC,0.02,0.7,35.0,2368.3333333333326,333.85333333333324
2014-07-01,2014,7,119624.99999999997,24089.999999999993,27.2,53.2,Gauteng,GP,0.35,1.1,22.0,41868.749999999985,9274.649999999996
2014-07-01,2014,7,119624.99999999997,24089.999999999993,27.2,53.2,KwaZulu-Natal,KZN,0.18,0.95,32.0,21532.499999999993,4119.3899999999985
2014-07-01,2014,7,119624.99999999997,24089.999999999993,27.2,53.2,Western Cape,WC,0.15,1.25,18.0,17943.749999999996,4516.874999999998
2014-07-01,2014,7,119624.99999999997,24089.999999999993,27.2,53.2,Eastern Cape,EC,0.08,0.9,38.0,9569.999999999998,1734.4799999999996
2014-07-01,2014,7,119624.99999999997,24089.999999999993,27.2,53.2,Mpumalanga,MP,0.06,0.85,41.0,7177.499999999998,1228.5899999999995
2014-07-01,2014,7,119624.99999999997,24089.999999999993,27.2,53.2,Limpopo,LP,0.06,0.6,52.0,7177.499999999998,867.2399999999997
2014-07-01,2014,7,119624.99999999997,24089.999999999993,27.2,53.2,Free State,FS,0.05,0.8,39.0,5981.249999999999,963.5999999999999
2014-07-01,2014,7,119624.99999999997,24089.999999999993,27.2,53.2,North West,NW,0.05,0.75,44.0,5981.249999999999,903.3749999999998
2014-07-01,2014,7,119624.99999999997,24089.999999999993,27.2,53.2,Northern Cape,NC,0.02,0.7,35.0,2392.4999999999995,337.2599999999999
2014-08-01,2014,8,122041.66666666664,24576.66666666666,27.2,53.2,Gauteng,GP,0.35,1.1,22.0,42714.58333333332,9462.016666666665
2014-08-01,2014,8,122041.66666666664,24576.66666666666,27.2,53.2,KwaZulu-Natal,KZN,0.18,0.95,32.0,21967.499999999996,4202.609999999998
2014-08-01,2014,8,122041.66666666664,24576.66666666666,27.2,53.2,Western Cape,WC,0.15,1.25,18.0,18306.249999999996,4608.124999999999
2014-08-01,2014,8,122041.66666666664,24576.66666666666,27.2,53.2,Eastern Cape,EC,0.08,0.9,38.0,9763.333333333332,1769.5199999999998
2014-08-01,2014,8,122041.66666666664,24576.66666666666,27.2,53.2,Mpumalanga,MP,0.06,0.85,41.0,7322.499999999998,1253.4099999999996
2014-08-01,2014,8,122041.66666666664,24576.66666666666,27.2,53.2,Limpopo,LP,0.06,0.6,52.0,7322.499999999998,884.7599999999998
2014-08-01,2014,8,122041.66666666664,24576.66666666666,27.2,53.2,Free State,FS,0.05,0.8,39.0,6102.083333333332,983.0666666666665
2014-08-01,2014,8,122041.66666666664,24576.66666666666,27.2,53.2,North West,NW,0.05,0.75,44.0,6102.083333333332,921.6249999999998
2014-08-01,2014,8,122041.66666666664,24576.66666666666,27.2,53.2,Northern Cape,NC,0.02,0.7,35.0,2440.833333333333,344.07333333333327
2014-09-01,2014,9,123249.99999999997,24819.999999999993,27.2,53.2,Gauteng,GP,0.35,1.1,22.0,43137.499999999985,9555.699999999997
2014-09-01,2014,9,123249.99999999997,24819.999999999993,27.2,53.2,KwaZulu-Natal,KZN,0.18,0.95,32.0,22184.999999999993,4244.219999999998
2014-09-01,2014,9,123249.99999999997,24819.999999999993,27.2,53.2,Western Cape,WC,0.15,1.25,18.0,18487.499999999996,4653.749999999998
2014-09-01,2014,9,123249.99999999997,24819.999999999993,27.2,53.2,Eastern Cape,EC,0.08,0.9,38.0,9859.999999999998,1787.0399999999995
2014-09-01,2014,9,123249.99999999997,24819.999999999993,27.2,53.2,Mpumalanga,MP,0.06,0.85,41.0,7394.999999999998,1265.8199999999997
2014-09-01,2014,9,123249.99999999997,24819.999999999993,27.2,53.2,Limpopo,LP,0.06,0.6,52.0,7394.999999999998,893.5199999999998
2014-09-01,2014,9,123249.99999999997,24819.999999999993,27.2,53.2,Free State,FS,0.05,0.8,39.0,6162.499999999999,992.7999999999998
2014-09-01,2014,9,123249.99999999997,24819.999999999993,27.2,53.2,North West,NW,0.05,0.75,44.0,6162.499999999999,930.7499999999998
2014-09-01,2014,9,123249.99999999997,24819.999999999993,27.2,53.2,Northern Cape,NC,0.02,0.7,35.0,2464.9999999999995,347.4799999999999
2014-10-01,2014,10,125666.66666666664,25306.66666666666,27.2,53.2,Gauteng,GP,0.35,1.1,22.0,43983.33333333332,9743.066666666664
2014-10-01,2014,10,125666.66666666664,25306.66666666666,27.2,53.2,KwaZulu-Natal,KZN,0.18,0.95,32.0,22619.999999999996,4327.439999999999
2014-10-01,2014,10,125666.66666666664,25306.66666666666,27.2,53.2,Western Cape,WC,0.15,1.25,18.0,18849.999999999996,4744.999999999999
2014-10-01,2014,10,125666.66666666664,25306.66666666666,27.2,53.2,Eastern Cape,EC,0.08,0.9,38.0,10053.333333333332,1822.0799999999997
2014-10-01,2014,10,125666.66666666664,25306.66666666666,27.2,53.2,Mpumalanga,MP,0.06,0.85,41.0,7539.999999999998,1290.6399999999996
2014-10-01,2014,10,125666.66666666664,25306.66666666666,27.2,53.2,Limpopo,LP,0.06,0.6,52.0,7539.999999999998,911.0399999999997
2014-10-01,2014,10,125666.66666666664,25306.66666666666,27.2,53.2,Free State,FS,0.05,0.8,39.0,6283.333333333332,1012.2666666666664
2014-10-01,2014,10,125666.66666666664,25306.66666666666,27.2,53.2,North West,NW,0.05,0.75,44.0,6283.333333333332,948.9999999999998
2014-10-01,2014,10,125666.66666666664,25306.66666666666,27.2,53.2,Northern Cape,NC,0.02,0.7,35.0,2513.333333333333,354.29333333333324
2014-11-01,2014,11,130499.99999999997,26279.999999999996,27.2,53.2,Gauteng,GP,0.35,1.1,22.0,45674.999999999985,10117.8
2014-11-01,2014,11,130499.99999999997,26279.999999999996,27.2,53.2,KwaZulu-Natal,KZN,0.18,0.95,32.0,23489.999999999993,4493.879999999998
2014-11-01,2014,11,130499.99999999997,26279.999999999996,27.2,53.2,Western Cape,WC,0.15,1.25,18.0,19574.999999999996,4927.499999999999
2014-11-01,2014,11,130499.99999999997,26279.999999999996,27.2,53.2,Eastern Cape,EC,0.08,0.9,38.0,10439.999999999998,1892.1599999999996
2014-11-01,2014,11,130499.99999999997,26279.999999999996,27.2,53.2,Mpumalanga,MP,0.06,0.85,41.0,7829.999999999998,1340.2799999999997
2014-11-01,2014,11,130499.99999999997,26279.999999999996,27.2,53.2,Limpopo,LP,0.06,0.6,52.0,7829.999999999998,946.0799999999998
2014-11-01,2014,11,130499.99999999997,26279.999999999996,27.2,53.2,Free State,FS,0.05,0.8,39.0,6524.999999999999,1051.2
2014-11-01,2014,11,130499.99999999997,26279.999999999996,27.2,53.2,North West,NW,0.05,0.75,44.0,6524.999999999999,985.5
2014-11-01,2014,11,130499.99999999997,26279.999999999996,27.2,53.2,Northern Cape,NC,0.02,0.7,35.0,2609.9999999999995,367.9199999999999
2014-12-01,2014,12,129291.66666666664,26036.66666666666,27.2,53.2,Gauteng,GP,0.35,1.1,22.0,45252.08333333332,10024.116666666665
2014-12-01,2014,12,129291.66666666664,26036.66666666666,27.2,53.2,KwaZulu-Natal,KZN,0.18,0.95,32.0,23272.499999999996,4452.269999999999
2014-12-01,2014,12,129291.66666666664,26036.66666666666,27.2,53.2,Western Cape,WC,0.15,1.25,18.0,19393.749999999996,4881.874999999999
2014-12-01,2014,12,129291.66666666664,26036.66666666666,27.2,53.2,Eastern Cape,EC,0.08,0.9,38.0,10343.333333333332,1874.6399999999996
2014-12-01,2014,12,129291.66666666664,26036.66666666666,27.2,53.2,Mpumalanga,MP,0.06,0.85,41.0,7757.499999999998,1327.8699999999997
2014-12-01,2014,12,129291.66666666664,26036.66666666666,27.2,53.2,Limpopo,LP,0.06,0.6,52.0,7757.499999999998,937.3199999999997
2014-12-01,2014,12,129291.66666666664,26036.66666666666,27.2,53.2,Free State,FS,0.05,0.8,39.0,6464.583333333332,1041.4666666666665
2014-12-01,2014,12,129291.66666666664,26036.66666666666,27.2,53.2,North West,NW,0.05,0.75,44.0,6464.583333333332,976.3749999999998
2014-12-01,2014,12,129291.66666666664,26036.66666666666,27.2,53.2,Northern Cape,NC,0.02,0.7,35.0,2585.833333333333,364.51333333333326
2015-01-01,2015,1,116716.66666666664,24126.66666666666,27.8,53.5,Gauteng,GP,0.35,1.1,22.0,40850.83333333332,9288.766666666665
2015-01-01,2015,1,116716.66666666664,24126.66666666666,27.8,53.5,KwaZulu-Natal,KZN,0.18,0.95,32.0,21008.999999999996,4125.659999999998
2015-01-01,2015,1,116716.66666666664,24126.66666666666,27.8,53.5,Western Cape,WC,0.15,1.25,18.0,17507.499999999996,4523.749999999999
2015-01-01,2015,1,116716.66666666664,24126.66666666666,27.8,53.5,Eastern Cape,EC,0.08,0.9,38.0,9337.333333333332,1737.1199999999997
2015-01-01,2015,1,116716.66666666664,24126.66666666666,27.8,53.5,Mpumalanga,MP,0.06,0.85,41.0,7002.999999999998,1230.4599999999998
2015-01-01,2015,1,116716.66666666664,24126.66666666666,27.8,53.5,Limpopo,LP,0.06,0.6,52.0,7002.999999999998,868.5599999999998
2015-01-01,2015,1,116716.66666666664,24126.66666666666,27.8,53.5,Free State,FS,0.05,0.8,39.0,5835.833333333332,965.0666666666665
2015-01-01,2015,1,116716.66666666664,24126.66666666666,27.8,53.5,North West,NW,0.05,0.75,44.0,5835.833333333332,904.7499999999998
2015-01-01,2015,1,116716.66666666664,24126.66666666666,27.8,53.5,Northern Cape,NC,0.02,0.7,35.0,2334.333333333333,337.77333333333326
2015-02-01,2015,2,115474.99999999999,23869.999999999996,27.8,53.5,Gauteng,GP,0.35,1.1,22.0,40416.24999999999,9189.949999999999
2015-02-01,2015,2,115474.99999999999,23869.999999999996,27.8,53.5,KwaZulu-Natal,KZN,0.18,0.95,32.0,20785.499999999996,4081.769999999999
2015-02-01,2015,2,115474.99999999999,23869.999999999996,27.8,53.5,Western Cape,WC,0.15,1.25,18.0,17321.249999999996,4475.624999999999
2015-02-01,2015,2,115474.99999999999,23869.999999999996,27.8,53.5,Eastern Cape,EC,0.08,0.9,38.0,9237.999999999998,1718.6399999999996
2015-02-01,2015,2,115474.99999999999,23869.999999999996,27.8,53.5,Mpumalanga,MP,0.06,0.85,41.0,6928.499999999999,1217.37
2015-02-01,2015,2,115474.99999999999,23869.999999999996,27.8,53.5,Limpopo,LP,0.06,0.6,52.0,6928.499999999999,859.3199999999998
2015-02-01,2015,2,115474.99999999999,23869.999999999996,27.8,53.5,Free State,FS,0.05,0.8,39.0,5773.75,954.7999999999998
2015-02-01,2015,2,115474.99999999999,23869.999999999996,27.8,53.5,North West,NW,0.05,0.75,44.0,5773.75,895.1249999999998
2015-02-01,2015,2,115474.99999999999,23869.999999999996,27.8,53.5,Northern Cape,NC,0.02,0.7,35.0,2309.4999999999995,334.17999999999995
2015-03-01,2015,3,121683.33333333331,25153.33333333333,27.8,53.5,Gauteng,GP,0.35,1.1,22.0,42589.16666666666,9684.033333333331
2015-03-01,2015,3,121683.33333333331,25153.33333333333,27.8,53.5,KwaZulu-Natal,KZN,0.18,0.95,32.0,21902.999999999996,4301.219999999998
2015-03-01,2015,3,121683.33333333331,25153.33333333333,27.8,53.5,Western Cape,WC,0.15,1.25,18.0,18252.499999999996,4716.249999999999
2015-03-01,2015,3,121683.33333333331,25153.33333333333,27.8,53.5,Eastern Cape,EC,0.08,0.9,38.0,9734.666666666666,1811.0399999999997
2015-03-01,2015,3,121683.33333333331,25153.33333333333,27.8,53.5,Mpumalanga,MP,0.06,0.85,41.0,7300.999999999998,1282.8199999999997
2015-03-01,2015,3,121683.33333333331,25153.33333333333,27.8,53.5,Limpopo,LP,0.06,0.6,52.0,7300.999999999998,905.5199999999998
2015-03-01,2015,3,121683.33333333331,25153.33333333333,27.8,53.5,Free State,FS,0.05,0.8,39.0,6084.166666666666,1006.1333333333332
2015-03-01,2015,3,121683.33333333331,25153.33333333333,27.8,53.5,North West,NW,0.05,0.75,44.0,6084.166666666666,943.2499999999999
2015-03-01,2015,3,121683.33333333331,25153.33333333333,27.8,53.5,Northern Cape,NC,0.02,0.7,35.0,2433.6666666666665,352.1466666666666
2015-04-01,2015,4,120441.66666666664,24896.66666666666,27.8,53.5,Gauteng,GP,0.35,1.1,22.0,42154.58333333332,9585.216666666664
2015-04-01,2015,4,120441.66666666664,24896.66666666666,27.8,53.5,KwaZulu-Natal,KZN,0.18,0.95,32.0,21679.499999999996,4257.329999999999
2015-04-01,2015,4,120441.66666666664,24896.66666666666,27.8,53.5,Western Cape,WC,0.15,1.25,18.0,18066.249999999996,4668.124999999999
2015-04-01,2015,4,120441.66666666664,24896.66666666666,27.8,53.5,Eastern Cape,EC,0.08,0.9,38.0,9635.333333333332,1792.5599999999997
2015-04-01,2015,4,120441.66666666664,24896.66666666666,27.8,53.5,Mpumalanga,MP,0.06,0.85,41.0,7226.499999999998,1269.7299999999996
2015-04-01,2015,4,120441.66666666664,24896.66666666666,27.8,53.5,Limpopo,LP,0.06,0.6,52.0,7226.499999999998,896.2799999999996
2015-04-01,2015,4,120441.66666666664,24896.66666666666,27.8,53.5,Free State,FS,0.05,0.8,39.0,6022.083333333332,995.8666666666664
2015-04-01,2015,4,120441.66666666664,24896.66666666666,27.8,53.5,North West,NW,0.05,0.75,44.0,6022.083333333332,933.6249999999998
2015-04-01,2015,4,120441.66666666664,24896.66666666666,27.8,53.5,Northern Cape,NC,0.02,0.7,35.0,2408.833333333333,348.5533333333332
2015-05-01,2015,5,122924.99999999997,25409.999999999996,27.8,53.5,Gauteng,GP,0.35,1.1,22.0,43023.749999999985,9782.849999999999
2015-05-01,2015,5,122924.99999999997,25409.999999999996,27.8,53.5,KwaZulu-Natal,KZN,0.18,0.95,32.0,22126.499999999993,4345.109999999999
2015-05-01,2015,5,122924.99999999997,25409.999999999996,27.8,53.5,Western Cape,WC,0.15,1.25,18.0,18438.749999999996,4764.374999999999
2015-05-01,2015,5,122924.99999999997,25409.999999999996,27.8,53.5,Eastern Cape,EC,0.08,0.9,38.0,9833.999999999998,1829.5199999999998
2015-05-01,2015,5,122924.99999999997,25409.999999999996,27.8,53.5,Mpumalanga,MP,0.06,0.85,41.0,7375.499999999998,1295.9099999999996
2015-05-01,2015,5,122924.99999999997,25409.999999999996,27.8,53.5,Limpopo,LP,0.06,0.6,52.0,7375.499999999998,914.7599999999998
2015-05-01,2015,5,122924.99999999997,25409.999999999996,27.8,53.5,Free State,FS,0.05,0.8,39.0,6146.249999999999,1016.4000000000001
2015-05-01,2015,5,122924.99999999997,25409.999999999996,27.8,53.5,North West,NW,0.05,0.75,44.0,6146.249999999999,952.875
2015-05-01,2015,5,122924.99999999997,25409.999999999996,27.8,53.5,Northern Cape,NC,0.02,0.7,35.0,2458.4999999999995,355.73999999999995
2015-06-01,2015,6,121683.33333333331,25153.33333333333,27.8,53.5,Gauteng,GP,0.35,1.1,22.0,42589.16666666666,9684.033333333331
2015-06-01,2015,6,121683.33333333331,25153.33333333333,27.8,53.5,KwaZulu-Natal,KZN,0.18,0.95,32.0,21902.999999999996,4301.219999999998
2015-06-01,2015,6,121683.33333333331,25153.33333333333,27.8,53.5,Western Cape,WC,0.15,1.25,18.0,18252.499999999996,4716.249999999999
2015-06-01,2015,6,121683.33333333331,25153.33333333333,27.8,53.5,Eastern Cape,EC,0.08,0.9,38.0,9734.666666666666,1811.0399999999997
2015-06-01,2015,6,121683.33333333331,25153.33333333333,27.8,53.5,Mpumalanga,MP,0.06,0.85,41.0,7300.999999999998,1282.8199999999997
2015-06-01,2015,6,121683.33333333331,25153.33333333333,27.8,53.5,Limpopo,LP,0.06,0.6,52.0,7300.999999999998,905.5199999999998
2015-06-01,2015,6,121683.33333333331,25153.33333333333,27.8,53.5,Free State,FS,0.05,0.8,39.0,6084.166666666666,1006.1333333333332
2015-06-01,2015,6,121683.33333333331,25153.33333333333,27.8,53.5,North West,NW,0.05,0.75,44.0,6084.166666666666,943.2499999999999
2015-06-01,2015,6,121683.33333333331,25153.33333333333,27.8,53.5,Northern Cape,NC,0.02,0.7,35.0,2433.6666666666665,352.1466666666666
2015-07-01,2015,7,122924.99999999997,25409.999999999996,27.8,53.5,Gauteng,GP,0.35,1.1,22.0,43023.749999999985,9782.849999999999
2015-07-01,2015,7,122924.99999999997,25409.999999999996,27.8,53.5,KwaZulu-Natal,KZN,0.18,0.95,32.0,22126.499999999993,4345.109999999999
2015-07-01,2015,7,122924.99999999997,25409.999999999996,27.8,53.5,Western Cape,WC,0.15,1.25,18.0,18438.749999999996,4764.374999999999
2015-07-01,2015,7,122924.99999999997,25409.999999999996,27.8,53.5,Eastern Cape,EC,0.08,0.9,38.0,9833.999999999998,1829.5199999999998
2015-07-01,2015,7,122924.99999999997,25409.999999999996,27.8,53.5,Mpumalanga,MP,0.06,0.85,41.0,7375.499999999998,1295.9099999999996
2015-07-01,2015,7,122924.99999999997,25409.999999999996,27.8,53.5,Limpopo,LP,0.06,0.6,52.0,7375.499999999998,914.7599999999998
2015-07-01,2015,7,122924.99999999997,25409.999999999996,27.8,53.5,Free State,FS,0.05,0.8,39.0,6146.249999999999,1016.4000000000001
2015-07-01,2015,7,122924.99999999997,25409.999999999996,27.8,53.5,North West,NW,0.05,0.75,44.0,6146.249999999999,952.875
2015-07-01,2015,7,122924.99999999997,25409.999999999996,27.8,53.5,Northern Cape,NC,0.02,0.7,35.0,2458.4999999999995,355.73999999999995
2015-08-01,2015,8,125408.33333333331,25923.33333333333,27.8,53.5,Gauteng,GP,0.35,1.1,22.0,43892.91666666666,9980.483333333332
2015-08-01,2015,8,125408.33333333331,25923.33333333333,27.8,53.5,KwaZulu-Natal,KZN,0.18,0.95,32.0,22573.499999999996,4432.8899999999985
2015-08-01,2015,8,125408.33333333331,25923.33333333333,27.8,53.5,Western Cape,WC,0.15,1.25,18.0,18811.249999999996,4860.624999999999
2015-08-01,2015,8,125408.33333333331,25923.33333333333,27.8,53.5,Eastern Cape,EC,0.08,0.9,38.0,10032.666666666666,1866.4799999999998
2015-08-01,2015,8,125408.33333333331,25923.33333333333,27.8,53.5,Mpumalanga,MP,0.06,0.85,41.0,7524.499999999998,1322.0899999999997
2015-08-01,2015,8,125408.33333333331,25923.33333333333,27.8,53.5,Limpopo,LP,0.06,0.6,52.0,7524.499999999998,933.2399999999998
2015-08-01,2015,8,125408.33333333331,25923.33333333333,27.8,53.5,Free State,FS,0.05,0.8,39.0,6270.416666666666,1036.9333333333332
2015-08-01,2015,8,125408.33333333331,25923.33333333333,27.8,53.5,North West,NW,0.05,0.75,44.0,6270.416666666666,972.1249999999999
2015-08-01,2015,8,125408.33333333331,25923.33333333333,27.8,53.5,Northern Cape,NC,0.02,0.7,35.0,2508.1666666666665,362.92666666666656
2015-09-01,2015,9,126649.99999999999,26179.999999999996,27.8,53.5,Gauteng,GP,0.35,1.1,22.0,44327.49999999999,10079.3
2015-09-01,2015,9,126649.99999999999,26179.999999999996,27.8,53.5,KwaZulu-Natal,KZN,0.18,0.95,32.0,22796.999999999996,4476.779999999999
2015-09-01,2015,9,126649.99999999999,26179.999999999996,27.8,53.5,Western Cape,WC,0.15,1.25,18.0,18997.499999999996,4908.749999999999
2015-09-01,2015,9,126649.99999999999,26179.999999999996,27.8,53.5,Eastern Cape,EC,0.08,0.9,38.0,10131.999999999998,1884.9599999999998
2015-09-01,2015,9,126649.99999999999,26179.999999999996,27.8,53.5,Mpumalanga,MP,0.06,0.85,41.0,7598.999999999999,1335.1799999999998
2015-09-01,2015,9,126649.99999999999,26179.999999999996,27.8,53.5,Limpopo,LP,0.06,0.6,52.0,7598.999999999999,942.4799999999998
2015-09-01,2015,9,126649.99999999999,26179.999999999996,27.8,53.5,Free State,FS,0.05,0.8,39.0,6332.5,1047.2
2015-09-01,2015,9,126649.99999999999,26179.999999999996,27.8,53.5,North West,NW,0.05,0.75,44.0,6332.5,981.75
2015-09-01,2015,9,126649.99999999999,26179.999999999996,27.8,53.5,Northern Cape,NC,0.02,0.7,35.0,2532.9999999999995,366.5199999999999
2015-10-01,2015,10,129133.33333333331,26693.33333333333,27.8,53.5,Gauteng,GP,0.35,1.1,22.0,45196.66666666666,10276.93333333333
2015-10-01,2015,10,129133.33333333331,26693.33333333333,27.8,53.5,KwaZulu-Natal,KZN,0.18,0.95,32.0,23243.999999999996,4564.5599999999995
2015-10-01,2015,10,129133.33333333331,26693.33333333333,27.8,53.5,Western Cape,WC,0.15,1.25,18.0,19369.999999999996,5004.999999999999
2015-10-01,2015,10,129133.33333333331,26693.33333333333,27.8,53.5,Eastern Cape,EC,0.08,0.9,38.0,10330.666666666666,1921.9199999999996
2015-10-01,2015,10,129133.33333333331,26693.33333333333,27.8,53.5,Mpumalanga,MP,0.06,0.85,41.0,7747.999999999998,1361.3599999999997
2015-10-01,2015,10,129133.33333333331,26693.33333333333,27.8,53.5,Limpopo,LP,0.06,0.6,52.0,7747.999999999998,960.9599999999998
2015-10-01,2015,10,129133.33333333331,26693.33333333333,27.8,53.5,Free State,FS,0.05,0.8,39.0,6456.666666666666,1067.7333333333333
2015-10-01,2015,10,129133.33333333331,26693.33333333333,27.8,53.5,North West,NW,0.05,0.75,44.0,6456.666666666666,1000.9999999999999
2015-10-01,2015,10,129133.33333333331,26693.33333333333,27.8,53.5,Northern Cape,NC,0.02,0.7,35.0,2582.6666666666665,373.7066666666666
2015-11-01,2015,11,134100.0,27719.999999999996,27.8,53.5,Gauteng,GP,0.35,1.1,22.0,46935.0,10672.199999999999
2015-11-01,2015,11,134100.0,27719.999999999996,27.8,53.5,KwaZulu-Natal,KZN,0.18,0.95,32.0,24138.0,4740.119999999999
2015-11-01,2015,11,134100.0,27719.999999999996,27.8,53.5,Western Cape,WC,0.15,1.25,18.0,20115.0,5197.499999999999
2015-11-01,2015,11,134100.0,27719.999999999996,27.8,53.5,Eastern Cape,EC,0.08,0.9,38.0,10728.0,1995.84
2015-11-01,2015,11,134100.0,27719.999999999996,27.8,53.5,Mpumalanga,MP,0.06,0.85,41.0,8046.0,1413.7199999999998
2015-11-01,2015,11,134100.0,27719.999999999996,27.8,53.5,Limpopo,LP,0.06,0.6,52.0,8046.0,997.9199999999998
2015-11-01,2015,11,134100.0,27719.999999999996,27.8,53.5,Free State,FS,0.05,0.8,39.0,6705.0,1108.8
2015-11-01,2015,11,134100.0,27719.999999999996,27.8,53.5,North West,NW,0.05,0.75,44.0,6705.0,1039.5
2015-11-01,2015,11,134100.0,27719.999999999996,27.8,53.5,Northern Cape,NC,0.02,0.7,35.0,2682.0,388.08
2015-12-01,2015,12,132858.3333333333,27463.333333333332,27.8,53.5,Gauteng,GP,0.35,1.1,22.0,46500.41666666666,10573.383333333333
2015-12-01,2015,12,132858.3333333333,27463.333333333332,27.8,53.5,KwaZulu-Natal,KZN,0.18,0.95,32.0,23914.499999999996,4696.23
2015-12-01,2015,12,132858.3333333333,27463.333333333332,27.8,53.5,Western Cape,WC,0.15,1.25,18.0,19928.749999999996,5149.375
2015-12-01,2015,12,132858.3333333333,27463.333333333332,27.8,53.5,Eastern Cape,EC,0.08,0.9,38.0,10628.666666666666,1977.36
2015-12-01,2015,12,132858.3333333333,27463.333333333332,27.8,53.5,Mpumalanga,MP,0.06,0.85,41.0,7971.499999999998,1400.6299999999999
2015-12-01,2015,12,132858.3333333333,27463.333333333332,27.8,53.5,Limpopo,LP,0.06,0.6,52.0,7971.499999999998,988.68
2015-12-01,2015,12,132858.3333333333,27463.333333333332,27.8,53.5,Free State,FS,0.05,0.8,39.0,6642.916666666666,1098.5333333333335
2015-12-01,2015,12,132858.3333333333,27463.333333333332,27.8,53.5,North West,NW,0.05,0.75,44.0,6642.916666666666,1029.875
2015-12-01,2015,12,132858.3333333333,27463.333333333332,27.8,53.5,Northern Cape,NC,0.02,0.7,35.0,2657.1666666666665,384.4866666666666
2016-01-01,2016,1,118283.3333333333,25771.66666666666,28.0,53.8,Gauteng,GP,0.35,1.1,22.0,41399.16666666665,9922.091666666664
2016-01-01,2016,1,118283.3333333333,25771.66666666666,28.0,53.8,KwaZulu-Natal,KZN,0.18,0.95,32.0,21290.999999999993,4406.954999999999
2016-01-01,2016,1,118283.3333333333,25771.66666666666,28.0,53.8,Western Cape,WC,0.15,1.25,18.0,17742.499999999993,4832.187499999999
2016-01-01,2016,1,118283.3333333333,25771.66666666666,28.0,53.8,Eastern Cape,EC,0.08,0.9,38.0,9462.666666666664,1855.5599999999995
2016-01-01,2016,1,118283.3333333333,25771.66666666666,28.0,53.8,Mpumalanga,MP,0.06,0.85,41.0,7096.999999999997,1314.3549999999996
2016-01-01,2016,1,118283.3333333333,25771.66666666666,28.0,53.8,Limpopo,LP,0.06,0.6,52.0,7096.999999999997,927.7799999999996
2016-01-01,2016,1,118283.3333333333,25771.66666666666,28.0,53.8,Free State,FS,0.05,0.8,39.0,5914.166666666665,1030.8666666666666
2016-01-01,2016,1,118283.3333333333,25771.66666666666,28.0,53.8,North West,NW,0.05,0.75,44.0,5914.166666666665,966.4374999999998
2016-01-01,2016,1,118283.3333333333,25771.66666666666,28.0,53.8,Northern Cape,NC,0.02,0.7,35.0,2365.666666666666,360.80333333333317
2016-02-01,2016,2,117024.99999999997,25497.499999999996,28.0,53.8,Gauteng,GP,0.35,1.1,22.0,40958.749999999985,9816.537499999999
2016-02-01,2016,2,117024.99999999997,25497.499999999996,28.0,53.8,KwaZulu-Natal,KZN,0.18,0.95,32.0,21064.499999999993,4360.072499999999
2016-02-01,2016,2,117024.99999999997,25497.499999999996,28.0,53.8,Western Cape,WC,0.15,1.25,18.0,17553.749999999996,4780.781249999999
2016-02-01,2016,2,117024.99999999997,25497.499999999996,28.0,53.8,Eastern Cape,EC,0.08,0.9,38.0,9361.999999999998,1835.8199999999997
2016-02-01,2016,2,117024.99999999997,25497.499999999996,28.0,53.8,Mpumalanga,MP,0.06,0.85,41.0,7021.499999999998,1300.3724999999997
2016-02-01,2016,2,117024.99999999997,25497.499999999996,28.0,53.8,Limpopo,LP,0.06,0.6,52.0,7021.499999999998,917.9099999999997
2016-02-01,2016,2,117024.99999999997,25497.499999999996,28.0,53.8,Free State,FS,0.05,0.8,39.0,5851.249999999999,1019.9000000000001
2016-02-01,2016,2,117024.99999999997,25497.499999999996,28.0,53.8,North West,NW,0.05,0.75,44.0,5851.249999999999,956.15625
2016-02-01,2016,2,117024.99999999997,25497.499999999996,28.0,53.8,Northern Cape,NC,0.02,0.7,35.0,2340.4999999999995,356.9649999999999
2016-03-01,2016,3,123316.66666666663,26868.33333333333,28.0,53.8,Gauteng,GP,0.35,1.1,22.0,43160.833333333314,10344.30833333333
2016-03-01,2016,3,123316.66666666663,26868.33333333333,28.0,53.8,KwaZulu-Natal,KZN,0.18,0.95,32.0,22196.999999999993,4594.484999999999
2016-03-01,2016,3,123316.66666666663,26868.33333333333,28.0,53.8,Western Cape,WC,0.15,1.25,18.0,18497.499999999993,5037.812499999999
2016-03-01,2016,3,123316.66666666663,26868.33333333333,28.0,53.8,Eastern Cape,EC,0.08,0.9,38.0,9865.33333333333,1934.5199999999998
2016-03-01,2016,3,123316.66666666663,26868.33333333333,28.0,53.8,Mpumalanga,MP,0.06,0.85,41.0,7398.999999999997,1370.2849999999996
2016-03-01,2016,3,123316.66666666663,26868.33333333333,28.0,53.8,Limpopo,LP,0.06,0.6,52.0,7398.999999999997,967.2599999999998
2016-03-01,2016,3,123316.66666666663,26868.33333333333,28.0,53.8,Free State,FS,0.05,0.8,39.0,6165.833333333332,1074.7333333333333
2016-03-01,2016,3,123316.66666666663,26868.33333333333,28.0,53.8,North West,NW,0.05,0.75,44.0,6165.833333333332,1007.5624999999999
2016-03-01,2016,3,123316.66666666663,26868.33333333333,28.0,53.8,Northern Cape,NC,0.02,0.7,35.0,2466.3333333333326,376.1566666666666
2016-04-01,2016,4,122058.3333333333,26594.16666666666,28.0,53.8,Gauteng,GP,0.35,1.1,22.0,42720.41666666665,10238.754166666664
2016-04-01,2016,4,122058.3333333333,26594.16666666666,28.0,53.8,KwaZulu-Natal,KZN,0.18,0.95,32.0,21970.499999999993,4547.602499999999
2016-04-01,2016,4,122058.3333333333,26594.16666666666,28.0,53.8,Western Cape,WC,0.15,1.25,18.0,18308.749999999993,4986.406249999999
2016-04-01,2016,4,122058.3333333333,26594.16666666666,28.0,53.8,Eastern Cape,EC,0.08,0.9,38.0,9764.666666666664,1914.7799999999995
2016-04-01,2016,4,122058.3333333333,26594.16666666666,28.0,53.8,Mpumalanga,MP,0.06,0.85,41.0,7323.499999999997,1356.3024999999996
2016-04-01,2016,4,122058.3333333333,26594.16666666666,28.0,53.8,Limpopo,LP,0.06,0.6,52.0,7323.499999999997,957.3899999999998
2016-04-01,2016,4,122058.3333333333,26594.16666666666,28.0,53.8,Free State,FS,0.05,0.8,39.0,6102.916666666665,1063.7666666666664
2016-04-01,2016,4,122058.3333333333,26594.16666666666,28.0,53.8,North West,NW,0.05,0.75,44.0,6102.916666666665,997.2812499999998
2016-04-01,2016,4,122058.3333333333,26594.16666666666,28.0,53.8,Northern Cape,NC,0.02,0.7,35.0,2441.166666666666,372.3183333333332
2016-05-01,2016,5,124574.99999999997,27142.499999999996,28.0,53.8,Gauteng,GP,0.35,1.1,22.0,43601.249999999985,10449.8625
2016-05-01,2016,5,124574.99999999997,27142.499999999996,28.0,53.8,KwaZulu-Natal,KZN,0.18,0.95,32.0,22423.499999999993,4641.3674999999985
2016-05-01,2016,5,124574.99999999997,27142.499999999996,28.0,53.8,Western Cape,WC,0.15,1.25,18.0,18686.249999999996,5089.218749999999
2016-05-01,2016,5,124574.99999999997,27142.499999999996,28.0,53.8,Eastern Cape,EC,0.08,0.9,38.0,9965.999999999998,1954.2599999999998
2016-05-01,2016,5,124574.99999999997,27142.499999999996,28.0,53.8,Mpumalanga,MP,0.06,0.85,41.0,7474.499999999998,1384.2674999999997
2016-05-01,2016,5,124574.99999999997,27142.499999999996,28.0,53.8,Limpopo,LP,0.06,0.6,52.0,7474.499999999998,977.1299999999998
2016-05-01,2016,5,124574.99999999997,27142.499999999996,28.0,53.8,Free State,FS,0.05,0.8,39.0,6228.749999999999,1085.7
2016-05-01,2016,5,124574.99999999997,27142.499999999996,28.0,53.8,North West,NW,0.05,0.75,44.0,6228.749999999999,1017.84375
2016-05-01,2016,5,124574.99999999997,27142.499999999996,28.0,53.8,Northern Cape,NC,0.02,0.7,35.0,2491.4999999999995,379.9949999999999
2016-06-01,2016,6,123316.66666666663,26868.33333333333,28.0,53.8,Gauteng,GP,0.35,1.1,22.0,43160.833333333314,10344.30833333333
2016-06-01,2016,6,123316.66666666663,26868.33333333333,28.0,53.8,KwaZulu-Natal,KZN,0.18,0.95,32.0,22196.999999999993,4594.484999999999
2016-06-01,2016,6,123316.66666666663,26868.33333333333,28.0,53.8,Western Cape,WC,0.15,1.25,18.0,18497.499999999993,5037.812499999999
2016-06-01,2016,6,123316.66666666663,26868.33333333333,28.0,53.8,Eastern Cape,EC,0.08,0.9,38.0,9865.33333333333,1934.5199999999998
2016-06-01,2016,6,123316.66666666663,26868.33333333333,28.0,53.8,Mpumalanga,MP,0.06,0.85,41.0,7398.999999999997,1370.2849999999996
2016-06-01,2016,6,123316.66666666663,26868.33333333333,28.0,53.8,Limpopo,LP,0.06,0.6,52.0,7398.999999999997,967.2599999999998
2016-06-01,2016,6,123316.66666666663,26868.33333333333,28.0,53.8,Free State,FS,0.05,0.8,39.0,6165.833333333332,1074.7333333333333
2016-06-01,2016,6,123316.66666666663,26868.33333333333,28.0,53.8,North West,NW,0.05,0.75,44.0,6165.833333333332,1007.5624999999999
2016-06-01,2016,6,123316.66666666663,26868.33333333333,28.0,53.8,Northern Cape,NC,0.02,0.7,35.0,2466.3333333333326,376.1566666666666
2016-07-01,2016,7,124574.99999999997,27142.499999999996,28.0,53.8,Gauteng,GP,0.35,1.1,22.0,43601.249999999985,10449.8625
2016-07-01,2016,7,124574.99999999997,27142.499999999996,28.0,53.8,KwaZulu-Natal,KZN,0.18,0.95,32.0,22423.499999999993,4641.3674999999985
2016-07-01,2016,7,124574.99999999997,27142.499999999996,28.0,53.8,Western Cape,WC,0.15,1.25,18.0,18686.249999999996,5089.218749999999
2016-07-01,2016,7,124574.99999999997,27142.499999999996,28.0,53.8,Eastern Cape,EC,0.08,0.9,38.0,9965.999999999998,1954.2599999999998
2016-07-01,2016,7,124574.99999999997,27142.499999999996,28.0,53.8,Mpumalanga,MP,0.06,0.85,41.0,7474.499999999998,1384.2674999999997
2016-07-01,2016,7,124574.99999999997,27142.499999999996,28.0,53.8,Limpopo,LP,0.06,0.6,52.0,7474.499999999998,977.1299999999998
2016-07-01,2016,7,124574.99999999997,27142.499999999996,28.0,53.8,Free State,FS,0.05,0.8,39.0,6228.749999999999,1085.7
2016-07-01,2016,7,124574.99999999997,27142.499999999996,28.0,53.8,North West,NW,0.05,0.75,44.0,6228.749999999999,1017.84375
2016-07-01,2016,7,124574.99999999997,27142.499999999996,28.0,53.8,Northern Cape,NC,0.02,0.7,35.0,2491.4999999999995,379.9949999999999
2016-08-01,2016,8,127091.66666666663,27690.83333333333,28.0,53.8,Gauteng,GP,0.35,1.1,22.0,44482.083333333314,10660.970833333331
2016-08-01,2016,8,127091.66666666663,27690.83333333333,28.0,53.8,KwaZulu-Natal,KZN,0.18,0.95,32.0,22876.499999999993,4735.132499999999
2016-08-01,2016,8,127091.66666666663,27690.83333333333,28.0,53.8,Western Cape,WC,0.15,1.25,18.0,19063.749999999993,5192.031249999999
2016-08-01,2016,8,127091.66666666663,27690.83333333333,28.0,53.8,Eastern Cape,EC,0.08,0.9,38.0,10167.33333333333,1993.7399999999998
2016-08-01,2016,8,127091.66666666663,27690.83333333333,28.0,53.8,Mpumalanga,MP,0.06,0.85,41.0,7625.499999999997,1412.2324999999996
2016-08-01,2016,8,127091.66666666663,27690.83333333333,28.0,53.8,Limpopo,LP,0.06,0.6,52.0,7625.499999999997,996.8699999999997
2016-08-01,2016,8,127091.66666666663,27690.83333333333,28.0,53.8,Free State,FS,0.05,0.8,39.0,6354.583333333332,1107.6333333333332
2016-08-01,2016,8,127091.66666666663,27690.83333333333,28.0,53.8,North West,NW,0.05,0.75,44.0,6354.583333333332,1038.40625
2016-08-01,2016,8,127091.66666666663,27690.83333333333,28.0,53.8,Northern Cape,NC,0.02,0.7,35.0,2541.8333333333326,387.6716666666666
2016-09-01,2016,9,128349.99999999997,27964.999999999996,28.0,53.8,Gauteng,GP,0.35,1.1,22.0,44922.499999999985,10766.525
2016-09-01,2016,9,128349.99999999997,27964.999999999996,28.0,53.8,KwaZulu-Natal,KZN,0.18,0.95,32.0,23102.999999999993,4782.0149999999985
2016-09-01,2016,9,128349.99999999997,27964.999999999996,28.0,53.8,Western Cape,WC,0.15,1.25,18.0,19252.499999999996,5243.437499999999
2016-09-01,2016,9,128349.99999999997,27964.999999999996,28.0,53.8,Eastern Cape,EC,0.08,0.9,38.0,10267.999999999998,2013.4799999999998
2016-09-01,2016,9,128349.99999999997,27964.999999999996,28.0,53.8,Mpumalanga,MP,0.06,0.85,41.0,7700.999999999998,1426.2149999999997
2016-09-01,2016,9,128349.99999999997,27964.999999999996,28.0,53.8,Limpopo,LP,0.06,0.6,52.0,7700.999999999998,1006.7399999999998
2016-09-01,2016,9,128349.99999999997,27964.999999999996,28.0,53.8,Free State,FS,0.05,0.8,39.0,6417.499999999999,1118.6000000000001
2016-09-01,2016,9,128349.99999999997,27964.999999999996,28.0,53.8,North West,NW,0.05,0.75,44.0,6417.499999999999,1048.6875
2016-09-01,2016,9,128349.99999999997,27964.999999999996,28.0,53.8,Northern Cape,NC,0.02,0.7,35.0,2566.9999999999995,391.50999999999993
2016-10-01,2016,10,130866.66666666664,28513.33333333333,28.0,53.8,Gauteng,GP,0.35,1.1,22.0,45803.33333333332,10977.633333333331
2016-10-01,2016,10,130866.66666666664,28513.33333333333,28.0,53.8,KwaZulu-Natal,KZN,0.18,0.95,32.0,23555.999999999996,4875.779999999999
2016-10-01,2016,10,130866.66666666664,28513.33333333333,28.0,53.8,Western Cape,WC,0.15,1.25,18.0,19629.999999999996,5346.249999999999
2016-10-01,2016,10,130866.66666666664,28513.33333333333,28.0,53.8,Eastern Cape,EC,0.08,0.9,38.0,10469.333333333332,2052.9599999999996
2016-10-01,2016,10,130866.66666666664,28513.33333333333,28.0,53.8,Mpumalanga,MP,0.06,0.85,41.0,7851.999999999998,1454.1799999999998
2016-10-01,2016,10,130866.66666666664,28513.33333333333,28.0,53.8,Limpopo,LP,0.06,0.6,52.0,7851.999999999998,1026.4799999999998
2016-10-01,2016,10,130866.66666666664,28513.33333333333,28.0,53.8,Free State,FS,0.05,0.8,39.0,6543.333333333332,1140.5333333333333
2016-10-01,2016,10,130866.66666666664,28513.33333333333,28.0,53.8,North West,NW,0.05,0.75,44.0,6543.333333333332,1069.25
2016-10-01,2016,10,130866.66666666664,28513.33333333333,28.0,53.8,Northern Cape,NC,0.02,0.7,35.0,2617.333333333333,399.18666666666655
2016-11-01,2016,11,135899.99999999997,29609.999999999996,28.0,53.8,Gauteng,GP,0.35,1.1,22.0,47564.999999999985,11399.849999999999
2016-11-01,2016,11,135899.99999999997,29609.999999999996,28.0,53.8,KwaZulu-Natal,KZN,0.18,0.95,32.0,24461.999999999993,5063.3099999999995
2016-11-01,2016,11,135899.99999999997,29609.999999999996,28.0,53.8,Western Cape,WC,0.15,1.25,18.0,20384.999999999996,5551.874999999999
2016-11-01,2016,11,135899.99999999997,29609.999999999996,28.0,53.8,Eastern Cape,EC,0.08,0.9,38.0,10871.999999999998,2131.9199999999996
2016-11-01,2016,11,135899.99999999997,29609.999999999996,28.0,53.8,Mpumalanga,MP,0.06,0.85,41.0,8153.999999999998,1510.1099999999997
2016-11-01,2016,11,135899.99999999997,29609.999999999996,28.0,53.8,Limpopo,LP,0.06,0.6,52.0,8153.999999999998,1065.9599999999998
2016-11-01,2016,11,135899.99999999997,29609.999999999996,28.0,53.8,Free State,FS,0.05,0.8,39.0,6794.999999999999,1184.4
2016-11-01,2016,11,135899.99999999997,29609.999999999996,28.0,53.8,North West,NW,0.05,0.75,44.0,6794.999999999999,1110.375
2016-11-01,2016,11,135899.99999999997,29609.999999999996,28.0,53.8,Northern Cape,NC,0.02,0.7,35.0,2717.9999999999995,414.5399999999999
2016-12-01,2016,12,134641.66666666663,29335.83333333333,28.0,53.8,Gauteng,GP,0.35,1.1,22.0,47124.583333333314,11294.295833333332
2016-12-01,2016,12,134641.66666666663,29335.83333333333,28.0,53.8,KwaZulu-Natal,KZN,0.18,0.95,32.0,24235.499999999993,5016.427499999999
2016-12-01,2016,12,134641.66666666663,29335.83333333333,28.0,53.8,Western Cape,WC,0.15,1.25,18.0,20196.249999999993,5500.468749999999
2016-12-01,2016,12,134641.66666666663,29335.83333333333,28.0,53.8,Eastern Cape,EC,0.08,0.9,38.0,10771.33333333333,2112.18
2016-12-01,2016,12,134641.66666666663,29335.83333333333,28.0,53.8,Mpumalanga,MP,0.06,0.85,41.0,8078.499999999997,1496.1274999999996
2016-12-01,2016,12,134641.66666666663,29335.83333333333,28.0,53.8,Limpopo,LP,0.06,0.6,52.0,8078.499999999997,1056.0899999999997
2016-12-01,2016,12,134641.66666666663,29335.83333333333,28.0,53.8,Free State,FS,0.05,0.8,39.0,6732.083333333332,1173.4333333333332
2016-12-01,2016,12,134641.66666666663,29335.83333333333,28.0,53.8,North West,NW,0.05,0.75,44.0,6732.083333333332,1100.09375
2016-12-01,2016,12,134641.66666666663,29335.83333333333,28.0,53.8,Northern Cape,NC,0.02,0.7,35.0,2692.8333333333326,410.7016666666666
2017-01-01,2017,1,120633.3333333333,26163.333333333325,28.3,54.0,Gauteng,GP,0.35,1.1,22.0,42221.66666666665,10072.88333333333
2017-01-01,2017,1,120633.3333333333,26163.333333333325,28.3,54.0,KwaZulu-Natal,KZN,0.18,0.95,32.0,21713.999999999993,4473.9299999999985
2017-01-01,2017,1,120633.3333333333,26163.333333333325,28.3,54.0,Western Cape,WC,0.15,1.25,18.0,18094.999999999993,4905.624999999998
2017-01-01,2017,1,120633.3333333333,26163.333333333325,28.3,54.0,Eastern Cape,EC,0.08,0.9,38.0,9650.666666666664,1883.7599999999995
2017-01-01,2017,1,120633.3333333333,26163.333333333325,28.3,54.0,Mpumalanga,MP,0.06,0.85,41.0,7237.999999999997,1334.3299999999995
2017-01-01,2017,1,120633.3333333333,26163.333333333325,28.3,54.0,Limpopo,LP,0.06,0.6,52.0,7237.999999999997,941.8799999999997
2017-01-01,2017,1,120633.3333333333,26163.333333333325,28.3,54.0,Free State,FS,0.05,0.8,39.0,6031.666666666665,1046.533333333333
2017-01-01,2017,1,120633.3333333333,26163.333333333325,28.3,54.0,North West,NW,0.05,0.75,44.0,6031.666666666665,981.1249999999998
2017-01-01,2017,1,120633.3333333333,26163.333333333325,28.3,54.0,Northern Cape,NC,0.02,0.7,35.0,2412.666666666666,366.2866666666666
2017-02-01,2017,2,119349.99999999997,25884.999999999993,28.3,54.0,Gauteng,GP,0.35,1.1,22.0,41772.499999999985,9965.724999999997
2017-02-01,2017,2,119349.99999999997,25884.999999999993,28.3,54.0,KwaZulu-Natal,KZN,0.18,0.95,32.0,21482.999999999993,4426.334999999998
2017-02-01,2017,2,119349.99999999997,25884.999999999993,28.3,54.0,Western Cape,WC,0.15,1.25,18.0,17902.499999999996,4853.437499999998
2017-02-01,2017,2,119349.99999999997,25884.999999999993,28.3,54.0,Eastern Cape,EC,0.08,0.9,38.0,9547.999999999998,1863.7199999999993
2017-02-01,2017,2,119349.99999999997,25884.999999999993,28.3,54.0,Mpumalanga,MP,0.06,0.85,41.0,7160.999999999998,1320.1349999999995
2017-02-01,2017,2,119349.99999999997,25884.999999999993,28.3,54.0,Limpopo,LP,0.06,0.6,52.0,7160.999999999998,931.8599999999997
2017-02-01,2017,2,119349.99999999997,25884.999999999993,28.3,54.0,Free State,FS,0.05,0.8,39.0,5967.499999999999,1035.3999999999999
2017-02-01,2017,2,119349.99999999997,25884.999999999993,28.3,54.0,North West,NW,0.05,0.75,44.0,5967.499999999999,970.6874999999998
2017-02-01,2017,2,119349.99999999997,25884.999999999993,28.3,54.0,Northern Cape,NC,0.02,0.7,35.0,2386.9999999999995,362.3899999999999
2017-03-01,2017,3,125766.66666666663,27276.66666666666,28.3,54.0,Gauteng,GP,0.35,1.1,22.0,44018.333333333314,10501.516666666665
2017-03-01,2017,3,125766.66666666663,27276.66666666666,28.3,54.0,KwaZulu-Natal,KZN,0.18,0.95,32.0,22637.999999999993,4664.309999999999
2017-03-01,2017,3,125766.66666666663,27276.66666666666,28.3,54.0,Western Cape,WC,0.15,1.25,18.0,18864.999999999993,5114.374999999999
2017-03-01,2017,3,125766.66666666663,27276.66666666666,28.3,54.0,Eastern Cape,EC,0.08,0.9,38.0,10061.33333333333,1963.9199999999996
2017-03-01,2017,3,125766.66666666663,27276.66666666666,28.3,54.0,Mpumalanga,MP,0.06,0.85,41.0,7545.999999999997,1391.1099999999997
2017-03-01,2017,3,125766.66666666663,27276.66666666666,28.3,54.0,Limpopo,LP,0.06,0.6,52.0,7545.999999999997,981.9599999999998
2017-03-01,2017,3,125766.66666666663,27276.66666666666,28.3,54.0,Free State,FS,0.05,0.8,39.0,6288.333333333332,1091.0666666666664
2017-03-01,2017,3,125766.66666666663,27276.66666666666,28.3,54.0,North West,NW,0.05,0.75,44.0,6288.333333333332,1022.8749999999998
2017-03-01,2017,3,125766.66666666663,27276.66666666666,28.3,54.0,Northern Cape,NC,0.02,0.7,35.0,2515.3333333333326,381.8733333333332
2017-04-01,2017,4,124483.3333333333,26998.333333333325,28.3,54.0,Gauteng,GP,0.35,1.1,22.0,43569.16666666665,10394.35833333333
2017-04-01,2017,4,124483.3333333333,26998.333333333325,28.3,54.0,KwaZulu-Natal,KZN,0.18,0.95,32.0,22406.999999999993,4616.714999999998
2017-04-01,2017,4,124483.3333333333,26998.333333333325,28.3,54.0,Western Cape,WC,0.15,1.25,18.0,18672.499999999993,5062.187499999998
2017-04-01,2017,4,124483.3333333333,26998.333333333325,28.3,54.0,Eastern Cape,EC,0.08,0.9,38.0,9958.666666666664,1943.8799999999994
2017-04-01,2017,4,124483.3333333333,26998.333333333325,28.3,54.0,Mpumalanga,MP,0.06,0.85,41.0,7468.999999999997,1376.9149999999995
2017-04-01,2017,4,124483.3333333333,26998.333333333325,28.3,54.0,Limpopo,LP,0.06,0.6,52.0,7468.999999999997,971.9399999999996
2017-04-01,2017,4,124483.3333333333,26998.333333333325,28.3,54.0,Free State,FS,0.05,0.8,39.0,6224.166666666665,1079.9333333333332
2017-04-01,2017,4,124483.3333333333,26998.333333333325,28.3,54.0,North West,NW,0.05,0.75,44.0,6224.166666666665,1012.4374999999998
2017-04-01,2017,4,124483.3333333333,26998.333333333325,28.3,54.0,Northern Cape,NC,0.02,0.7,35.0,2489.666666666666,377.9766666666665
2017-05-01,2017,5,127049.99999999997,27554.999999999993,28.3,54.0,Gauteng,GP,0.35,1.1,22.0,44467.499999999985,10608.674999999997
2017-05-01,2017,5,127049.99999999997,27554.999999999993,28.3,54.0,KwaZulu-Natal,KZN,0.18,0.95,32.0,22868.999999999993,4711.904999999999
2017-05-01,2017,5,127049.99999999997,27554.999999999993,28.3,54.0,Western Cape,WC,0.15,1.25,18.0,19057.499999999996,5166.562499999999
2017-05-01,2017,5,127049.99999999997,27554.999999999993,28.3,54.0,Eastern Cape,EC,0.08,0.9,38.0,10163.999999999998,1983.9599999999998
2017-05-01,2017,5,127049.99999999997,27554.999999999993,28.3,54.0,Mpumalanga,MP,0.06,0.85,41.0,7622.999999999998,1405.3049999999996
2017-05-01,2017,5,127049.99999999997,27554.999999999993,28.3,54.0,Limpopo,LP,0.06,0.6,52.0,7622.999999999998,991.9799999999997
2017-05-01,2017,5,127049.99999999997,27554.999999999993,28.3,54.0,Free State,FS,0.05,0.8,39.0,6352.499999999999,1102.1999999999998
2017-05-01,2017,5,127049.99999999997,27554.999999999993,28.3,54.0,North West,NW,0.05,0.75,44.0,6352.499999999999,1033.3124999999998
2017-05-01,2017,5,127049.99999999997,27554.999999999993,28.3,54.0,Northern Cape,NC,0.02,0.7,35.0,2540.9999999999995,385.7699999999999
2017-06-01,2017,6,125766.66666666663,27276.66666666666,28.3,54.0,Gauteng,GP,0.35,1.1,22.0,44018.333333333314,10501.516666666665
2017-06-01,2017,6,125766.66666666663,27276.66666666666,28.3,54.0,KwaZulu-Natal,KZN,0.18,0.95,32.0,22637.999999999993,4664.309999999999
2017-06-01,2017,6,125766.66666666663,27276.66666666666,28.3,54.0,Western Cape,WC,0.15,1.25,18.0,18864.999999999993,5114.374999999999
2017-06-01,2017,6,125766.66666666663,27276.66666666666,28.3,54.0,Eastern Cape,EC,0.08,0.9,38.0,10061.33333333333,1963.9199999999996
2017-06-01,2017,6,125766.66666666663,27276.66666666666,28.3,54.0,Mpumalanga,MP,0.06,0.85,41.0,7545.999999999997,1391.1099999999997
2017-06-01,2017,6,125766.66666666663,27276.66666666666,28.3,54.0,Limpopo,LP,0.06,0.6,52.0,7545.999999999997,981.9599999999998
2017-06-01,2017,6,125766.66666666663,27276.66666666666,28.3,54.0,Free State,FS,0.05,0.8,39.0,6288.333333333332,1091.0666666666664
2017-06-01,2017,6,125766.66666666663,27276.66666666666,28.3,54.0,North West,NW,0.05,0.75,44.0,6288.333333333332,1022.8749999999998
2017-06-01,2017,6,125766.66666666663,27276.66666666666,28.3,54.0,Northern Cape,NC,0.02,0.7,35.0,2515.3333333333326,381.8733333333332
2017-07-01,2017,7,127049.99999999997,27554.999999999993,28.3,54.0,Gauteng,GP,0.35,1.1,22.0,44467.499999999985,10608.674999999997
2017-07-01,2017,7,127049.99999999997,27554.999999999993,28.3,54.0,KwaZulu-Natal,KZN,0.18,0.95,32.0,22868.999999999993,4711.904999999999
2017-07-01,2017,7,127049.99999999997,27554.999999999993,28.3,54.0,Western Cape,WC,0.15,1.25,18.0,19057.499999999996,5166.562499999999
2017-07-01,2017,7,127049.99999999997,27554.999999999993,28.3,54.0,Eastern Cape,EC,0.08,0.9,38.0,10163.999999999998,1983.9599999999998
2017-07-01,2017,7,127049.99999999997,27554.999999999993,28.3,54.0,Mpumalanga,MP,0.06,0.85,41.0,7622.999999999998,1405.3049999999996
2017-07-01,2017,7,127049.99999999997,27554.999999999993,28.3,54.0,Limpopo,LP,0.06,0.6,52.0,7622.999999999998,991.9799999999997
2017-07-01,2017,7,127049.99999999997,27554.999999999993,28.3,54.0,Free State,FS,0.05,0.8,39.0,6352.499999999999,1102.1999999999998
2017-07-01,2017,7,127049.99999999997,27554.999999999993,28.3,54.0,North West,NW,0.05,0.75,44.0,6352.499999999999,1033.3124999999998
2017-07-01,2017,7,127049.99999999997,27554.999999999993,28.3,54.0,Northern Cape,NC,0.02,0.7,35.0,2540.9999999999995,385.7699999999999
2017-08-01,2017,8,129616.66666666663,28111.66666666666,28.3,54.0,Gauteng,GP,0.35,1.1,22.0,45365.833333333314,10822.991666666665
2017-08-01,2017,8,129616.66666666663,28111.66666666666,28.3,54.0,KwaZulu-Natal,KZN,0.18,0.95,32.0,23330.999999999993,4807.094999999998
2017-08-01,2017,8,129616.66666666663,28111.66666666666,28.3,54.0,Western Cape,WC,0.15,1.25,18.0,19442.499999999993,5270.937499999999
2017-08-01,2017,8,129616.66666666663,28111.66666666666,28.3,54.0,Eastern Cape,EC,0.08,0.9,38.0,10369.33333333333,2024.0399999999997
2017-08-01,2017,8,129616.66666666663,28111.66666666666,28.3,54.0,Mpumalanga,MP,0.06,0.85,41.0,7776.999999999997,1433.6949999999997
2017-08-01,2017,8,129616.66666666663,28111.66666666666,28.3,54.0,Limpopo,LP,0.06,0.6,52.0,7776.999999999997,1012.0199999999998
2017-08-01,2017,8,129616.66666666663,28111.66666666666,28.3,54.0,Free State,FS,0.05,0.8,39.0,6480.833333333332,1124.4666666666665
2017-08-01,2017,8,129616.66666666663,28111.66666666666,28.3,54.0,North West,NW,0.05,0.75,44.0,6480.833333333332,1054.1874999999998
2017-08-01,2017,8,129616.66666666663,28111.66666666666,28.3,54.0,Northern Cape,NC,0.02,0.7,35.0,2592.3333333333326,393.5633333333332
2017-09-01,2017,9,130899.99999999997,28389.999999999993,28.3,54.0,Gauteng,GP,0.35,1.1,22.0,45814.999999999985,10930.149999999996
2017-09-01,2017,9,130899.99999999997,28389.999999999993,28.3,54.0,KwaZulu-Natal,KZN,0.18,0.95,32.0,23561.999999999993,4854.689999999999
2017-09-01,2017,9,130899.99999999997,28389.999999999993,28.3,54.0,Western Cape,WC,0.15,1.25,18.0,19634.999999999996,5323.124999999999
2017-09-01,2017,9,130899.99999999997,28389.999999999993,28.3,54.0,Eastern Cape,EC,0.08,0.9,38.0,10471.999999999998,2044.0799999999995
2017-09-01,2017,9,130899.99999999997,28389.999999999993,28.3,54.0,Mpumalanga,MP,0.06,0.85,41.0,7853.999999999998,1447.8899999999994
2017-09-01,2017,9,130899.99999999997,28389.999999999993,28.3,54.0,Limpopo,LP,0.06,0.6,52.0,7853.999999999998,1022.0399999999996
2017-09-01,2017,9,130899.99999999997,28389.999999999993,28.3,54.0,Free State,FS,0.05,0.8,39.0,6544.999999999999,1135.6
2017-09-01,2017,9,130899.99999999997,28389.999999999993,28.3,54.0,North West,NW,0.05,0.75,44.0,6544.999999999999,1064.6249999999998
2017-09-01,2017,9,130899.99999999997,28389.999999999993,28.3,54.0,Northern Cape,NC,0.02,0.7,35.0,2617.9999999999995,397.45999999999987
2017-10-01,2017,10,133466.66666666663,28946.66666666666,28.3,54.0,Gauteng,GP,0.35,1.1,22.0,46713.333333333314,11144.466666666664
2017-10-01,2017,10,133466.66666666663,28946.66666666666,28.3,54.0,KwaZulu-Natal,KZN,0.18,0.95,32.0,24023.999999999993,4949.879999999998
2017-10-01,2017,10,133466.66666666663,28946.66666666666,28.3,54.0,Western Cape,WC,0.15,1.25,18.0,20019.999999999993,5427.499999999999
2017-10-01,2017,10,133466.66666666663,28946.66666666666,28.3,54.0,Eastern Cape,EC,0.08,0.9,38.0,10677.33333333333,2084.16
2017-10-01,2017,10,133466.66666666663,28946.66666666666,28.3,54.0,Mpumalanga,MP,0.06,0.85,41.0,8007.999999999997,1476.2799999999995
2017-10-01,2017,10,133466.66666666663,28946.66666666666,28.3,54.0,Limpopo,LP,0.06,0.6,52.0,8007.999999999997,1042.0799999999997
2017-10-01,2017,10,133466.66666666663,28946.66666666666,28.3,54.0,Free State,FS,0.05,0.8,39.0,6673.333333333332,1157.8666666666666
2017-10-01,2017,10,133466.66666666663,28946.66666666666,28.3,54.0,North West,NW,0.05,0.75,44.0,6673.333333333332,1085.4999999999998
2017-10-01,2017,10,133466.66666666663,28946.66666666666,28.3,54.0,Northern Cape,NC,0.02,0.7,35.0,2669.3333333333326,405.2533333333333
2017-11-01,2017,11,138599.99999999997,30059.999999999993,28.3,54.0,Gauteng,GP,0.35,1.1,22.0,48509.999999999985,11573.099999999997
2017-11-01,2017,11,138599.99999999997,30059.999999999993,28.3,54.0,KwaZulu-Natal,KZN,0.18,0.95,32.0,24947.999999999993,5140.259999999998
2017-11-01,2017,11,138599.99999999997,30059.999999999993,28.3,54.0,Western Cape,WC,0.15,1.25,18.0,20789.999999999996,5636.249999999999
2017-11-01,2017,11,138599.99999999997,30059.999999999993,28.3,54.0,Eastern Cape,EC,0.08,0.9,38.0,11087.999999999998,2164.3199999999993
2017-11-01,2017,11,138599.99999999997,30059.999999999993,28.3,54.0,Mpumalanga,MP,0.06,0.85,41.0,8315.999999999998,1533.0599999999995
2017-11-01,2017,11,138599.99999999997,30059.999999999993,28.3,54.0,Limpopo,LP,0.06,0.6,52.0,8315.999999999998,1082.1599999999996
2017-11-01,2017,11,138599.99999999997,30059.999999999993,28.3,54.0,Free State,FS,0.05,0.8,39.0,6929.999999999999,1202.3999999999999
2017-11-01,2017,11,138599.99999999997,30059.999999999993,28.3,54.0,North West,NW,0.05,0.75,44.0,6929.999999999999,1127.2499999999998
2017-11-01,2017,11,138599.99999999997,30059.999999999993,28.3,54.0,Northern Cape,NC,0.02,0.7,35.0,2771.9999999999995,420.83999999999986
2017-12-01,2017,12,137316.66666666663,29781.66666666666,28.3,54.0,Gauteng,GP,0.35,1.1,22.0,48060.833333333314,11465.941666666664
2017-12-01,2017,12,137316.66666666663,29781.66666666666,28.3,54.0,KwaZulu-Natal,KZN,0.18,0.95,32.0,24716.999999999993,5092.664999999999
2017-12-01,2017,12,137316.66666666663,29781.66666666666,28.3,54.0,Western Cape,WC,0.15,1.25,18.0,20597.499999999993,5584.062499999999
2017-12-01,2017,12,137316.66666666663,29781.66666666666,28.3,54.0,Eastern Cape,EC,0.08,0.9,38.0,10985.33333333333,2144.2799999999997
2017-12-01,2017,12,137316.66666666663,29781.66666666666,28.3,54.0,Mpumalanga,MP,0.06,0.85,41.0,8238.999999999998,1518.8649999999996
2017-12-01,2017,12,137316.66666666663,29781.66666666666,28.3,54.0,Limpopo,LP,0.06,0.6,52.0,8238.999999999998,1072.1399999999996
2017-12-01,2017,12,137316.66666666663,29781.66666666666,28.3,54.0,Free State,FS,0.05,0.8,39.0,6865.833333333332,1191.2666666666664
2017-12-01,2017,12,137316.66666666663,29781.66666666666,28.3,54.0,North West,NW,0.05,0.75,44.0,6865.833333333332,1116.8124999999998
2017-12-01,2017,12,137316.66666666663,29781.66666666666,28.3,54.0,Northern Cape,NC,0.02,0.7,35.0,2746.3333333333326,416.9433333333332
2018-01-01,2018,1,122199.99999999997,27573.333333333325,28.5,54.2,Gauteng,GP,0.35,1.1,22.0,42769.999999999985,10615.73333333333
2018-01-01,2018,1,122199.99999999997,27573.333333333325,28.5,54.2,KwaZulu-Natal,KZN,0.18,0.95,32.0,21995.999999999993,4715.039999999998
2018-01-01,2018,1,122199.99999999997,27573.333333333325,28.5,54.2,Western Cape,WC,0.15,1.25,18.0,18329.999999999996,5169.999999999998
2018-01-01,2018,1,122199.99999999997,27573.333333333325,28.5,54.2,Eastern Cape,EC,0.08,0.9,38.0,9775.999999999998,1985.2799999999993
2018-01-01,2018,1,122199.99999999997,27573.333333333325,28.5,54.2,Mpumalanga,MP,0.06,0.85,41.0,7331.999999999998,1406.2399999999996
2018-01-01,2018,1,122199.99999999997,27573.333333333325,28.5,54.2,Limpopo,LP,0.06,0.6,52.0,7331.999999999998,992.6399999999996
2018-01-01,2018,1,122199.99999999997,27573.333333333325,28.5,54.2,Free State,FS,0.05,0.8,39.0,6109.999999999999,1102.9333333333332
2018-01-01,2018,1,122199.99999999997,27573.333333333325,28.5,54.2,North West,NW,0.05,0.75,44.0,6109.999999999999,1033.9999999999998
2018-01-01,2018,1,122199.99999999997,27573.333333333325,28.5,54.2,Northern Cape,NC,0.02,0.7,35.0,2443.9999999999995,386.02666666666653
2018-02-01,2018,2,120899.99999999997,27279.999999999993,28.5,54.2,Gauteng,GP,0.35,1.1,22.0,42314.999999999985,10502.799999999997
2018-02-01,2018,2,120899.99999999997,27279.999999999993,28.5,54.2,KwaZulu-Natal,KZN,0.18,0.95,32.0,21761.999999999993,4664.879999999998
2018-02-01,2018,2,120899.99999999997,27279.999999999993,28.5,54.2,Western Cape,WC,0.15,1.25,18.0,18134.999999999996,5114.999999999998
2018-02-01,2018,2,120899.99999999997,27279.999999999993,28.5,54.2,Eastern Cape,EC,0.08,0.9,38.0,9671.999999999998,1964.1599999999996
2018-02-01,2018,2,120899.99999999997,27279.999999999993,28.5,54.2,Mpumalanga,MP,0.06,0.85,41.0,7253.999999999998,1391.2799999999995
2018-02-01,2018,2,120899.99999999997,27279.999999999993,28.5,54.2,Limpopo,LP,0.06,0.6,52.0,7253.999999999998,982.0799999999997
2018-02-01,2018,2,120899.99999999997,27279.999999999993,28.5,54.2,Free State,FS,0.05,0.8,39.0,6044.999999999999,1091.1999999999998
2018-02-01,2018,2,120899.99999999997,27279.999999999993,28.5,54.2,North West,NW,0.05,0.75,44.0,6044.999999999999,1022.9999999999998
2018-02-01,2018,2,120899.99999999997,27279.999999999993,28.5,54.2,Northern Cape,NC,0.02,0.7,35.0,2417.9999999999995,381.9199999999999
2018-03-01,2018,3,127399.99999999997,28746.666666666657,28.5,54.2,Gauteng,GP,0.35,1.1,22.0,44589.999999999985,11067.466666666662
2018-03-01,2018,3,127399.99999999997,28746.666666666657,28.5,54.2,KwaZulu-Natal,KZN,0.18,0.95,32.0,22931.999999999993,4915.679999999998
2018-03-01,2018,3,127399.99999999997,28746.666666666657,28.5,54.2,Western Cape,WC,0.15,1.25,18.0,19109.999999999996,5389.999999999998
2018-03-01,2018,3,127399.99999999997,28746.666666666657,28.5,54.2,Eastern Cape,EC,0.08,0.9,38.0,10191.999999999998,2069.7599999999993
2018-03-01,2018,3,127399.99999999997,28746.666666666657,28.5,54.2,Mpumalanga,MP,0.06,0.85,41.0,7643.999999999998,1466.0799999999992
2018-03-01,2018,3,127399.99999999997,28746.666666666657,28.5,54.2,Limpopo,LP,0.06,0.6,52.0,7643.999999999998,1034.8799999999994
2018-03-01,2018,3,127399.99999999997,28746.666666666657,28.5,54.2,Free State,FS,0.05,0.8,39.0,6369.999999999999,1149.8666666666666
2018-03-01,2018,3,127399.99999999997,28746.666666666657,28.5,54.2,North West,NW,0.05,0.75,44.0,6369.999999999999,1077.9999999999998
2018-03-01,2018,3,127399.99999999997,28746.666666666657,28.5,54.2,Northern Cape,NC,0.02,0.7,35.0,2547.9999999999995,402.4533333333332
2018-04-01,2018,4,126099.99999999997,28453.333333333325,28.5,54.2,Gauteng,GP,0.35,1.1,22.0,44134.999999999985,10954.53333333333
2018-04-01,2018,4,126099.99999999997,28453.333333333325,28.5,54.2,KwaZulu-Natal,KZN,0.18,0.95,32.0,22697.999999999993,4865.519999999999
2018-04-01,2018,4,126099.99999999997,28453.333333333325,28.5,54.2,Western Cape,WC,0.15,1.25,18.0,18914.999999999996,5334.999999999998
2018-04-01,2018,4,126099.99999999997,28453.333333333325,28.5,54.2,Eastern Cape,EC,0.08,0.9,38.0,10087.999999999998,2048.6399999999994
2018-04-01,2018,4,126099.99999999997,28453.333333333325,28.5,54.2,Mpumalanga,MP,0.06,0.85,41.0,7565.999999999998,1451.1199999999994
2018-04-01,2018,4,126099.99999999997,28453.333333333325,28.5,54.2,Limpopo,LP,0.06,0.6,52.0,7565.999999999998,1024.3199999999995
2018-04-01,2018,4,126099.99999999997,28453.333333333325,28.5,54.2,Free State,FS,0.05,0.8,39.0,6304.999999999999,1138.133333333333
2018-04-01,2018,4,126099.99999999997,28453.333333333325,28.5,54.2,North West,NW,0.05,0.75,44.0,6304.999999999999,1066.9999999999998
2018-04-01,2018,4,126099.99999999997,28453.333333333325,28.5,54.2,Northern Cape,NC,0.02,0.7,35.0,2521.9999999999995,398.3466666666665
2018-05-01,2018,5,128699.99999999997,29039.999999999993,28.5,54.2,Gauteng,GP,0.35,1.1,22.0,45044.999999999985,11180.399999999996
2018-05-01,2018,5,128699.99999999997,29039.999999999993,28.5,54.2,KwaZulu-Natal,KZN,0.18,0.95,32.0,23165.999999999993,4965.839999999998
2018-05-01,2018,5,128699.99999999997,29039.999999999993,28.5,54.2,Western Cape,WC,0.15,1.25,18.0,19304.999999999996,5444.999999999999
2018-05-01,2018,5,128699.99999999997,29039.999999999993,28.5,54.2,Eastern Cape,EC,0.08,0.9,38.0,10295.999999999998,2090.8799999999997
2018-05-01,2018,5,128699.99999999997,29039.999999999993,28.5,54.2,Mpumalanga,MP,0.06,0.85,41.0,7721.999999999998,1481.0399999999995
2018-05-01,2018,5,128699.99999999997,29039.999999999993,28.5,54.2,Limpopo,LP,0.06,0.6,52.0,7721.999999999998,1045.4399999999996
2018-05-01,2018,5,128699.99999999997,29039.999999999993,28.5,54.2,Free State,FS,0.05,0.8,39.0,6434.999999999999,1161.6
2018-05-01,2018,5,128699.99999999997,29039.999999999993,28.5,54.2,North West,NW,0.05,0.75,44.0,6434.999999999999,1088.9999999999998
2018-05-01,2018,5,128699.99999999997,29039.999999999993,28.5,54.2,Northern Cape,NC,0.02,0.7,35.0,2573.9999999999995,406.5599999999999
2018-06-01,2018,6,127399.99999999997,28746.666666666657,28.5,54.2,Gauteng,GP,0.35,1.1,22.0,44589.999999999985,11067.466666666662
2018-06-01,2018,6,127399.99999999997,28746.666666666657,28.5,54.2,KwaZulu-Natal,KZN,0.18,0.95,32.0,22931.999999999993,4915.679999999998
2018-06-01,2018,6,127399.99999999997,28746.666666666657,28.5,54.2,Western Cape,WC,0.15,1.25,18.0,19109.999999999996,5389.999999999998
2018-06-01,2018,6,127399.99999999997,28746.666666666657,28.5,54.2,Eastern Cape,EC,0.08,0.9,38.0,10191.999999999998,2069.7599999999993
2018-06-01,2018,6,127399.99999999997,28746.666666666657,28.5,54.2,Mpumalanga,MP,0.06,0.85,41.0,7643.999999999998,1466.0799999999992
2018-06-01,2018,6,127399.99999999997,28746.666666666657,28.5,54.2,Limpopo,LP,0.06,0.6,52.0,7643.999999999998,1034.8799999999994
2018-06-01,2018,6,127399.99999999997,28746.666666666657,28.5,54.2,Free State,FS,0.05,0.8,39.0,6369.999999999999,1149.8666666666666
2018-06-01,2018,6,127399.99999999997,28746.666666666657,28.5,54.2,North West,NW,0.05,0.75,44.0,6369.999999999999,1077.9999999999998
2018-06-01,2018,6,127399.99999999997,28746.666666666657,28.5,54.2,Northern Cape,NC,0.02,0.7,35.0,2547.9999999999995,402.4533333333332
2018-07-01,2018,7,128699.99999999997,29039.999999999993,28.5,54.2,Gauteng,GP,0.35,1.1,22.0,45044.999999999985,11180.399999999996
2018-07-01,2018,7,128699.99999999997,29039.999999999993,28.5,54.2,KwaZulu-Natal,KZN,0.18,0.95,32.0,23165.999999999993,4965.839999999998
2018-07-01,2018,7,128699.99999999997,29039.999999999993,28.5,54.2,Western Cape,WC,0.15,1.25,18.0,19304.999999999996,5444.999999999999
2018-07-01,2018,7,128699.99999999997,29039.999999999993,28.5,54.2,Eastern Cape,EC,0.08,0.9,38.0,10295.999999999998,2090.8799999999997
2018-07-01,2018,7,128699.99999999997,29039.999999999993,28.5,54.2,Mpumalanga,MP,0.06,0.85,41.0,7721.999999999998,1481.0399999999995
2018-07-01,2018,7,128699.99999999997,29039.999999999993,28.5,54.2,Limpopo,LP,0.06,0.6,52.0,7721.999999999998,1045.4399999999996
2018-07-01,2018,7,128699.99999999997,29039.999999999993,28.5,54.2,Free State,FS,0.05,0.8,39.0,6434.999999999999,1161.6
2018-07-01,2018,7,128699.99999999997,29039.999999999993,28.5,54.2,North West,NW,0.05,0.75,44.0,6434.999999999999,1088.9999999999998
2018-07-01,2018,7,128699.99999999997,29039.999999999993,28.5,54.2,Northern Cape,NC,0.02,0.7,35.0,2573.9999999999995,406.5599999999999
2018-08-01,2018,8,131299.99999999997,29626.66666666666,28.5,54.2,Gauteng,GP,0.35,1.1,22.0,45954.999999999985,11406.266666666665
2018-08-01,2018,8,131299.99999999997,29626.66666666666,28.5,54.2,KwaZulu-Natal,KZN,0.18,0.95,32.0,23633.999999999993,5066.159999999998
2018-08-01,2018,8,131299.99999999997,29626.66666666666,28.5,54.2,Western Cape,WC,0.15,1.25,18.0,19694.999999999996,5554.999999999999
2018-08-01,2018,8,131299.99999999997,29626.66666666666,28.5,54.2,Eastern Cape,EC,0.08,0.9,38.0,10503.999999999998,2133.1199999999994
2018-08-01,2018,8,131299.99999999997,29626.66666666666,28.5,54.2,Mpumalanga,MP,0.06,0.85,41.0,7877.999999999998,1510.9599999999996
2018-08-01,2018,8,131299.99999999997,29626.66666666666,28.5,54.2,Limpopo,LP,0.06,0.6,52.0,7877.999999999998,1066.5599999999997
2018-08-01,2018,8,131299.99999999997,29626.66666666666,28.5,54.2,Free State,FS,0.05,0.8,39.0,6564.999999999999,1185.0666666666664
2018-08-01,2018,8,131299.99999999997,29626.66666666666,28.5,54.2,North West,NW,0.05,0.75,44.0,6564.999999999999,1110.9999999999998
2018-08-01,2018,8,131299.99999999997,29626.66666666666,28.5,54.2,Northern Cape,NC,0.02,0.7,35.0,2625.9999999999995,414.7733333333332
2018-09-01,2018,9,132599.99999999997,29919.999999999993,28.5,54.2,Gauteng,GP,0.35,1.1,22.0,46409.999999999985,11519.199999999997
2018-09-01,2018,9,132599.99999999997,29919.999999999993,28.5,54.2,KwaZulu-Natal,KZN,0.18,0.95,32.0,23867.999999999993,5116.319999999999
2018-09-01,2018,9,132599.99999999997,29919.999999999993,28.5,54.2,Western Cape,WC,0.15,1.25,18.0,19889.999999999996,5609.999999999999
2018-09-01,2018,9,132599.99999999997,29919.999999999993,28.5,54.2,Eastern Cape,EC,0.08,0.9,38.0,10607.999999999998,2154.24
2018-09-01,2018,9,132599.99999999997,29919.999999999993,28.5,54.2,Mpumalanga,MP,0.06,0.85,41.0,7955.999999999998,1525.9199999999996
2018-09-01,2018,9,132599.99999999997,29919.999999999993,28.5,54.2,Limpopo,LP,0.06,0.6,52.0,7955.999999999998,1077.1199999999997
2018-09-01,2018,9,132599.99999999997,29919.999999999993,28.5,54.2,Free State,FS,0.05,0.8,39.0,6629.999999999999,1196.8
2018-09-01,2018,9,132599.99999999997,29919.999999999993,28.5,54.2,North West,NW,0.05,0.75,44.0,6629.999999999999,1121.9999999999998
2018-09-01,2018,9,132599.99999999997,29919.999999999993,28.5,54.2,Northern Cape,NC,0.02,0.7,35.0,2651.9999999999995,418.8799999999999
2018-10-01,2018,10,135199.99999999997,30506.66666666666,28.5,54.2,Gauteng,GP,0.35,1.1,22.0,47319.999999999985,11745.066666666664
2018-10-01,2018,10,135199.99999999997,30506.66666666666,28.5,54.2,KwaZulu-Natal,KZN,0.18,0.95,32.0,24335.999999999993,5216.6399999999985
2018-10-01,2018,10,135199.99999999997,30506.66666666666,28.5,54.2,Western Cape,WC,0.15,1.25,18.0,20279.999999999996,5719.999999999999
2018-10-01,2018,10,135199.99999999997,30506.66666666666,28.5,54.2,Eastern Cape,EC,0.08,0.9,38.0,10815.999999999998,2196.4799999999996
2018-10-01,2018,10,135199.99999999997,30506.66666666666,28.5,54.2,Mpumalanga,MP,0.06,0.85,41.0,8111.999999999998,1555.8399999999997
2018-10-01,2018,10,135199.99999999997,30506.66666666666,28.5,54.2,Limpopo,LP,0.06,0.6,52.0,8111.999999999998,1098.2399999999998
2018-10-01,2018,10,135199.99999999997,30506.66666666666,28.5,54.2,Free State,FS,0.05,0.8,39.0,6759.999999999999,1220.2666666666664
2018-10-01,2018,10,135199.99999999997,30506.66666666666,28.5,54.2,North West,NW,0.05,0.75,44.0,6759.999999999999,1143.9999999999998
2018-10-01,2018,10,135199.99999999997,30506.66666666666,28.5,54.2,Northern Cape,NC,0.02,0.7,35.0,2703.9999999999995,427.09333333333325
2018-11-01,2018,11,140399.99999999997,31679.999999999993,28.5,54.2,Gauteng,GP,0.35,1.1,22.0,49139.999999999985,12196.799999999997
2018-11-01,2018,11,140399.99999999997,31679.999999999993,28.5,54.2,KwaZulu-Natal,KZN,0.18,0.95,32.0,25271.999999999993,5417.279999999999
2018-11-01,2018,11,140399.99999999997,31679.999999999993,28.5,54.2,Western Cape,WC,0.15,1.25,18.0,21059.999999999996,5939.999999999999
2018-11-01,2018,11,140399.99999999997,31679.999999999993,28.5,54.2,Eastern Cape,EC,0.08,0.9,38.0,11231.999999999998,2280.9599999999996
2018-11-01,2018,11,140399.99999999997,31679.999999999993,28.5,54.2,Mpumalanga,MP,0.06,0.85,41.0,8423.999999999998,1615.6799999999996
2018-11-01,2018,11,140399.99999999997,31679.999999999993,28.5,54.2,Limpopo,LP,0.06,0.6,52.0,8423.999999999998,1140.4799999999996
2018-11-01,2018,11,140399.99999999997,31679.999999999993,28.5,54.2,Free State,FS,0.05,0.8,39.0,7019.999999999999,1267.1999999999998
2018-11-01,2018,11,140399.99999999997,31679.999999999993,28.5,54.2,North West,NW,0.05,0.75,44.0,7019.999999999999,1187.9999999999998
2018-11-01,2018,11,140399.99999999997,31679.999999999993,28.5,54.2,Northern Cape,NC,0.02,0.7,35.0,2807.9999999999995,443.5199999999999
2018-12-01,2018,12,139099.99999999997,31386.66666666666,28.5,54.2,Gauteng,GP,0.35,1.1,22.0,48684.999999999985,12083.866666666665
2018-12-01,2018,12,139099.99999999997,31386.66666666666,28.5,54.2,KwaZulu-Natal,KZN,0.18,0.95,32.0,25037.999999999993,5367.119999999998
2018-12-01,2018,12,139099.99999999997,31386.66666666666,28.5,54.2,Western Cape,WC,0.15,1.25,18.0,20864.999999999996,5884.999999999999
2018-12-01,2018,12,139099.99999999997,31386.66666666666,28.5,54.2,Eastern Cape,EC,0.08,0.9,38.0,11127.999999999998,2259.8399999999997
2018-12-01,2018,12,139099.99999999997,31386.66666666666,28.5,54.2,Mpumalanga,MP,0.06,0.85,41.0,8345.999999999998,1600.7199999999996
2018-12-01,2018,12,139099.99999999997,31386.66666666666,28.5,54.2,Limpopo,LP,0.06,0.6,52.0,8345.999999999998,1129.9199999999996
2018-12-01,2018,12,139099.99999999997,31386.66666666666,28.5,54.2,Free State,FS,0.05,0.8,39.0,6954.999999999999,1255.4666666666665
2018-12-01,2018,12,139099.99999999997,31386.66666666666,28.5,54.2,North West,NW,0.05,0.75,44.0,6954.999999999999,1176.9999999999998
2018-12-01,2018,12,139099.99999999997,31386.66666666666,28.5,54.2,Northern Cape,NC,0.02,0.7,35.0,2781.9999999999995,439.41333333333324
2019-01-01,2019,1,123766.66666666663,26398.333333333325,28.7,53.9,Gauteng,GP,0.35,1.1,22.0,43318.333333333314,10163.35833333333
2019-01-01,2019,1,123766.66666666663,26398.333333333325,28.7,53.9,KwaZulu-Natal,KZN,0.18,0.95,32.0,22277.999999999993,4514.114999999998
2019-01-01,2019,1,123766.66666666663,26398.333333333325,28.7,53.9,Western Cape,WC,0.15,1.25,18.0,18564.999999999993,4949.687499999998
2019-01-01,2019,1,123766.66666666663,26398.333333333325,28.7,53.9,Eastern Cape,EC,0.08,0.9,38.0,9901.33333333333,1900.6799999999994
2019-01-01,2019,1,123766.66666666663,26398.333333333325,28.7,53.9,Mpumalanga,MP,0.06,0.85,41.0,7425.999999999997,1346.3149999999994
2019-01-01,2019,1,123766.66666666663,26398.333333333325,28.7,53.9,Limpopo,LP,0.06,0.6,52.0,7425.999999999997,950.3399999999996
2019-01-01,2019,1,123766.66666666663,26398.333333333325,28.7,53.9,Free State,FS,0.05,0.8,39.0,6188.333333333332,1055.9333333333332
2019-01-01,2019,1,123766.66666666663,26398.333333333325,28.7,53.9,North West,NW,0.05,0.75,44.0,6188.333333333332,989.9374999999998
2019-01-01,2019,1,123766.66666666663,26398.333333333325,28.7,53.9,Northern Cape,NC,0.02,0.7,35.0,2475.3333333333326,369.5766666666665
2019-02-01,2019,2,122449.99999999997,26117.499999999993,28.7,53.9,Gauteng,GP,0.35,1.1,22.0,42857.499999999985,10055.237499999997
2019-02-01,2019,2,122449.99999999997,26117.499999999993,28.7,53.9,KwaZulu-Natal,KZN,0.18,0.95,32.0,22040.999999999993,4466.092499999999
2019-02-01,2019,2,122449.99999999997,26117.499999999993,28.7,53.9,Western Cape,WC,0.15,1.25,18.0,18367.499999999996,4897.031249999998
2019-02-01,2019,2,122449.99999999997,26117.499999999993,28.7,53.9,Eastern Cape,EC,0.08,0.9,38.0,9795.999999999998,1880.4599999999998
2019-02-01,2019,2,122449.99999999997,26117.499999999993,28.7,53.9,Mpumalanga,MP,0.06,0.85,41.0,7346.999999999998,1331.9924999999996
2019-02-01,2019,2,122449.99999999997,26117.499999999993,28.7,53.9,Limpopo,LP,0.06,0.6,52.0,7346.999999999998,940.2299999999997
2019-02-01,2019,2,122449.99999999997,26117.499999999993,28.7,53.9,Free State,FS,0.05,0.8,39.0,6122.499999999999,1044.6999999999998
2019-02-01,2019,2,122449.99999999997,26117.499999999993,28.7,53.9,North West,NW,0.05,0.75,44.0,6122.499999999999,979.4062499999998
2019-02-01,2019,2,122449.99999999997,26117.499999999993,28.7,53.9,Northern Cape,NC,0.02,0.7,35.0,2448.9999999999995,365.6449999999999
2019-03-01,2019,3,129033.3333333333,27521.666666666657,28.7,53.9,Gauteng,GP,0.35,1.1,22.0,45161.66666666665,10595.841666666662
2019-03-01,2019,3,129033.3333333333,27521.666666666657,28.7,53.9,KwaZulu-Natal,KZN,0.18,0.95,32.0,23225.999999999993,4706.204999999998
2019-03-01,2019,3,129033.3333333333,27521.666666666657,28.7,53.9,Western Cape,WC,0.15,1.25,18.0,19354.999999999993,5160.312499999998
2019-03-01,2019,3,129033.3333333333,27521.666666666657,28.7,53.9,Eastern Cape,EC,0.08,0.9,38.0,10322.666666666664,1981.5599999999995
2019-03-01,2019,3,129033.3333333333,27521.666666666657,28.7,53.9,Mpumalanga,MP,0.06,0.85,41.0,7741.999999999997,1403.6049999999993
2019-03-01,2019,3,129033.3333333333,27521.666666666657,28.7,53.9,Limpopo,LP,0.06,0.6,52.0,7741.999999999997,990.7799999999995
2019-03-01,2019,3,129033.3333333333,27521.666666666657,28.7,53.9,Free State,FS,0.05,0.8,39.0,6451.666666666665,1100.8666666666666
2019-03-01,2019,3,129033.3333333333,27521.666666666657,28.7,53.9,North West,NW,0.05,0.75,44.0,6451.666666666665,1032.0624999999998
2019-03-01,2019,3,129033.3333333333,27521.666666666657,28.7,53.9,Northern Cape,NC,0.02,0.7,35.0,2580.666666666666,385.30333333333317
2019-04-01,2019,4,127716.66666666663,27240.833333333325,28.7,53.9,Gauteng,GP,0.35,1.1,22.0,44700.833333333314,10487.72083333333
2019-04-01,2019,4,127716.66666666663,27240.833333333325,28.7,53.9,KwaZulu-Natal,KZN,0.18,0.95,32.0,22988.999999999993,4658.182499999998
2019-04-01,2019,4,127716.66666666663,27240.833333333325,28.7,53.9,Western Cape,WC,0.15,1.25,18.0,19157.499999999993,5107.656249999998
2019-04-01,2019,4,127716.66666666663,27240.833333333325,28.7,53.9,Eastern Cape,EC,0.08,0.9,38.0,10217.33333333333,1961.3399999999995
2019-04-01,2019,4,127716.66666666663,27240.833333333325,28.7,53.9,Mpumalanga,MP,0.06,0.85,41.0,7662.999999999997,1389.2824999999993
2019-04-01,2019,4,127716.66666666663,27240.833333333325,28.7,53.9,Limpopo,LP,0.06,0.6,52.0,7662.999999999997,980.6699999999996
2019-04-01,2019,4,127716.66666666663,27240.833333333325,28.7,53.9,Free State,FS,0.05,0.8,39.0,6385.833333333332,1089.633333333333
2019-04-01,2019,4,127716.66666666663,27240.833333333325,28.7,53.9,North West,NW,0.05,0.75,44.0,6385.833333333332,1021.5312499999998
2019-04-01,2019,4,127716.66666666663,27240.833333333325,28.7,53.9,Northern Cape,NC,0.02,0.7,35.0,2554.3333333333326,381.3716666666665
2019-05-01,2019,5,130349.99999999996,27802.499999999993,28.7,53.9,Gauteng,GP,0.35,1.1,22.0,45622.499999999985,10703.962499999996
2019-05-01,2019,5,130349.99999999996,27802.499999999993,28.7,53.9,KwaZulu-Natal,KZN,0.18,0.95,32.0,23462.999999999993,4754.227499999999
2019-05-01,2019,5,130349.99999999996,27802.499999999993,28.7,53.9,Western Cape,WC,0.15,1.25,18.0,19552.499999999993,5212.968749999999
2019-05-01,2019,5,130349.99999999996,27802.499999999993,28.7,53.9,Eastern Cape,EC,0.08,0.9,38.0,10427.999999999996,2001.7799999999995
2019-05-01,2019,5,130349.99999999996,27802.499999999993,28.7,53.9,Mpumalanga,MP,0.06,0.85,41.0,7820.999999999997,1417.9274999999996
2019-05-01,2019,5,130349.99999999996,27802.499999999993,28.7,53.9,Limpopo,LP,0.06,0.6,52.0,7820.999999999997,1000.8899999999996
2019-05-01,2019,5,130349.99999999996,27802.499999999993,28.7,53.9,Free State,FS,0.05,0.8,39.0,6517.499999999998,1112.1
2019-05-01,2019,5,130349.99999999996,27802.499999999993,28.7,53.9,North West,NW,0.05,0.75,44.0,6517.499999999998,1042.5937499999998
2019-05-01,2019,5,130349.99999999996,27802.499999999993,28.7,53.9,Northern Cape,NC,0.02,0.7,35.0,2606.999999999999,389.23499999999984
2019-06-01,2019,6,129033.3333333333,27521.666666666657,28.7,53.9,Gauteng,GP,0.35,1.1,22.0,45161.66666666665,10595.841666666662
2019-06-01,2019,6,129033.3333333333,27521.666666666657,28.7,53.9,KwaZulu-Natal,KZN,0.18,0.95,32.0,23225.999999999993,4706.204999999998
2019-06-01,2019,6,129033.3333333333,27521.666666666657,28.7,53.9,Western Cape,WC,0.15,1.25,18.0,19354.999999999993,5160.312499999998
2019-06-01,2019,6,129033.3333333333,27521.666666666657,28.7,53.9,Eastern Cape,EC,0.08,0.9,38.0,10322.666666666664,1981.5599999999995
2019-06-01,2019,6,129033.3333333333,27521.666666666657,28.7,53.9,Mpumalanga,MP,0.06,0.85,41.0,7741.999999999997,1403.6049999999993
2019-06-01,2019,6,129033.3333333333,27521.666666666657,28.7,53.9,Limpopo,LP,0.06,0.6,52.0,7741.999999999997,990.7799999999995
2019-06-01,2019,6,129033.3333333333,27521.666666666657,28.7,53.9,Free State,FS,0.05,0.8,39.0,6451.666666666665,1100.8666666666666
2019-06-01,2019,6,129033.3333333333,27521.666666666657,28.7,53.9,North West,NW,0.05,0.75,44.0,6451.666666666665,1032.0624999999998
2019-06-01,2019,6,129033.3333333333,27521.666666666657,28.7,53.9,Northern Cape,NC,0.02,0.7,35.0,2580.666666666666,385.30333333333317
2019-07-01,2019,7,130349.99999999996,27802.499999999993,28.7,53.9,Gauteng,GP,0.35,1.1,22.0,45622.499999999985,10703.962499999996
2019-07-01,2019,7,130349.99999999996,27802.499999999993,28.7,53.9,KwaZulu-Natal,KZN,0.18,0.95,32.0,23462.999999999993,4754.227499999999
2019-07-01,2019,7,130349.99999999996,27802.499999999993,28.7,53.9,Western Cape,WC,0.15,1.25,18.0,19552.499999999993,5212.968749999999
2019-07-01,2019,7,130349.99999999996,27802.499999999993,28.7,53.9,Eastern Cape,EC,0.08,0.9,38.0,10427.999999999996,2001.7799999999995
2019-07-01,2019,7,130349.99999999996,27802.499999999993,28.7,53.9,Mpumalanga,MP,0.06,0.85,41.0,7820.999999999997,1417.9274999999996
2019-07-01,2019,7,130349.99999999996,27802.499999999993,28.7,53.9,Limpopo,LP,0.06,0.6,52.0,7820.999999999997,1000.8899999999996
2019-07-01,2019,7,130349.99999999996,27802.499999999993,28.7,53.9,Free State,FS,0.05,0.8,39.0,6517.499999999998,1112.1
2019-07-01,2019,7,130349.99999999996,27802.499999999993,28.7,53.9,North West,NW,0.05,0.75,44.0,6517.499999999998,1042.5937499999998
2019-07-01,2019,7,130349.99999999996,27802.499999999993,28.7,53.9,Northern Cape,NC,0.02,0.7,35.0,2606.999999999999,389.23499999999984
2019-08-01,2019,8,132983.33333333328,28364.16666666666,28.7,53.9,Gauteng,GP,0.35,1.1,22.0,46544.16666666665,10920.204166666665
2019-08-01,2019,8,132983.33333333328,28364.16666666666,28.7,53.9,KwaZulu-Natal,KZN,0.18,0.95,32.0,23936.99999999999,4850.272499999998
2019-08-01,2019,8,132983.33333333328,28364.16666666666,28.7,53.9,Western Cape,WC,0.15,1.25,18.0,19947.499999999993,5318.281249999999
2019-08-01,2019,8,132983.33333333328,28364.16666666666,28.7,53.9,Eastern Cape,EC,0.08,0.9,38.0,10638.666666666662,2042.2199999999996
2019-08-01,2019,8,132983.33333333328,28364.16666666666,28.7,53.9,Mpumalanga,MP,0.06,0.85,41.0,7978.999999999996,1446.5724999999998
2019-08-01,2019,8,132983.33333333328,28364.16666666666,28.7,53.9,Limpopo,LP,0.06,0.6,52.0,7978.999999999996,1021.1099999999998
2019-08-01,2019,8,132983.33333333328,28364.16666666666,28.7,53.9,Free State,FS,0.05,0.8,39.0,6649.166666666664,1134.5666666666664
2019-08-01,2019,8,132983.33333333328,28364.16666666666,28.7,53.9,North West,NW,0.05,0.75,44.0,6649.166666666664,1063.6562499999998
2019-08-01,2019,8,132983.33333333328,28364.16666666666,28.7,53.9,Northern Cape,NC,0.02,0.7,35.0,2659.6666666666656,397.0983333333332
2019-09-01,2019,9,134299.99999999997,28644.999999999993,28.7,53.9,Gauteng,GP,0.35,1.1,22.0,47004.999999999985,11028.324999999997
2019-09-01,2019,9,134299.99999999997,28644.999999999993,28.7,53.9,KwaZulu-Natal,KZN,0.18,0.95,32.0,24173.999999999993,4898.294999999998
2019-09-01,2019,9,134299.99999999997,28644.999999999993,28.7,53.9,Western Cape,WC,0.15,1.25,18.0,20144.999999999996,5370.937499999999
2019-09-01,2019,9,134299.99999999997,28644.999999999993,28.7,53.9,Eastern Cape,EC,0.08,0.9,38.0,10743.999999999998,2062.4399999999996
2019-09-01,2019,9,134299.99999999997,28644.999999999993,28.7,53.9,Mpumalanga,MP,0.06,0.85,41.0,8057.999999999998,1460.8949999999995
2019-09-01,2019,9,134299.99999999997,28644.999999999993,28.7,53.9,Limpopo,LP,0.06,0.6,52.0,8057.999999999998,1031.2199999999998
2019-09-01,2019,9,134299.99999999997,28644.999999999993,28.7,53.9,Free State,FS,0.05,0.8,39.0,6714.999999999999,1145.8
2019-09-01,2019,9,134299.99999999997,28644.999999999993,28.7,53.9,North West,NW,0.05,0.75,44.0,6714.999999999999,1074.1874999999998
2019-09-01,2019,9,134299.99999999997,28644.999999999993,28.7,53.9,Northern Cape,NC,0.02,0.7,35.0,2685.9999999999995,401.02999999999986
2019-10-01,2019,10,136933.33333333328,29206.66666666666,28.7,53.9,Gauteng,GP,0.35,1.1,22.0,47926.66666666665,11244.566666666664
2019-10-01,2019,10,136933.33333333328,29206.66666666666,28.7,53.9,KwaZulu-Natal,KZN,0.18,0.95,32.0,24647.99999999999,4994.339999999998
2019-10-01,2019,10,136933.33333333328,29206.66666666666,28.7,53.9,Western Cape,WC,0.15,1.25,18.0,20539.999999999993,5476.249999999999
2019-10-01,2019,10,136933.33333333328,29206.66666666666,28.7,53.9,Eastern Cape,EC,0.08,0.9,38.0,10954.666666666662,2102.8799999999997
2019-10-01,2019,10,136933.33333333328,29206.66666666666,28.7,53.9,Mpumalanga,MP,0.06,0.85,41.0,8215.999999999996,1489.5399999999997
2019-10-01,2019,10,136933.33333333328,29206.66666666666,28.7,53.9,Limpopo,LP,0.06,0.6,52.0,8215.999999999996,1051.4399999999998
2019-10-01,2019,10,136933.33333333328,29206.66666666666,28.7,53.9,Free State,FS,0.05,0.8,39.0,6846.666666666664,1168.2666666666664
2019-10-01,2019,10,136933.33333333328,29206.66666666666,28.7,53.9,North West,NW,0.05,0.75,44.0,6846.666666666664,1095.2499999999998
2019-10-01,2019,10,136933.33333333328,29206.66666666666,28.7,53.9,Northern Cape,NC,0.02,0.7,35.0,2738.6666666666656,408.8933333333332
2019-11-01,2019,11,142199.99999999997,30329.999999999993,28.7,53.9,Gauteng,GP,0.35,1.1,22.0,49769.999999999985,11677.049999999997
2019-11-01,2019,11,142199.99999999997,30329.999999999993,28.7,53.9,KwaZulu-Natal,KZN,0.18,0.95,32.0,25595.999999999993,5186.4299999999985
2019-11-01,2019,11,142199.99999999997,30329.999999999993,28.7,53.9,Western Cape,WC,0.15,1.25,18.0,21329.999999999996,5686.874999999999
2019-11-01,2019,11,142199.99999999997,30329.999999999993,28.7,53.9,Eastern Cape,EC,0.08,0.9,38.0,11375.999999999998,2183.7599999999998
2019-11-01,2019,11,142199.99999999997,30329.999999999993,28.7,53.9,Mpumalanga,MP,0.06,0.85,41.0,8531.999999999998,1546.8299999999995
2019-11-01,2019,11,142199.99999999997,30329.999999999993,28.7,53.9,Limpopo,LP,0.06,0.6,52.0,8531.999999999998,1091.8799999999997
2019-11-01,2019,11,142199.99999999997,30329.999999999993,28.7,53.9,Free State,FS,0.05,0.8,39.0,7109.999999999999,1213.1999999999998
2019-11-01,2019,11,142199.99999999997,30329.999999999993,28.7,53.9,North West,NW,0.05,0.75,44.0,7109.999999999999,1137.3749999999998
2019-11-01,2019,11,142199.99999999997,30329.999999999993,28.7,53.9,Northern Cape,NC,0.02,0.7,35.0,2843.9999999999995,424.6199999999999
2019-12-01,2019,12,140883.3333333333,30049.16666666666,28.7,53.9,Gauteng,GP,0.35,1.1,22.0,49309.16666666666,11568.929166666665
2019-12-01,2019,12,140883.3333333333,30049.16666666666,28.7,53.9,KwaZulu-Natal,KZN,0.18,0.95,32.0,25358.999999999996,5138.407499999998
2019-12-01,2019,12,140883.3333333333,30049.16666666666,28.7,53.9,Western Cape,WC,0.15,1.25,18.0,21132.499999999996,5634.218749999999
2019-12-01,2019,12,140883.3333333333,30049.16666666666,28.7,53.9,Eastern Cape,EC,0.08,0.9,38.0,11270.666666666666,2163.5399999999995
2019-12-01,2019,12,140883.3333333333,30049.16666666666,28.7,53.9,Mpumalanga,MP,0.06,0.85,41.0,8452.999999999998,1532.5074999999997
2019-12-01,2019,12,140883.3333333333,30049.16666666666,28.7,53.9,Limpopo,LP,0.06,0.6,52.0,8452.999999999998,1081.7699999999998
2019-12-01,2019,12,140883.3333333333,30049.16666666666,28.7,53.9,Free State,FS,0.05,0.8,39.0,7044.166666666666,1201.9666666666665
2019-12-01,2019,12,140883.3333333333,30049.16666666666,28.7,53.9,North West,NW,0.05,0.75,44.0,7044.166666666666,1126.8437499999998
2019-12-01,2019,12,140883.3333333333,30049.16666666666,28.7,53.9,Northern Cape,NC,0.02,0.7,35.0,2817.6666666666665,420.6883333333332
2020-01-01,2020,1,111233.3333333333,23186.66666666666,25.6,52.5,Gauteng,GP,0.35,1.1,22.0,38931.66666666665,8926.866666666663
2020-01-01,2020,1,111233.3333333333,23186.66666666666,25.6,52.5,KwaZulu-Natal,KZN,0.18,0.95,32.0,20021.999999999993,3964.9199999999983
2020-01-01,2020,1,111233.3333333333,23186.66666666666,25.6,52.5,Western Cape,WC,0.15,1.25,18.0,16684.999999999993,4347.499999999999
2020-01-01,2020,1,111233.3333333333,23186.66666666666,25.6,52.5,Eastern Cape,EC,0.08,0.9,38.0,8898.666666666664,1669.4399999999996
2020-01-01,2020,1,111233.3333333333,23186.66666666666,25.6,52.5,Mpumalanga,MP,0.06,0.85,41.0,6673.999999999997,1182.5199999999995
2020-01-01,2020,1,111233.3333333333,23186.66666666666,25.6,52.5,Limpopo,LP,0.06,0.6,52.0,6673.999999999997,834.7199999999997
2020-01-01,2020,1,111233.3333333333,23186.66666666666,25.6,52.5,Free State,FS,0.05,0.8,39.0,5561.666666666665,927.4666666666665
2020-01-01,2020,1,111233.3333333333,23186.66666666666,25.6,52.5,North West,NW,0.05,0.75,44.0,5561.666666666665,869.4999999999998
2020-01-01,2020,1,111233.3333333333,23186.66666666666,25.6,52.5,Northern Cape,NC,0.02,0.7,35.0,2224.666666666666,324.61333333333323
2020-02-01,2020,2,110049.99999999997,22939.999999999996,25.6,52.5,Gauteng,GP,0.35,1.1,22.0,38517.499999999985,8831.899999999998
2020-02-01,2020,2,110049.99999999997,22939.999999999996,25.6,52.5,KwaZulu-Natal,KZN,0.18,0.95,32.0,19808.999999999993,3922.739999999999
2020-02-01,2020,2,110049.99999999997,22939.999999999996,25.6,52.5,Western Cape,WC,0.15,1.25,18.0,16507.499999999996,4301.249999999999
2020-02-01,2020,2,110049.99999999997,22939.999999999996,25.6,52.5,Eastern Cape,EC,0.08,0.9,38.0,8803.999999999998,1651.6799999999998
2020-02-01,2020,2,110049.99999999997,22939.999999999996,25.6,52.5,Mpumalanga,MP,0.06,0.85,41.0,6602.999999999998,1169.9399999999996
2020-02-01,2020,2,110049.99999999997,22939.999999999996,25.6,52.5,Limpopo,LP,0.06,0.6,52.0,6602.999999999998,825.8399999999998
2020-02-01,2020,2,110049.99999999997,22939.999999999996,25.6,52.5,Free State,FS,0.05,0.8,39.0,5502.499999999999,917.5999999999999
2020-02-01,2020,2,110049.99999999997,22939.999999999996,25.6,52.5,North West,NW,0.05,0.75,44.0,5502.499999999999,860.2499999999998
2020-02-01,2020,2,110049.99999999997,22939.999999999996,25.6,52.5,Northern Cape,NC,0.02,0.7,35.0,2200.9999999999995,321.15999999999997
2020-03-01,2020,3,115966.66666666663,24173.33333333333,25.6,52.5,Gauteng,GP,0.35,1.1,22.0,40588.333333333314,9306.733333333332
2020-03-01,2020,3,115966.66666666663,24173.33333333333,25.6,52.5,KwaZulu-Natal,KZN,0.18,0.95,32.0,20873.999999999993,4133.6399999999985
2020-03-01,2020,3,115966.66666666663,24173.33333333333,25.6,52.5,Western Cape,WC,0.15,1.25,18.0,17394.999999999993,4532.499999999999
2020-03-01,2020,3,115966.66666666663,24173.33333333333,25.6,52.5,Eastern Cape,EC,0.08,0.9,38.0,9277.33333333333,1740.4799999999998
2020-03-01,2020,3,115966.66666666663,24173.33333333333,25.6,52.5,Mpumalanga,MP,0.06,0.85,41.0,6957.999999999997,1232.8399999999997
2020-03-01,2020,3,115966.66666666663,24173.33333333333,25.6,52.5,Limpopo,LP,0.06,0.6,52.0,6957.999999999997,870.2399999999998
2020-03-01,2020,3,115966.66666666663,24173.33333333333,25.6,52.5,Free State,FS,0.05,0.8,39.0,5798.333333333332,966.9333333333333
2020-03-01,2020,3,115966.66666666663,24173.33333333333,25.6,52.5,North West,NW,0.05,0.75,44.0,5798.333333333332,906.4999999999999
2020-03-01,2020,3,115966.66666666663,24173.33333333333,25.6,52.5,Northern Cape,NC,0.02,0.7,35.0,2319.3333333333326,338.42666666666656
2020-04-01,2020,4,114783.3333333333,23926.66666666666,25.6,52.5,Gauteng,GP,0.35,1.1,22.0,40174.16666666665,9211.766666666665
2020-04-01,2020,4,114783.3333333333,23926.66666666666,25.6,52.5,KwaZulu-Natal,KZN,0.18,0.95,32.0,20660.999999999993,4091.459999999998
2020-04-01,2020,4,114783.3333333333,23926.66666666666,25.6,52.5,Western Cape,WC,0.15,1.25,18.0,17217.499999999993,4486.249999999999
2020-04-01,2020,4,114783.3333333333,23926.66666666666,25.6,52.5,Eastern Cape,EC,0.08,0.9,38.0,9182.666666666664,1722.7199999999998
2020-04-01,2020,4,114783.3333333333,23926.66666666666,25.6,52.5,Mpumalanga,MP,0.06,0.85,41.0,6886.999999999997,1220.2599999999998
2020-04-01,2020,4,114783.3333333333,23926.66666666666,25.6,52.5,Limpopo,LP,0.06,0.6,52.0,6886.999999999997,861.3599999999998
2020-04-01,2020,4,114783.3333333333,23926.66666666666,25.6,52.5,Free State,FS,0.05,0.8,39.0,5739.166666666665,957.0666666666665
2020-04-01,2020,4,114783.3333333333,23926.66666666666,25.6,52.5,North West,NW,0.05,0.75,44.0,5739.166666666665,897.2499999999998
2020-04-01,2020,4,114783.3333333333,23926.66666666666,25.6,52.5,Northern Cape,NC,0.02,0.7,35.0,2295.666666666666,334.97333333333324
2020-05-01,2020,5,117149.99999999997,24419.999999999996,25.6,52.5,Gauteng,GP,0.35,1.1,22.0,41002.499999999985,9401.699999999999
2020-05-01,2020,5,117149.99999999997,24419.999999999996,25.6,52.5,KwaZulu-Natal,KZN,0.18,0.95,32.0,21086.999999999993,4175.82
2020-05-01,2020,5,117149.99999999997,24419.999999999996,25.6,52.5,Western Cape,WC,0.15,1.25,18.0,17572.499999999996,4578.749999999999
2020-05-01,2020,5,117149.99999999997,24419.999999999996,25.6,52.5,Eastern Cape,EC,0.08,0.9,38.0,9371.999999999998,1758.2399999999998
2020-05-01,2020,5,117149.99999999997,24419.999999999996,25.6,52.5,Mpumalanga,MP,0.06,0.85,41.0,7028.999999999998,1245.4199999999998
2020-05-01,2020,5,117149.99999999997,24419.999999999996,25.6,52.5,Limpopo,LP,0.06,0.6,52.0,7028.999999999998,879.1199999999999
2020-05-01,2020,5,117149.99999999997,24419.999999999996,25.6,52.5,Free State,FS,0.05,0.8,39.0,5857.499999999999,976.7999999999998
2020-05-01,2020,5,117149.99999999997,24419.999999999996,25.6,52.5,North West,NW,0.05,0.75,44.0,5857.499999999999,915.7499999999998
2020-05-01,2020,5,117149.99999999997,24419.999999999996,25.6,52.5,Northern Cape,NC,0.02,0.7,35.0,2342.9999999999995,341.87999999999994
2020-06-01,2020,6,115966.66666666663,24173.33333333333,25.6,52.5,Gauteng,GP,0.35,1.1,22.0,40588.333333333314,9306.733333333332
2020-06-01,2020,6,115966.66666666663,24173.33333333333,25.6,52.5,KwaZulu-Natal,KZN,0.18,0.95,32.0,20873.999999999993,4133.6399999999985
2020-06-01,2020,6,115966.66666666663,24173.33333333333,25.6,52.5,Western Cape,WC,0.15,1.25,18.0,17394.999999999993,4532.499999999999
2020-06-01,2020,6,115966.66666666663,24173.33333333333,25.6,52.5,Eastern Cape,EC,0.08,0.9,38.0,9277.33333333333,1740.4799999999998
2020-06-01,2020,6,115966.66666666663,24173.33333333333,25.6,52.5,Mpumalanga,MP,0.06,0.85,41.0,6957.999999999997,1232.8399999999997
2020-06-01,2020,6,115966.66666666663,24173.33333333333,25.6,52.5,Limpopo,LP,0.06,0.6,52.0,6957.999999999997,870.2399999999998
2020-06-01,2020,6,115966.66666666663,24173.33333333333,25.6,52.5,Free State,FS,0.05,0.8,39.0,5798.333333333332,966.9333333333333
2020-06-01,2020,6,115966.66666666663,24173.33333333333,25.6,52.5,North West,NW,0.05,0.75,44.0,5798.333333333332,906.4999999999999
2020-06-01,2020,6,115966.66666666663,24173.33333333333,25.6,52.5,Northern Cape,NC,0.02,0.7,35.0,2319.3333333333326,338.42666666666656
2020-07-01,2020,7,117149.99999999997,24419.999999999996,25.6,52.5,Gauteng,GP,0.35,1.1,22.0,41002.499999999985,9401.699999999999
2020-07-01,2020,7,117149.99999999997,24419.999999999996,25.6,52.5,KwaZulu-Natal,KZN,0.18,0.95,32.0,21086.999999999993,4175.82
2020-07-01,2020,7,117149.99999999997,24419.999999999996,25.6,52.5,Western Cape,WC,0.15,1.25,18.0,17572.499999999996,4578.749999999999
2020-07-01,2020,7,117149.99999999997,24419.999999999996,25.6,52.5,Eastern Cape,EC,0.08,0.9,38.0,9371.999999999998,1758.2399999999998
2020-07-01,2020,7,117149.99999999997,24419.999999999996,25.6,52.5,Mpumalanga,MP,0.06,0.85,41.0,7028.999999999998,1245.4199999999998
2020-07-01,2020,7,117149.99999999997,24419.999999999996,25.6,52.5,Limpopo,LP,0.06,0.6,52.0,7028.999999999998,879.1199999999999
2020-07-01,2020,7,117149.99999999997,24419.999999999996,25.6,52.5,Free State,FS,0.05,0.8,39.0,5857.499999999999,976.7999999999998
2020-07-01,2020,7,117149.99999999997,24419.999999999996,25.6,52.5,North West,NW,0.05,0.75,44.0,5857.499999999999,915.7499999999998
2020-07-01,2020,7,117149.99999999997,24419.999999999996,25.6,52.5,Northern Cape,NC,0.02,0.7,35.0,2342.9999999999995,341.87999999999994
2020-08-01,2020,8,119516.66666666664,24913.33333333333,25.6,52.5,Gauteng,GP,0.35,1.1,22.0,41830.83333333332,9591.633333333331
2020-08-01,2020,8,119516.66666666664,24913.33333333333,25.6,52.5,KwaZulu-Natal,KZN,0.18,0.95,32.0,21512.999999999996,4260.1799999999985
2020-08-01,2020,8,119516.66666666664,24913.33333333333,25.6,52.5,Western Cape,WC,0.15,1.25,18.0,17927.499999999996,4671.249999999999
2020-08-01,2020,8,119516.66666666664,24913.33333333333,25.6,52.5,Eastern Cape,EC,0.08,0.9,38.0,9561.333333333332,1793.7599999999998
2020-08-01,2020,8,119516.66666666664,24913.33333333333,25.6,52.5,Mpumalanga,MP,0.06,0.85,41.0,7170.999999999998,1270.5799999999997
2020-08-01,2020,8,119516.66666666664,24913.33333333333,25.6,52.5,Limpopo,LP,0.06,0.6,52.0,7170.999999999998,896.8799999999998
2020-08-01,2020,8,119516.66666666664,24913.33333333333,25.6,52.5,Free State,FS,0.05,0.8,39.0,5975.833333333332,996.5333333333333
2020-08-01,2020,8,119516.66666666664,24913.33333333333,25.6,52.5,North West,NW,0.05,0.75,44.0,5975.833333333332,934.2499999999999
2020-08-01,2020,8,119516.66666666664,24913.33333333333,25.6,52.5,Northern Cape,NC,0.02,0.7,35.0,2390.333333333333,348.7866666666666
2020-09-01,2020,9,120699.99999999997,25159.999999999996,25.6,52.5,Gauteng,GP,0.35,1.1,22.0,42244.999999999985,9686.599999999999
2020-09-01,2020,9,120699.99999999997,25159.999999999996,25.6,52.5,KwaZulu-Natal,KZN,0.18,0.95,32.0,21725.999999999993,4302.359999999999
2020-09-01,2020,9,120699.99999999997,25159.999999999996,25.6,52.5,Western Cape,WC,0.15,1.25,18.0,18104.999999999996,4717.499999999999
2020-09-01,2020,9,120699.99999999997,25159.999999999996,25.6,52.5,Eastern Cape,EC,0.08,0.9,38.0,9655.999999999998,1811.5199999999998
2020-09-01,2020,9,120699.99999999997,25159.999999999996,25.6,52.5,Mpumalanga,MP,0.06,0.85,41.0,7241.999999999998,1283.1599999999996
2020-09-01,2020,9,120699.99999999997,25159.999999999996,25.6,52.5,Limpopo,LP,0.06,0.6,52.0,7241.999999999998,905.7599999999998
2020-09-01,2020,9,120699.99999999997,25159.999999999996,25.6,52.5,Free State,FS,0.05,0.8,39.0,6034.999999999999,1006.4000000000001
2020-09-01,2020,9,120699.99999999997,25159.999999999996,25.6,52.5,North West,NW,0.05,0.75,44.0,6034.999999999999,943.5
2020-09-01,2020,9,120699.99999999997,25159.999999999996,25.6,52.5,Northern Cape,NC,0.02,0.7,35.0,2413.9999999999995,352.23999999999995
2020-10-01,2020,10,123066.66666666664,25653.33333333333,25.6,52.5,Gauteng,GP,0.35,1.1,22.0,43073.33333333332,9876.533333333331
2020-10-01,2020,10,123066.66666666664,25653.33333333333,25.6,52.5,KwaZulu-Natal,KZN,0.18,0.95,32.0,22151.999999999996,4386.719999999998
2020-10-01,2020,10,123066.66666666664,25653.33333333333,25.6,52.5,Western Cape,WC,0.15,1.25,18.0,18459.999999999996,4809.999999999999
2020-10-01,2020,10,123066.66666666664,25653.33333333333,25.6,52.5,Eastern Cape,EC,0.08,0.9,38.0,9845.333333333332,1847.0399999999997
2020-10-01,2020,10,123066.66666666664,25653.33333333333,25.6,52.5,Mpumalanga,MP,0.06,0.85,41.0,7383.999999999998,1308.3199999999997
2020-10-01,2020,10,123066.66666666664,25653.33333333333,25.6,52.5,Limpopo,LP,0.06,0.6,52.0,7383.999999999998,923.5199999999998
2020-10-01,2020,10,123066.66666666664,25653.33333333333,25.6,52.5,Free State,FS,0.05,0.8,39.0,6153.333333333332,1026.1333333333332
2020-10-01,2020,10,123066.66666666664,25653.33333333333,25.6,52.5,North West,NW,0.05,0.75,44.0,6153.333333333332,961.9999999999999
2020-10-01,2020,10,123066.66666666664,25653.33333333333,25.6,52.5,Northern Cape,NC,0.02,0.7,35.0,2461.333333333333,359.1466666666666
2020-11-01,2020,11,127799.99999999997,26639.999999999996,25.6,52.5,Gauteng,GP,0.35,1.1,22.0,44729.999999999985,10256.4
2020-11-01,2020,11,127799.99999999997,26639.999999999996,25.6,52.5,KwaZulu-Natal,KZN,0.18,0.95,32.0,23003.999999999993,4555.439999999999
2020-11-01,2020,11,127799.99999999997,26639.999999999996,25.6,52.5,Western Cape,WC,0.15,1.25,18.0,19169.999999999996,4994.999999999999
2020-11-01,2020,11,127799.99999999997,26639.999999999996,25.6,52.5,Eastern Cape,EC,0.08,0.9,38.0,10223.999999999998,1918.08
2020-11-01,2020,11,127799.99999999997,26639.999999999996,25.6,52.5,Mpumalanga,MP,0.06,0.85,41.0,7667.999999999998,1358.6399999999996
2020-11-01,2020,11,127799.99999999997,26639.999999999996,25.6,52.5,Limpopo,LP,0.06,0.6,52.0,7667.999999999998,959.0399999999997
2020-11-01,2020,11,127799.99999999997,26639.999999999996,25.6,52.5,Free State,FS,0.05,0.8,39.0,6389.999999999999,1065.6000000000001
2020-11-01,2020,11,127799.99999999997,26639.999999999996,25.6,52.5,North West,NW,0.05,0.75,44.0,6389.999999999999,999.0
2020-11-01,2020,11,127799.99999999997,26639.999999999996,25.6,52.5,Northern Cape,NC,0.02,0.7,35.0,2555.9999999999995,372.9599999999999
2020-12-01,2020,12,126616.66666666664,26393.333333333332,25.6,52.5,Gauteng,GP,0.35,1.1,22.0,44315.83333333332,10161.433333333334
2020-12-01,2020,12,126616.66666666664,26393.333333333332,25.6,52.5,KwaZulu-Natal,KZN,0.18,0.95,32.0,22790.999999999996,4513.259999999999
2020-12-01,2020,12,126616.66666666664,26393.333333333332,25.6,52.5,Western Cape,WC,0.15,1.25,18.0,18992.499999999996,4948.749999999999
2020-12-01,2020,12,126616.66666666664,26393.333333333332,25.6,52.5,Eastern Cape,EC,0.08,0.9,38.0,10129.333333333332,1900.3200000000002
2020-12-01,2020,12,126616.66666666664,26393.333333333332,25.6,52.5,Mpumalanga,MP,0.06,0.85,41.0,7596.999999999998,1346.06
2020-12-01,2020,12,126616.66666666664,26393.333333333332,25.6,52.5,Limpopo,LP,0.06,0.6,52.0,7596.999999999998,950.1599999999999
2020-12-01,2020,12,126616.66666666664,26393.333333333332,25.6,52.5,Free State,FS,0.05,0.8,39.0,6330.833333333332,1055.7333333333333
2020-12-01,2020,12,126616.66666666664,26393.333333333332,25.6,52.5,North West,NW,0.05,0.75,44.0,6330.833333333332,989.75
2020-12-01,2020,12,126616.66666666664,26393.333333333332,25.6,52.5,Northern Cape,NC,0.02,0.7,35.0,2532.333333333333,369.50666666666666
2021-01-01,2021,1,118283.3333333333,24439.999999999993,27.0,53.1,Gauteng,GP,0.35,1.1,22.0,41399.16666666665,9409.399999999996
2021-01-01,2021,1,118283.3333333333,24439.999999999993,27.0,53.1,KwaZulu-Natal,KZN,0.18,0.95,32.0,21290.999999999993,4179.239999999999
2021-01-01,2021,1,118283.3333333333,24439.999999999993,27.0,53.1,Western Cape,WC,0.15,1.25,18.0,17742.499999999993,4582.499999999998
2021-01-01,2021,1,118283.3333333333,24439.999999999993,27.0,53.1,Eastern Cape,EC,0.08,0.9,38.0,9462.666666666664,1759.6799999999994
2021-01-01,2021,1,118283.3333333333,24439.999999999993,27.0,53.1,Mpumalanga,MP,0.06,0.85,41.0,7096.999999999997,1246.4399999999994
2021-01-01,2021,1,118283.3333333333,24439.999999999993,27.0,53.1,Limpopo,LP,0.06,0.6,52.0,7096.999999999997,879.8399999999996
2021-01-01,2021,1,118283.3333333333,24439.999999999993,27.0,53.1,Free State,FS,0.05,0.8,39.0,5914.166666666665,977.5999999999999
2021-01-01,2021,1,118283.3333333333,24439.999999999993,27.0,53.1,North West,NW,0.05,0.75,44.0,5914.166666666665,916.4999999999998
2021-01-01,2021,1,118283.3333333333,24439.999999999993,27.0,53.1,Northern Cape,NC,0.02,0.7,35.0,2365.666666666666,342.15999999999985
2021-02-01,2021,2,117024.99999999997,24179.999999999996,27.0,53.1,Gauteng,GP,0.35,1.1,22.0,40958.749999999985,9309.3
2021-02-01,2021,2,117024.99999999997,24179.999999999996,27.0,53.1,KwaZulu-Natal,KZN,0.18,0.95,32.0,21064.499999999993,4134.78
2021-02-01,2021,2,117024.99999999997,24179.999999999996,27.0,53.1,Western Cape,WC,0.15,1.25,18.0,17553.749999999996,4533.749999999999
2021-02-01,2021,2,117024.99999999997,24179.999999999996,27.0,53.1,Eastern Cape,EC,0.08,0.9,38.0,9361.999999999998,1740.9599999999998
2021-02-01,2021,2,117024.99999999997,24179.999999999996,27.0,53.1,Mpumalanga,MP,0.06,0.85,41.0,7021.499999999998,1233.1799999999998
2021-02-01,2021,2,117024.99999999997,24179.999999999996,27.0,53.1,Limpopo,LP,0.06,0.6,52.0,7021.499999999998,870.4799999999998
2021-02-01,2021,2,117024.99999999997,24179.999999999996,27.0,53.1,Free State,FS,0.05,0.8,39.0,5851.249999999999,967.1999999999998
2021-02-01,2021,2,117024.99999999997,24179.999999999996,27.0,53.1,North West,NW,0.05,0.75,44.0,5851.249999999999,906.7499999999998
2021-02-01,2021,2,117024.99999999997,24179.999999999996,27.0,53.1,Northern Cape,NC,0.02,0.7,35.0,2340.4999999999995,338.5199999999999
2021-03-01,2021,3,123316.66666666663,25479.999999999993,27.0,53.1,Gauteng,GP,0.35,1.1,22.0,43160.833333333314,9809.799999999997
2021-03-01,2021,3,123316.66666666663,25479.999999999993,27.0,53.1,KwaZulu-Natal,KZN,0.18,0.95,32.0,22196.999999999993,4357.079999999999
2021-03-01,2021,3,123316.66666666663,25479.999999999993,27.0,53.1,Western Cape,WC,0.15,1.25,18.0,18497.499999999993,4777.499999999998
2021-03-01,2021,3,123316.66666666663,25479.999999999993,27.0,53.1,Eastern Cape,EC,0.08,0.9,38.0,9865.33333333333,1834.5599999999995
2021-03-01,2021,3,123316.66666666663,25479.999999999993,27.0,53.1,Mpumalanga,MP,0.06,0.85,41.0,7398.999999999997,1299.4799999999996
2021-03-01,2021,3,123316.66666666663,25479.999999999993,27.0,53.1,Limpopo,LP,0.06,0.6,52.0,7398.999999999997,917.2799999999996
2021-03-01,2021,3,123316.66666666663,25479.999999999993,27.0,53.1,Free State,FS,0.05,0.8,39.0,6165.833333333332,1019.1999999999998
2021-03-01,2021,3,123316.66666666663,25479.999999999993,27.0,53.1,North West,NW,0.05,0.75,44.0,6165.833333333332,955.4999999999998
2021-03-01,2021,3,123316.66666666663,25479.999999999993,27.0,53.1,Northern Cape,NC,0.02,0.7,35.0,2466.3333333333326,356.71999999999986
2021-04-01,2021,4,122058.3333333333,25219.999999999993,27.0,53.1,Gauteng,GP,0.35,1.1,22.0,42720.41666666665,9709.699999999997
2021-04-01,2021,4,122058.3333333333,25219.999999999993,27.0,53.1,KwaZulu-Natal,KZN,0.18,0.95,32.0,21970.499999999993,4312.619999999998
2021-04-01,2021,4,122058.3333333333,25219.999999999993,27.0,53.1,Western Cape,WC,0.15,1.25,18.0,18308.749999999993,4728.749999999998
2021-04-01,2021,4,122058.3333333333,25219.999999999993,27.0,53.1,Eastern Cape,EC,0.08,0.9,38.0,9764.666666666664,1815.8399999999995
2021-04-01,2021,4,122058.3333333333,25219.999999999993,27.0,53.1,Mpumalanga,MP,0.06,0.85,41.0,7323.499999999997,1286.2199999999996
2021-04-01,2021,4,122058.3333333333,25219.999999999993,27.0,53.1,Limpopo,LP,0.06,0.6,52.0,7323.499999999997,907.9199999999997
2021-04-01,2021,4,122058.3333333333,25219.999999999993,27.0,53.1,Free State,FS,0.05,0.8,39.0,6102.916666666665,1008.7999999999998
2021-04-01,2021,4,122058.3333333333,25219.999999999993,27.0,53.1,North West,NW,0.05,0.75,44.0,6102.916666666665,945.7499999999998
2021-04-01,2021,4,122058.3333333333,25219.999999999993,27.0,53.1,Northern Cape,NC,0.02,0.7,35.0,2441.166666666666,353.07999999999987
2021-05-01,2021,5,124574.99999999997,25739.999999999993,27.0,53.1,Gauteng,GP,0.35,1.1,22.0,43601.249999999985,9909.899999999996
2021-05-01,2021,5,124574.99999999997,25739.999999999993,27.0,53.1,KwaZulu-Natal,KZN,0.18,0.95,32.0,22423.499999999993,4401.539999999999
2021-05-01,2021,5,124574.99999999997,25739.999999999993,27.0,53.1,Western Cape,WC,0.15,1.25,18.0,18686.249999999996,4826.249999999998
2021-05-01,2021,5,124574.99999999997,25739.999999999993,27.0,53.1,Eastern Cape,EC,0.08,0.9,38.0,9965.999999999998,1853.2799999999995
2021-05-01,2021,5,124574.99999999997,25739.999999999993,27.0,53.1,Mpumalanga,MP,0.06,0.85,41.0,7474.499999999998,1312.7399999999996
2021-05-01,2021,5,124574.99999999997,25739.999999999993,27.0,53.1,Limpopo,LP,0.06,0.6,52.0,7474.499999999998,926.6399999999996
2021-05-01,2021,5,124574.99999999997,25739.999999999993,27.0,53.1,Free State,FS,0.05,0.8,39.0,6228.749999999999,1029.6
2021-05-01,2021,5,124574.99999999997,25739.999999999993,27.0,53.1,North West,NW,0.05,0.75,44.0,6228.749999999999,965.2499999999998
2021-05-01,2021,5,124574.99999999997,25739.999999999993,27.0,53.1,Northern Cape,NC,0.02,0.7,35.0,2491.4999999999995,360.35999999999984
2021-06-01,2021,6,123316.66666666663,25479.999999999993,27.0,53.1,Gauteng,GP,0.35,1.1,22.0,43160.833333333314,9809.799999999997
2021-06-01,2021,6,123316.66666666663,25479.999999999993,27.0,53.1,KwaZulu-Natal,KZN,0.18,0.95,32.0,22196.999999999993,4357.079999999999
2021-06-01,2021,6,123316.66666666663,25479.999999999993,27.0,53.1,Western Cape,WC,0.15,1.25,18.0,18497.499999999993,4777.499999999998
2021-06-01,2021,6,123316.66666666663,25479.999999999993,27.0,53.1,Eastern Cape,EC,0.08,0.9,38.0,9865.33333333333,1834.5599999999995
2021-06-01,2021,6,123316.66666666663,25479.999999999993,27.0,53.1,Mpumalanga,MP,0.06,0.85,41.0,7398.999999999997,1299.4799999999996
2021-06-01,2021,6,123316.66666666663,25479.999999999993,27.0,53.1,Limpopo,LP,0.06,0.6,52.0,7398.999999999997,917.2799999999996
2021-06-01,2021,6,123316.66666666663,25479.999999999993,27.0,53.1,Free State,FS,0.05,0.8,39.0,6165.833333333332,1019.1999999999998
2021-06-01,2021,6,123316.66666666663,25479.999999999993,27.0,53.1,North West,NW,0.05,0.75,44.0,6165.833333333332,955.4999999999998
2021-06-01,2021,6,123316.66666666663,25479.999999999993,27.0,53.1,Northern Cape,NC,0.02,0.7,35.0,2466.3333333333326,356.71999999999986
2021-07-01,2021,7,124574.99999999997,25739.999999999993,27.0,53.1,Gauteng,GP,0.35,1.1,22.0,43601.249999999985,9909.899999999996
2021-07-01,2021,7,124574.99999999997,25739.999999999993,27.0,53.1,KwaZulu-Natal,KZN,0.18,0.95,32.0,22423.499999999993,4401.539999999999
2021-07-01,2021,7,124574.99999999997,25739.999999999993,27.0,53.1,Western Cape,WC,0.15,1.25,18.0,18686.249999999996,4826.249999999998
2021-07-01,2021,7,124574.99999999997,25739.999999999993,27.0,53.1,Eastern Cape,EC,0.08,0.9,38.0,9965.999999999998,1853.2799999999995
2021-07-01,2021,7,124574.99999999997,25739.999999999993,27.0,53.1,Mpumalanga,MP,0.06,0.85,41.0,7474.499999999998,1312.7399999999996
2021-07-01,2021,7,124574.99999999997,25739.999999999993,27.0,53.1,Limpopo,LP,0.06,0.6,52.0,7474.499999999998,926.6399999999996
2021-07-01,2021,7,124574.99999999997,25739.999999999993,27.0,53.1,Free State,FS,0.05,0.8,39.0,6228.749999999999,1029.6
2021-07-01,2021,7,124574.99999999997,25739.999999999993,27.0,53.1,North West,NW,0.05,0.75,44.0,6228.749999999999,965.2499999999998
2021-07-01,2021,7,124574.99999999997,25739.999999999993,27.0,53.1,Northern Cape,NC,0.02,0.7,35.0,2491.4999999999995,360.35999999999984
2021-08-01,2021,8,127091.66666666663,26259.999999999993,27.0,53.1,Gauteng,GP,0.35,1.1,22.0,44482.083333333314,10110.099999999997
2021-08-01,2021,8,127091.66666666663,26259.999999999993,27.0,53.1,KwaZulu-Natal,KZN,0.18,0.95,32.0,22876.499999999993,4490.459999999998
2021-08-01,2021,8,127091.66666666663,26259.999999999993,27.0,53.1,Western Cape,WC,0.15,1.25,18.0,19063.749999999993,4923.749999999998
2021-08-01,2021,8,127091.66666666663,26259.999999999993,27.0,53.1,Eastern Cape,EC,0.08,0.9,38.0,10167.33333333333,1890.7199999999993
2021-08-01,2021,8,127091.66666666663,26259.999999999993,27.0,53.1,Mpumalanga,MP,0.06,0.85,41.0,7625.499999999997,1339.2599999999995
2021-08-01,2021,8,127091.66666666663,26259.999999999993,27.0,53.1,Limpopo,LP,0.06,0.6,52.0,7625.499999999997,945.3599999999997
2021-08-01,2021,8,127091.66666666663,26259.999999999993,27.0,53.1,Free State,FS,0.05,0.8,39.0,6354.583333333332,1050.3999999999999
2021-08-01,2021,8,127091.66666666663,26259.999999999993,27.0,53.1,North West,NW,0.05,0.75,44.0,6354.583333333332,984.7499999999998
2021-08-01,2021,8,127091.66666666663,26259.999999999993,27.0,53.1,Northern Cape,NC,0.02,0.7,35.0,2541.8333333333326,367.6399999999999
2021-09-01,2021,9,128349.99999999997,26519.999999999996,27.0,53.1,Gauteng,GP,0.35,1.1,22.0,44922.499999999985,10210.199999999999
2021-09-01,2021,9,128349.99999999997,26519.999999999996,27.0,53.1,KwaZulu-Natal,KZN,0.18,0.95,32.0,23102.999999999993,4534.919999999999
2021-09-01,2021,9,128349.99999999997,26519.999999999996,27.0,53.1,Western Cape,WC,0.15,1.25,18.0,19252.499999999996,4972.499999999999
2021-09-01,2021,9,128349.99999999997,26519.999999999996,27.0,53.1,Eastern Cape,EC,0.08,0.9,38.0,10267.999999999998,1909.44
2021-09-01,2021,9,128349.99999999997,26519.999999999996,27.0,53.1,Mpumalanga,MP,0.06,0.85,41.0,7700.999999999998,1352.5199999999998
2021-09-01,2021,9,128349.99999999997,26519.999999999996,27.0,53.1,Limpopo,LP,0.06,0.6,52.0,7700.999999999998,954.7199999999998
2021-09-01,2021,9,128349.99999999997,26519.999999999996,27.0,53.1,Free State,FS,0.05,0.8,39.0,6417.499999999999,1060.8
2021-09-01,2021,9,128349.99999999997,26519.999999999996,27.0,53.1,North West,NW,0.05,0.75,44.0,6417.499999999999,994.5
2021-09-01,2021,9,128349.99999999997,26519.999999999996,27.0,53.1,Northern Cape,NC,0.02,0.7,35.0,2566.9999999999995,371.28
2021-10-01,2021,10,130866.66666666664,27039.999999999996,27.0,53.1,Gauteng,GP,0.35,1.1,22.0,45803.33333333332,10410.4
2021-10-01,2021,10,130866.66666666664,27039.999999999996,27.0,53.1,KwaZulu-Natal,KZN,0.18,0.95,32.0,23555.999999999996,4623.839999999998
2021-10-01,2021,10,130866.66666666664,27039.999999999996,27.0,53.1,Western Cape,WC,0.15,1.25,18.0,19629.999999999996,5069.999999999999
2021-10-01,2021,10,130866.66666666664,27039.999999999996,27.0,53.1,Eastern Cape,EC,0.08,0.9,38.0,10469.333333333332,1946.8799999999999
2021-10-01,2021,10,130866.66666666664,27039.999999999996,27.0,53.1,Mpumalanga,MP,0.06,0.85,41.0,7851.999999999998,1379.0399999999997
2021-10-01,2021,10,130866.66666666664,27039.999999999996,27.0,53.1,Limpopo,LP,0.06,0.6,52.0,7851.999999999998,973.4399999999997
2021-10-01,2021,10,130866.66666666664,27039.999999999996,27.0,53.1,Free State,FS,0.05,0.8,39.0,6543.333333333332,1081.6000000000001
2021-10-01,2021,10,130866.66666666664,27039.999999999996,27.0,53.1,North West,NW,0.05,0.75,44.0,6543.333333333332,1014.0
2021-10-01,2021,10,130866.66666666664,27039.999999999996,27.0,53.1,Northern Cape,NC,0.02,0.7,35.0,2617.333333333333,378.55999999999995
2021-11-01,2021,11,135899.99999999997,28079.999999999996,27.0,53.1,Gauteng,GP,0.35,1.1,22.0,47564.999999999985,10810.8
2021-11-01,2021,11,135899.99999999997,28079.999999999996,27.0,53.1,KwaZulu-Natal,KZN,0.18,0.95,32.0,24461.999999999993,4801.6799999999985
2021-11-01,2021,11,135899.99999999997,28079.999999999996,27.0,53.1,Western Cape,WC,0.15,1.25,18.0,20384.999999999996,5264.999999999999
2021-11-01,2021,11,135899.99999999997,28079.999999999996,27.0,53.1,Eastern Cape,EC,0.08,0.9,38.0,10871.999999999998,2021.7599999999998
2021-11-01,2021,11,135899.99999999997,28079.999999999996,27.0,53.1,Mpumalanga,MP,0.06,0.85,41.0,8153.999999999998,1432.0799999999997
2021-11-01,2021,11,135899.99999999997,28079.999999999996,27.0,53.1,Limpopo,LP,0.06,0.6,52.0,8153.999999999998,1010.8799999999998
2021-11-01,2021,11,135899.99999999997,28079.999999999996,27.0,53.1,Free State,FS,0.05,0.8,39.0,6794.999999999999,1123.2
2021-11-01,2021,11,135899.99999999997,28079.999999999996,27.0,53.1,North West,NW,0.05,0.75,44.0,6794.999999999999,1053.0
2021-11-01,2021,11,135899.99999999997,28079.999999999996,27.0,53.1,Northern Cape,NC,0.02,0.7,35.0,2717.9999999999995,393.1199999999999
2021-12-01,2021,12,134641.66666666663,27819.999999999996,27.0,53.1,Gauteng,GP,0.35,1.1,22.0,47124.583333333314,10710.699999999999
2021-12-01,2021,12,134641.66666666663,27819.999999999996,27.0,53.1,KwaZulu-Natal,KZN,0.18,0.95,32.0,24235.499999999993,4757.219999999999
2021-12-01,2021,12,134641.66666666663,27819.999999999996,27.0,53.1,Western Cape,WC,0.15,1.25,18.0,20196.249999999993,5216.249999999999
2021-12-01,2021,12,134641.66666666663,27819.999999999996,27.0,53.1,Eastern Cape,EC,0.08,0.9,38.0,10771.33333333333,2003.04
2021-12-01,2021,12,134641.66666666663,27819.999999999996,27.0,53.1,Mpumalanga,MP,0.06,0.85,41.0,8078.499999999997,1418.8199999999997
2021-12-01,2021,12,134641.66666666663,27819.999999999996,27.0,53.1,Limpopo,LP,0.06,0.6,52.0,8078.499999999997,1001.5199999999999
2021-12-01,2021,12,134641.66666666663,27819.999999999996,27.0,53.1,Free State,FS,0.05,0.8,39.0,6732.083333333332,1112.8
2021-12-01,2021,12,134641.66666666663,27819.999999999996,27.0,53.1,North West,NW,0.05,0.75,44.0,6732.083333333332,1043.25
2021-12-01,2021,12,134641.66666666663,27819.999999999996,27.0,53.1,Northern Cape,NC,0.02,0.7,35.0,2692.8333333333326,389.47999999999996
2022-01-01,2022,1,121416.66666666664,26476.66666666666,27.5,53.6,Gauteng,GP,0.35,1.1,22.0,42495.83333333332,10193.516666666665
2022-01-01,2022,1,121416.66666666664,26476.66666666666,27.5,53.6,KwaZulu-Natal,KZN,0.18,0.95,32.0,21854.999999999996,4527.509999999998
2022-01-01,2022,1,121416.66666666664,26476.66666666666,27.5,53.6,Western Cape,WC,0.15,1.25,18.0,18212.499999999996,4964.374999999999
2022-01-01,2022,1,121416.66666666664,26476.66666666666,27.5,53.6,Eastern Cape,EC,0.08,0.9,38.0,9713.333333333332,1906.3199999999995
2022-01-01,2022,1,121416.66666666664,26476.66666666666,27.5,53.6,Mpumalanga,MP,0.06,0.85,41.0,7284.999999999998,1350.3099999999997
2022-01-01,2022,1,121416.66666666664,26476.66666666666,27.5,53.6,Limpopo,LP,0.06,0.6,52.0,7284.999999999998,953.1599999999997
2022-01-01,2022,1,121416.66666666664,26476.66666666666,27.5,53.6,Free State,FS,0.05,0.8,39.0,6070.833333333332,1059.0666666666664
2022-01-01,2022,1,121416.66666666664,26476.66666666666,27.5,53.6,North West,NW,0.05,0.75,44.0,6070.833333333332,992.8749999999998
2022-01-01,2022,1,121416.66666666664,26476.66666666666,27.5,53.6,Northern Cape,NC,0.02,0.7,35.0,2428.333333333333,370.67333333333323
2022-02-01,2022,2,120124.99999999999,26194.999999999996,27.5,53.6,Gauteng,GP,0.35,1.1,22.0,42043.74999999999,10085.074999999999
2022-02-01,2022,2,120124.99999999999,26194.999999999996,27.5,53.6,KwaZulu-Natal,KZN,0.18,0.95,32.0,21622.499999999996,4479.344999999999
2022-02-01,2022,2,120124.99999999999,26194.999999999996,27.5,53.6,Western Cape,WC,0.15,1.25,18.0,18018.749999999996,4911.562499999999
2022-02-01,2022,2,120124.99999999999,26194.999999999996,27.5,53.6,Eastern Cape,EC,0.08,0.9,38.0,9609.999999999998,1886.04
2022-02-01,2022,2,120124.99999999999,26194.999999999996,27.5,53.6,Mpumalanga,MP,0.06,0.85,41.0,7207.499999999999,1335.9449999999997
2022-02-01,2022,2,120124.99999999999,26194.999999999996,27.5,53.6,Limpopo,LP,0.06,0.6,52.0,7207.499999999999,943.0199999999999
2022-02-01,2022,2,120124.99999999999,26194.999999999996,27.5,53.6,Free State,FS,0.05,0.8,39.0,6006.25,1047.8
2022-02-01,2022,2,120124.99999999999,26194.999999999996,27.5,53.6,North West,NW,0.05,0.75,44.0,6006.25,982.3125
2022-02-01,2022,2,120124.99999999999,26194.999999999996,27.5,53.6,Northern Cape,NC,0.02,0.7,35.0,2402.4999999999995,366.72999999999996
2022-03-01,2022,3,126583.33333333331,27603.33333333333,27.5,53.6,Gauteng,GP,0.35,1.1,22.0,44304.16666666666,10627.283333333331
2022-03-01,2022,3,126583.33333333331,27603.33333333333,27.5,53.6,KwaZulu-Natal,KZN,0.18,0.95,32.0,22784.999999999996,4720.169999999998
2022-03-01,2022,3,126583.33333333331,27603.33333333333,27.5,53.6,Western Cape,WC,0.15,1.25,18.0,18987.499999999996,5175.624999999999
2022-03-01,2022,3,126583.33333333331,27603.33333333333,27.5,53.6,Eastern Cape,EC,0.08,0.9,38.0,10126.666666666666,1987.4399999999998
2022-03-01,2022,3,126583.33333333331,27603.33333333333,27.5,53.6,Mpumalanga,MP,0.06,0.85,41.0,7594.999999999998,1407.7699999999995
2022-03-01,2022,3,126583.33333333331,27603.33333333333,27.5,53.6,Limpopo,LP,0.06,0.6,52.0,7594.999999999998,993.7199999999997
2022-03-01,2022,3,126583.33333333331,27603.33333333333,27.5,53.6,Free State,FS,0.05,0.8,39.0,6329.166666666666,1104.1333333333332
2022-03-01,2022,3,126583.33333333331,27603.33333333333,27.5,53.6,North West,NW,0.05,0.75,44.0,6329.166666666666,1035.125
2022-03-01,2022,3,126583.33333333331,27603.33333333333,27.5,53.6,Northern Cape,NC,0.02,0.7,35.0,2531.6666666666665,386.4466666666666
2022-04-01,2022,4,125291.66666666664,27321.66666666666,27.5,53.6,Gauteng,GP,0.35,1.1,22.0,43852.08333333332,10518.841666666664
2022-04-01,2022,4,125291.66666666664,27321.66666666666,27.5,53.6,KwaZulu-Natal,KZN,0.18,0.95,32.0,22552.499999999996,4672.004999999998
2022-04-01,2022,4,125291.66666666664,27321.66666666666,27.5,53.6,Western Cape,WC,0.15,1.25,18.0,18793.749999999996,5122.812499999999
2022-04-01,2022,4,125291.66666666664,27321.66666666666,27.5,53.6,Eastern Cape,EC,0.08,0.9,38.0,10023.333333333332,1967.1599999999999
2022-04-01,2022,4,125291.66666666664,27321.66666666666,27.5,53.6,Mpumalanga,MP,0.06,0.85,41.0,7517.499999999998,1393.4049999999995
2022-04-01,2022,4,125291.66666666664,27321.66666666666,27.5,53.6,Limpopo,LP,0.06,0.6,52.0,7517.499999999998,983.5799999999997
2022-04-01,2022,4,125291.66666666664,27321.66666666666,27.5,53.6,Free State,FS,0.05,0.8,39.0,6264.583333333332,1092.8666666666666
2022-04-01,2022,4,125291.66666666664,27321.66666666666,27.5,53.6,North West,NW,0.05,0.75,44.0,6264.583333333332,1024.5624999999998
2022-04-01,2022,4,125291.66666666664,27321.66666666666,27.5,53.6,Northern Cape,NC,0.02,0.7,35.0,2505.833333333333,382.5033333333333
2022-05-01,2022,5,127874.99999999997,27884.999999999996,27.5,53.6,Gauteng,GP,0.35,1.1,22.0,44756.249999999985,10735.724999999999
2022-05-01,2022,5,127874.99999999997,27884.999999999996,27.5,53.6,KwaZulu-Natal,KZN,0.18,0.95,32.0,23017.499999999993,4768.334999999999
2022-05-01,2022,5,127874.99999999997,27884.999999999996,27.5,53.6,Western Cape,WC,0.15,1.25,18.0,19181.249999999996,5228.437499999999
2022-05-01,2022,5,127874.99999999997,27884.999999999996,27.5,53.6,Eastern Cape,EC,0.08,0.9,38.0,10229.999999999998,2007.7199999999998
2022-05-01,2022,5,127874.99999999997,27884.999999999996,27.5,53.6,Mpumalanga,MP,0.06,0.85,41.0,7672.499999999998,1422.1349999999998
2022-05-01,2022,5,127874.99999999997,27884.999999999996,27.5,53.6,Limpopo,LP,0.06,0.6,52.0,7672.499999999998,1003.8599999999998
2022-05-01,2022,5,127874.99999999997,27884.999999999996,27.5,53.6,Free State,FS,0.05,0.8,39.0,6393.749999999999,1115.4
2022-05-01,2022,5,127874.99999999997,27884.999999999996,27.5,53.6,North West,NW,0.05,0.75,44.0,6393.749999999999,1045.6875
2022-05-01,2022,5,127874.99999999997,27884.999999999996,27.5,53.6,Northern Cape,NC,0.02,0.7,35.0,2557.4999999999995,390.38999999999993
2022-06-01,2022,6,126583.33333333331,27603.33333333333,27.5,53.6,Gauteng,GP,0.35,1.1,22.0,44304.16666666666,10627.283333333331
2022-06-01,2022,6,126583.33333333331,27603.33333333333,27.5,53.6,KwaZulu-Natal,KZN,0.18,0.95,32.0,22784.999999999996,4720.169999999998
2022-06-01,2022,6,126583.33333333331,27603.33333333333,27.5,53.6,Western Cape,WC,0.15,1.25,18.0,18987.499999999996,5175.624999999999
2022-06-01,2022,6,126583.33333333331,27603.33333333333,27.5,53.6,Eastern Cape,EC,0.08,0.9,38.0,10126.666666666666,1987.4399999999998
2022-06-01,2022,6,126583.33333333331,27603.33333333333,27.5,53.6,Mpumalanga,MP,0.06,0.85,41.0,7594.999999999998,1407.7699999999995
2022-06-01,2022,6,126583.33333333331,27603.33333333333,27.5,53.6,Limpopo,LP,0.06,0.6,52.0,7594.999999999998,993.7199999999997
2022-06-01,2022,6,126583.33333333331,27603.33333333333,27.5,53.6,Free State,FS,0.05,0.8,39.0,6329.166666666666,1104.1333333333332
2022-06-01,2022,6,126583.33333333331,27603.33333333333,27.5,53.6,North West,NW,0.05,0.75,44.0,6329.166666666666,1035.125
2022-06-01,2022,6,126583.33333333331,27603.33333333333,27.5,53.6,Northern Cape,NC,0.02,0.7,35.0,2531.6666666666665,386.4466666666666
2022-07-01,2022,7,127874.99999999997,27884.999999999996,27.5,53.6,Gauteng,GP,0.35,1.1,22.0,44756.249999999985,10735.724999999999
2022-07-01,2022,7,127874.99999999997,27884.999999999996,27.5,53.6,KwaZulu-Natal,KZN,0.18,0.95,32.0,23017.499999999993,4768.334999999999
2022-07-01,2022,7,127874.99999999997,27884.999999999996,27.5,53.6,Western Cape,WC,0.15,1.25,18.0,19181.249999999996,5228.437499999999
2022-07-01,2022,7,127874.99999999997,27884.999999999996,27.5,53.6,Eastern Cape,EC,0.08,0.9,38.0,10229.999999999998,2007.7199999999998
2022-07-01,2022,7,127874.99999999997,27884.999999999996,27.5,53.6,Mpumalanga,MP,0.06,0.85,41.0,7672.499999999998,1422.1349999999998
2022-07-01,2022,7,127874.99999999997,27884.999999999996,27.5,53.6,Limpopo,LP,0.06,0.6,52.0,7672.499999999998,1003.8599999999998
2022-07-01,2022,7,127874.99999999997,27884.999999999996,27.5,53.6,Free State,FS,0.05,0.8,39.0,6393.749999999999,1115.4
2022-07-01,2022,7,127874.99999999997,27884.999999999996,27.5,53.6,North West,NW,0.05,0.75,44.0,6393.749999999999,1045.6875
2022-07-01,2022,7,127874.99999999997,27884.999999999996,27.5,53.6,Northern Cape,NC,0.02,0.7,35.0,2557.4999999999995,390.38999999999993
2022-08-01,2022,8,130458.33333333331,28448.33333333333,27.5,53.6,Gauteng,GP,0.35,1.1,22.0,45660.41666666666,10952.608333333332
2022-08-01,2022,8,130458.33333333331,28448.33333333333,27.5,53.6,KwaZulu-Natal,KZN,0.18,0.95,32.0,23482.499999999996,4864.664999999999
2022-08-01,2022,8,130458.33333333331,28448.33333333333,27.5,53.6,Western Cape,WC,0.15,1.25,18.0,19568.749999999996,5334.062499999999
2022-08-01,2022,8,130458.33333333331,28448.33333333333,27.5,53.6,Eastern Cape,EC,0.08,0.9,38.0,10436.666666666666,2048.2799999999997
2022-08-01,2022,8,130458.33333333331,28448.33333333333,27.5,53.6,Mpumalanga,MP,0.06,0.85,41.0,7827.499999999998,1450.8649999999996
2022-08-01,2022,8,130458.33333333331,28448.33333333333,27.5,53.6,Limpopo,LP,0.06,0.6,52.0,7827.499999999998,1024.1399999999996
2022-08-01,2022,8,130458.33333333331,28448.33333333333,27.5,53.6,Free State,FS,0.05,0.8,39.0,6522.916666666666,1137.9333333333332
2022-08-01,2022,8,130458.33333333331,28448.33333333333,27.5,53.6,North West,NW,0.05,0.75,44.0,6522.916666666666,1066.8125
2022-08-01,2022,8,130458.33333333331,28448.33333333333,27.5,53.6,Northern Cape,NC,0.02,0.7,35.0,2609.1666666666665,398.2766666666666
2022-09-01,2022,9,131749.99999999997,28729.999999999996,27.5,53.6,Gauteng,GP,0.35,1.1,22.0,46112.499999999985,11061.05
2022-09-01,2022,9,131749.99999999997,28729.999999999996,27.5,53.6,KwaZulu-Natal,KZN,0.18,0.95,32.0,23714.999999999993,4912.829999999998
2022-09-01,2022,9,131749.99999999997,28729.999999999996,27.5,53.6,Western Cape,WC,0.15,1.25,18.0,19762.499999999996,5386.874999999999
2022-09-01,2022,9,131749.99999999997,28729.999999999996,27.5,53.6,Eastern Cape,EC,0.08,0.9,38.0,10539.999999999998,2068.56
2022-09-01,2022,9,131749.99999999997,28729.999999999996,27.5,53.6,Mpumalanga,MP,0.06,0.85,41.0,7904.999999999998,1465.2299999999998
2022-09-01,2022,9,131749.99999999997,28729.999999999996,27.5,53.6,Limpopo,LP,0.06,0.6,52.0,7904.999999999998,1034.2799999999997
2022-09-01,2022,9,131749.99999999997,28729.999999999996,27.5,53.6,Free State,FS,0.05,0.8,39.0,6587.499999999999,1149.2
2022-09-01,2022,9,131749.99999999997,28729.999999999996,27.5,53.6,North West,NW,0.05,0.75,44.0,6587.499999999999,1077.375
2022-09-01,2022,9,131749.99999999997,28729.999999999996,27.5,53.6,Northern Cape,NC,0.02,0.7,35.0,2634.9999999999995,402.2199999999999
2022-10-01,2022,10,134333.3333333333,29293.33333333333,27.5,53.6,Gauteng,GP,0.35,1.1,22.0,47016.66666666666,11277.933333333332
2022-10-01,2022,10,134333.3333333333,29293.33333333333,27.5,53.6,KwaZulu-Natal,KZN,0.18,0.95,32.0,24179.999999999996,5009.159999999999
2022-10-01,2022,10,134333.3333333333,29293.33333333333,27.5,53.6,Western Cape,WC,0.15,1.25,18.0,20149.999999999996,5492.499999999999
2022-10-01,2022,10,134333.3333333333,29293.33333333333,27.5,53.6,Eastern Cape,EC,0.08,0.9,38.0,10746.666666666666,2109.12
2022-10-01,2022,10,134333.3333333333,29293.33333333333,27.5,53.6,Mpumalanga,MP,0.06,0.85,41.0,8059.999999999998,1493.9599999999996
2022-10-01,2022,10,134333.3333333333,29293.33333333333,27.5,53.6,Limpopo,LP,0.06,0.6,52.0,8059.999999999998,1054.5599999999997
2022-10-01,2022,10,134333.3333333333,29293.33333333333,27.5,53.6,Free State,FS,0.05,0.8,39.0,6716.666666666666,1171.7333333333333
2022-10-01,2022,10,134333.3333333333,29293.33333333333,27.5,53.6,North West,NW,0.05,0.75,44.0,6716.666666666666,1098.5
2022-10-01,2022,10,134333.3333333333,29293.33333333333,27.5,53.6,Northern Cape,NC,0.02,0.7,35.0,2686.6666666666665,410.10666666666657
2022-11-01,2022,11,139500.0,30419.999999999996,27.5,53.6,Gauteng,GP,0.35,1.1,22.0,48825.0,11711.699999999999
2022-11-01,2022,11,139500.0,30419.999999999996,27.5,53.6,KwaZulu-Natal,KZN,0.18,0.95,32.0,25110.0,5201.819999999999
2022-11-01,2022,11,139500.0,30419.999999999996,27.5,53.6,Western Cape,WC,0.15,1.25,18.0,20925.0,5703.749999999999
2022-11-01,2022,11,139500.0,30419.999999999996,27.5,53.6,Eastern Cape,EC,0.08,0.9,38.0,11160.0,2190.24
2022-11-01,2022,11,139500.0,30419.999999999996,27.5,53.6,Mpumalanga,MP,0.06,0.85,41.0,8370.0,1551.4199999999998
2022-11-01,2022,11,139500.0,30419.999999999996,27.5,53.6,Limpopo,LP,0.06,0.6,52.0,8370.0,1095.12
2022-11-01,2022,11,139500.0,30419.999999999996,27.5,53.6,Free State,FS,0.05,0.8,39.0,6975.0,1216.8
2022-11-01,2022,11,139500.0,30419.999999999996,27.5,53.6,North West,NW,0.05,0.75,44.0,6975.0,1140.75
2022-11-01,2022,11,139500.0,30419.999999999996,27.5,53.6,Northern Cape,NC,0.02,0.7,35.0,2790.0,425.87999999999994
2022-12-01,2022,12,138208.3333333333,30138.33333333333,27.5,53.6,Gauteng,GP,0.35,1.1,22.0,48372.91666666666,11603.258333333331
2022-12-01,2022,12,138208.3333333333,30138.33333333333,27.5,53.6,KwaZulu-Natal,KZN,0.18,0.95,32.0,24877.499999999996,5153.654999999999
2022-12-01,2022,12,138208.3333333333,30138.33333333333,27.5,53.6,Western Cape,WC,0.15,1.25,18.0,20731.249999999996,5650.937499999999
2022-12-01,2022,12,138208.3333333333,30138.33333333333,27.5,53.6,Eastern Cape,EC,0.08,0.9,38.0,11056.666666666666,2169.9599999999996
2022-12-01,2022,12,138208.3333333333,30138.33333333333,27.5,53.6,Mpumalanga,MP,0.06,0.85,41.0,8292.499999999998,1537.0549999999998
2022-12-01,2022,12,138208.3333333333,30138.33333333333,27.5,53.6,Limpopo,LP,0.06,0.6,52.0,8292.499999999998,1084.9799999999998
2022-12-01,2022,12,138208.3333333333,30138.33333333333,27.5,53.6,Free State,FS,0.05,0.8,39.0,6910.416666666666,1205.5333333333333
2022-12-01,2022,12,138208.3333333333,30138.33333333333,27.5,53.6,North West,NW,0.05,0.75,44.0,6910.416666666666,1130.1875
2022-12-01,2022,12,138208.3333333333,30138.33333333333,27.5,53.6,Northern Cape,NC,0.02,0.7,35.0,2764.1666666666665,421.93666666666655
2023-01-01,2023,1,124549.99999999996,27808.333333333325,28.0,54.0,Gauteng,GP,0.35,1.1,22.0,43592.499999999985,10706.20833333333
2023-01-01,2023,1,124549.99999999996,27808.333333333325,28.0,54.0,KwaZulu-Natal,KZN,0.18,0.95,32.0,22418.999999999993,4755.224999999998
2023-01-01,2023,1,124549.99999999996,27808.333333333325,28.0,54.0,Western Cape,WC,0.15,1.25,18.0,18682.499999999993,5214.062499999998
2023-01-01,2023,1,124549.99999999996,27808.333333333325,28.0,54.0,Eastern Cape,EC,0.08,0.9,38.0,9963.999999999996,2002.1999999999996
2023-01-01,2023,1,124549.99999999996,27808.333333333325,28.0,54.0,Mpumalanga,MP,0.06,0.85,41.0,7472.999999999997,1418.2249999999995
2023-01-01,2023,1,124549.99999999996,27808.333333333325,28.0,54.0,Limpopo,LP,0.06,0.6,52.0,7472.999999999997,1001.0999999999996
2023-01-01,2023,1,124549.99999999996,27808.333333333325,28.0,54.0,Free State,FS,0.05,0.8,39.0,6227.499999999998,1112.333333333333
2023-01-01,2023,1,124549.99999999996,27808.333333333325,28.0,54.0,North West,NW,0.05,0.75,44.0,6227.499999999998,1042.8124999999998
2023-01-01,2023,1,124549.99999999996,27808.333333333325,28.0,54.0,Northern Cape,NC,0.02,0.7,35.0,2490.999999999999,389.31666666666655
2023-02-01,2023,2,123224.99999999997,27512.499999999993,28.0,54.0,Gauteng,GP,0.35,1.1,22.0,43128.749999999985,10592.312499999996
2023-02-01,2023,2,123224.99999999997,27512.499999999993,28.0,54.0,KwaZulu-Natal,KZN,0.18,0.95,32.0,22180.499999999993,4704.637499999998
2023-02-01,2023,2,123224.99999999997,27512.499999999993,28.0,54.0,Western Cape,WC,0.15,1.25,18.0,18483.749999999996,5158.593749999999
2023-02-01,2023,2,123224.99999999997,27512.499999999993,28.0,54.0,Eastern Cape,EC,0.08,0.9,38.0,9857.999999999998,1980.8999999999996
2023-02-01,2023,2,123224.99999999997,27512.499999999993,28.0,54.0,Mpumalanga,MP,0.06,0.85,41.0,7393.499999999998,1403.1374999999996
2023-02-01,2023,2,123224.99999999997,27512.499999999993,28.0,54.0,Limpopo,LP,0.06,0.6,52.0,7393.499999999998,990.4499999999997
2023-02-01,2023,2,123224.99999999997,27512.499999999993,28.0,54.0,Free State,FS,0.05,0.8,39.0,6161.249999999999,1100.4999999999998
2023-02-01,2023,2,123224.99999999997,27512.499999999993,28.0,54.0,North West,NW,0.05,0.75,44.0,6161.249999999999,1031.7187499999998
2023-02-01,2023,2,123224.99999999997,27512.499999999993,28.0,54.0,Northern Cape,NC,0.02,0.7,35.0,2464.4999999999995,385.1749999999999
2023-03-01,2023,3,129849.99999999997,28991.666666666657,28.0,54.0,Gauteng,GP,0.35,1.1,22.0,45447.499999999985,11161.791666666662
2023-03-01,2023,3,129849.99999999997,28991.666666666657,28.0,54.0,KwaZulu-Natal,KZN,0.18,0.95,32.0,23372.999999999993,4957.574999999998
2023-03-01,2023,3,129849.99999999997,28991.666666666657,28.0,54.0,Western Cape,WC,0.15,1.25,18.0,19477.499999999996,5435.937499999998
2023-03-01,2023,3,129849.99999999997,28991.666666666657,28.0,54.0,Eastern Cape,EC,0.08,0.9,38.0,10387.999999999998,2087.399999999999
2023-03-01,2023,3,129849.99999999997,28991.666666666657,28.0,54.0,Mpumalanga,MP,0.06,0.85,41.0,7790.999999999998,1478.5749999999994
2023-03-01,2023,3,129849.99999999997,28991.666666666657,28.0,54.0,Limpopo,LP,0.06,0.6,52.0,7790.999999999998,1043.6999999999996
2023-03-01,2023,3,129849.99999999997,28991.666666666657,28.0,54.0,Free State,FS,0.05,0.8,39.0,6492.499999999999,1159.6666666666665
2023-03-01,2023,3,129849.99999999997,28991.666666666657,28.0,54.0,North West,NW,0.05,0.75,44.0,6492.499999999999,1087.1874999999998
2023-03-01,2023,3,129849.99999999997,28991.666666666657,28.0,54.0,Northern Cape,NC,0.02,0.7,35.0,2596.9999999999995,405.88333333333316
2023-04-01,2023,4,128524.99999999997,28695.833333333325,28.0,54.0,Gauteng,GP,0.35,1.1,22.0,44983.749999999985,11047.89583333333
2023-04-01,2023,4,128524.99999999997,28695.833333333325,28.0,54.0,KwaZulu-Natal,KZN,0.18,0.95,32.0,23134.499999999993,4906.987499999998
2023-04-01,2023,4,128524.99999999997,28695.833333333325,28.0,54.0,Western Cape,WC,0.15,1.25,18.0,19278.749999999996,5380.468749999998
2023-04-01,2023,4,128524.99999999997,28695.833333333325,28.0,54.0,Eastern Cape,EC,0.08,0.9,38.0,10281.999999999998,2066.0999999999995
2023-04-01,2023,4,128524.99999999997,28695.833333333325,28.0,54.0,Mpumalanga,MP,0.06,0.85,41.0,7711.499999999998,1463.4874999999993
2023-04-01,2023,4,128524.99999999997,28695.833333333325,28.0,54.0,Limpopo,LP,0.06,0.6,52.0,7711.499999999998,1033.0499999999995
2023-04-01,2023,4,128524.99999999997,28695.833333333325,28.0,54.0,Free State,FS,0.05,0.8,39.0,6426.249999999999,1147.833333333333
2023-04-01,2023,4,128524.99999999997,28695.833333333325,28.0,54.0,North West,NW,0.05,0.75,44.0,6426.249999999999,1076.0937499999998
2023-04-01,2023,4,128524.99999999997,28695.833333333325,28.0,54.0,Northern Cape,NC,0.02,0.7,35.0,2570.4999999999995,401.74166666666656
2023-05-01,2023,5,131174.99999999997,29287.499999999993,28.0,54.0,Gauteng,GP,0.35,1.1,22.0,45911.249999999985,11275.687499999996
2023-05-01,2023,5,131174.99999999997,29287.499999999993,28.0,54.0,KwaZulu-Natal,KZN,0.18,0.95,32.0,23611.499999999993,5008.162499999998
2023-05-01,2023,5,131174.99999999997,29287.499999999993,28.0,54.0,Western Cape,WC,0.15,1.25,18.0,19676.249999999996,5491.406249999999
2023-05-01,2023,5,131174.99999999997,29287.499999999993,28.0,54.0,Eastern Cape,EC,0.08,0.9,38.0,10493.999999999998,2108.7
2023-05-01,2023,5,131174.99999999997,29287.499999999993,28.0,54.0,Mpumalanga,MP,0.06,0.85,41.0,7870.499999999998,1493.6624999999997
2023-05-01,2023,5,131174.99999999997,29287.499999999993,28.0,54.0,Limpopo,LP,0.06,0.6,52.0,7870.499999999998,1054.3499999999997
2023-05-01,2023,5,131174.99999999997,29287.499999999993,28.0,54.0,Free State,FS,0.05,0.8,39.0,6558.749999999999,1171.4999999999998
2023-05-01,2023,5,131174.99999999997,29287.499999999993,28.0,54.0,North West,NW,0.05,0.75,44.0,6558.749999999999,1098.2812499999998
2023-05-01,2023,5,131174.99999999997,29287.499999999993,28.0,54.0,Northern Cape,NC,0.02,0.7,35.0,2623.4999999999995,410.0249999999999
2023-06-01,2023,6,129849.99999999997,28991.666666666657,28.0,54.0,Gauteng,GP,0.35,1.1,22.0,45447.499999999985,11161.791666666662
2023-06-01,2023,6,129849.99999999997,28991.666666666657,28.0,54.0,KwaZulu-Natal,KZN,0.18,0.95,32.0,23372.999999999993,4957.574999999998
2023-06-01,2023,6,129849.99999999997,28991.666666666657,28.0,54.0,Western Cape,WC,0.15,1.25,18.0,19477.499999999996,5435.937499999998
2023-06-01,2023,6,129849.99999999997,28991.666666666657,28.0,54.0,Eastern Cape,EC,0.08,0.9,38.0,10387.999999999998,2087.399999999999
2023-06-01,2023,6,129849.99999999997,28991.666666666657,28.0,54.0,Mpumalanga,MP,0.06,0.85,41.0,7790.999999999998,1478.5749999999994
2023-06-01,2023,6,129849.99999999997,28991.666666666657,28.0,54.0,Limpopo,LP,0.06,0.6,52.0,7790.999999999998,1043.6999999999996
2023-06-01,2023,6,129849.99999999997,28991.666666666657,28.0,54.0,Free State,FS,0.05,0.8,39.0,6492.499999999999,1159.6666666666665
2023-06-01,2023,6,129849.99999999997,28991.666666666657,28.0,54.0,North West,NW,0.05,0.75,44.0,6492.499999999999,1087.1874999999998
2023-06-01,2023,6,129849.99999999997,28991.666666666657,28.0,54.0,Northern Cape,NC,0.02,0.7,35.0,2596.9999999999995,405.88333333333316
2023-07-01,2023,7,131174.99999999997,29287.499999999993,28.0,54.0,Gauteng,GP,0.35,1.1,22.0,45911.249999999985,11275.687499999996
2023-07-01,2023,7,131174.99999999997,29287.499999999993,28.0,54.0,KwaZulu-Natal,KZN,0.18,0.95,32.0,23611.499999999993,5008.162499999998
2023-07-01,2023,7,131174.99999999997,29287.499999999993,28.0,54.0,Western Cape,WC,0.15,1.25,18.0,19676.249999999996,5491.406249999999
2023-07-01,2023,7,131174.99999999997,29287.499999999993,28.0,54.0,Eastern Cape,EC,0.08,0.9,38.0,10493.999999999998,2108.7
2023-07-01,2023,7,131174.99999999997,29287.499999999993,28.0,54.0,Mpumalanga,MP,0.06,0.85,41.0,7870.499999999998,1493.6624999999997
2023-07-01,2023,7,131174.99999999997,29287.499999999993,28.0,54.0,Limpopo,LP,0.06,0.6,52.0,7870.499999999998,1054.3499999999997
2023-07-01,2023,7,131174.99999999997,29287.499999999993,28.0,54.0,Free State,FS,0.05,0.8,39.0,6558.749999999999,1171.4999999999998
2023-07-01,2023,7,131174.99999999997,29287.499999999993,28.0,54.0,North West,NW,0.05,0.75,44.0,6558.749999999999,1098.2812499999998
2023-07-01,2023,7,131174.99999999997,29287.499999999993,28.0,54.0,Northern Cape,NC,0.02,0.7,35.0,2623.4999999999995,410.0249999999999
2023-08-01,2023,8,133824.99999999997,29879.16666666666,28.0,54.0,Gauteng,GP,0.35,1.1,22.0,46838.749999999985,11503.479166666664
2023-08-01,2023,8,133824.99999999997,29879.16666666666,28.0,54.0,KwaZulu-Natal,KZN,0.18,0.95,32.0,24088.499999999993,5109.337499999999
2023-08-01,2023,8,133824.99999999997,29879.16666666666,28.0,54.0,Western Cape,WC,0.15,1.25,18.0,20073.749999999996,5602.343749999999
2023-08-01,2023,8,133824.99999999997,29879.16666666666,28.0,54.0,Eastern Cape,EC,0.08,0.9,38.0,10705.999999999998,2151.2999999999997
2023-08-01,2023,8,133824.99999999997,29879.16666666666,28.0,54.0,Mpumalanga,MP,0.06,0.85,41.0,8029.499999999998,1523.8374999999996
2023-08-01,2023,8,133824.99999999997,29879.16666666666,28.0,54.0,Limpopo,LP,0.06,0.6,52.0,8029.499999999998,1075.6499999999996
2023-08-01,2023,8,133824.99999999997,29879.16666666666,28.0,54.0,Free State,FS,0.05,0.8,39.0,6691.249999999999,1195.1666666666665
2023-08-01,2023,8,133824.99999999997,29879.16666666666,28.0,54.0,North West,NW,0.05,0.75,44.0,6691.249999999999,1120.4687499999998
2023-08-01,2023,8,133824.99999999997,29879.16666666666,28.0,54.0,Northern Cape,NC,0.02,0.7,35.0,2676.4999999999995,418.3083333333333
2023-09-01,2023,9,135149.99999999997,30174.999999999993,28.0,54.0,Gauteng,GP,0.35,1.1,22.0,47302.499999999985,11617.374999999996
2023-09-01,2023,9,135149.99999999997,30174.999999999993,28.0,54.0,KwaZulu-Natal,KZN,0.18,0.95,32.0,24326.999999999993,5159.924999999998
2023-09-01,2023,9,135149.99999999997,30174.999999999993,28.0,54.0,Western Cape,WC,0.15,1.25,18.0,20272.499999999996,5657.812499999999
2023-09-01,2023,9,135149.99999999997,30174.999999999993,28.0,54.0,Eastern Cape,EC,0.08,0.9,38.0,10811.999999999998,2172.5999999999995
2023-09-01,2023,9,135149.99999999997,30174.999999999993,28.0,54.0,Mpumalanga,MP,0.06,0.85,41.0,8108.999999999998,1538.9249999999995
2023-09-01,2023,9,135149.99999999997,30174.999999999993,28.0,54.0,Limpopo,LP,0.06,0.6,52.0,8108.999999999998,1086.2999999999997
2023-09-01,2023,9,135149.99999999997,30174.999999999993,28.0,54.0,Free State,FS,0.05,0.8,39.0,6757.499999999999,1206.9999999999998
2023-09-01,2023,9,135149.99999999997,30174.999999999993,28.0,54.0,North West,NW,0.05,0.75,44.0,6757.499999999999,1131.5624999999998
2023-09-01,2023,9,135149.99999999997,30174.999999999993,28.0,54.0,Northern Cape,NC,0.02,0.7,35.0,2702.9999999999995,422.4499999999999
2023-10-01,2023,10,137799.99999999997,30766.66666666666,28.0,54.0,Gauteng,GP,0.35,1.1,22.0,48229.999999999985,11845.166666666664
2023-10-01,2023,10,137799.99999999997,30766.66666666666,28.0,54.0,KwaZulu-Natal,KZN,0.18,0.95,32.0,24803.999999999993,5261.0999999999985
2023-10-01,2023,10,137799.99999999997,30766.66666666666,28.0,54.0,Western Cape,WC,0.15,1.25,18.0,20669.999999999996,5768.749999999999
2023-10-01,2023,10,137799.99999999997,30766.66666666666,28.0,54.0,Eastern Cape,EC,0.08,0.9,38.0,11023.999999999998,2215.2
2023-10-01,2023,10,137799.99999999997,30766.66666666666,28.0,54.0,Mpumalanga,MP,0.06,0.85,41.0,8267.999999999998,1569.0999999999997
2023-10-01,2023,10,137799.99999999997,30766.66666666666,28.0,54.0,Limpopo,LP,0.06,0.6,52.0,8267.999999999998,1107.5999999999997
2023-10-01,2023,10,137799.99999999997,30766.66666666666,28.0,54.0,Free State,FS,0.05,0.8,39.0,6889.999999999999,1230.6666666666665
2023-10-01,2023,10,137799.99999999997,30766.66666666666,28.0,54.0,North West,NW,0.05,0.75,44.0,6889.999999999999,1153.7499999999998
2023-10-01,2023,10,137799.99999999997,30766.66666666666,28.0,54.0,Northern Cape,NC,0.02,0.7,35.0,2755.9999999999995,430.73333333333323
2023-11-01,2023,11,143099.99999999997,31949.999999999993,28.0,54.0,Gauteng,GP,0.35,1.1,22.0,50084.999999999985,12300.749999999996
2023-11-01,2023,11,143099.99999999997,31949.999999999993,28.0,54.0,KwaZulu-Natal,KZN,0.18,0.95,32.0,25757.999999999993,5463.449999999998
2023-11-01,2023,11,143099.99999999997,31949.999999999993,28.0,54.0,Western Cape,WC,0.15,1.25,18.0,21464.999999999996,5990.624999999999
2023-11-01,2023,11,143099.99999999997,31949.999999999993,28.0,54.0,Eastern Cape,EC,0.08,0.9,38.0,11447.999999999998,2300.3999999999996
2023-11-01,2023,11,143099.99999999997,31949.999999999993,28.0,54.0,Mpumalanga,MP,0.06,0.85,41.0,8585.999999999998,1629.4499999999996
2023-11-01,2023,11,143099.99999999997,31949.999999999993,28.0,54.0,Limpopo,LP,0.06,0.6,52.0,8585.999999999998,1150.1999999999996
2023-11-01,2023,11,143099.99999999997,31949.999999999993,28.0,54.0,Free State,FS,0.05,0.8,39.0,7154.999999999999,1278.0
2023-11-01,2023,11,143099.99999999997,31949.999999999993,28.0,54.0,North West,NW,0.05,0.75,44.0,7154.999999999999,1198.1249999999998
2023-11-01,2023,11,143099.99999999997,31949.999999999993,28.0,54.0,Northern Cape,NC,0.02,0.7,35.0,2861.9999999999995,447.2999999999999
2023-12-01,2023,12,141774.99999999997,31654.16666666666,28.0,54.0,Gauteng,GP,0.35,1.1,22.0,49621.249999999985,12186.854166666664
2023-12-01,2023,12,141774.99999999997,31654.16666666666,28.0,54.0,KwaZulu-Natal,KZN,0.18,0.95,32.0,25519.499999999993,5412.862499999999
2023-12-01,2023,12,141774.99999999997,31654.16666666666,28.0,54.0,Western Cape,WC,0.15,1.25,18.0,21266.249999999996,5935.156249999999
2023-12-01,2023,12,141774.99999999997,31654.16666666666,28.0,54.0,Eastern Cape,EC,0.08,0.9,38.0,11341.999999999998,2279.1
2023-12-01,2023,12,141774.99999999997,31654.16666666666,28.0,54.0,Mpumalanga,MP,0.06,0.85,41.0,8506.499999999998,1614.3624999999995
2023-12-01,2023,12,141774.99999999997,31654.16666666666,28.0,54.0,Limpopo,LP,0.06,0.6,52.0,8506.499999999998,1139.5499999999997
2023-12-01,2023,12,141774.99999999997,31654.16666666666,28.0,54.0,Free State,FS,0.05,0.8,39.0,7088.749999999999,1266.1666666666665
2023-12-01,2023,12,141774.99999999997,31654.16666666666,28.0,54.0,North West,NW,0.05,0.75,44.0,7088.749999999999,1187.0312499999998
2023-12-01,2023,12,141774.99999999997,31654.16666666666,28.0,54.0,Northern Cape,NC,0.02,0.7,35.0,2835.4999999999995,443.15833333333325
2024-01-01,2024,1,126899.99999999996,28826.66666666666,28.4,54.3,Gauteng,GP,0.35,1.1,22.0,44414.999999999985,11098.266666666665
2024-01-01,2024,1,126899.99999999996,28826.66666666666,28.4,54.3,KwaZulu-Natal,KZN,0.18,0.95,32.0,22841.999999999993,4929.359999999998
2024-01-01,2024,1,126899.99999999996,28826.66666666666,28.4,54.3,Western Cape,WC,0.15,1.25,18.0,19034.999999999993,5404.999999999999
2024-01-01,2024,1,126899.99999999996,28826.66666666666,28.4,54.3,Eastern Cape,EC,0.08,0.9,38.0,10151.999999999996,2075.5199999999995
2024-01-01,2024,1,126899.99999999996,28826.66666666666,28.4,54.3,Mpumalanga,MP,0.06,0.85,41.0,7613.999999999997,1470.1599999999996
2024-01-01,2024,1,126899.99999999996,28826.66666666666,28.4,54.3,Limpopo,LP,0.06,0.6,52.0,7613.999999999997,1037.7599999999998
2024-01-01,2024,1,126899.99999999996,28826.66666666666,28.4,54.3,Free State,FS,0.05,0.8,39.0,6344.999999999998,1153.0666666666664
2024-01-01,2024,1,126899.99999999996,28826.66666666666,28.4,54.3,North West,NW,0.05,0.75,44.0,6344.999999999998,1080.9999999999998
2024-01-01,2024,1,126899.99999999996,28826.66666666666,28.4,54.3,Northern Cape,NC,0.02,0.7,35.0,2537.999999999999,403.5733333333332
2024-02-01,2024,2,125549.99999999997,28519.999999999996,28.4,54.3,Gauteng,GP,0.35,1.1,22.0,43942.499999999985,10980.199999999999
2024-02-01,2024,2,125549.99999999997,28519.999999999996,28.4,54.3,KwaZulu-Natal,KZN,0.18,0.95,32.0,22598.999999999993,4876.919999999999
2024-02-01,2024,2,125549.99999999997,28519.999999999996,28.4,54.3,Western Cape,WC,0.15,1.25,18.0,18832.499999999996,5347.499999999999
2024-02-01,2024,2,125549.99999999997,28519.999999999996,28.4,54.3,Eastern Cape,EC,0.08,0.9,38.0,10043.999999999998,2053.44
2024-02-01,2024,2,125549.99999999997,28519.999999999996,28.4,54.3,Mpumalanga,MP,0.06,0.85,41.0,7532.999999999998,1454.5199999999998
2024-02-01,2024,2,125549.99999999997,28519.999999999996,28.4,54.3,Limpopo,LP,0.06,0.6,52.0,7532.999999999998,1026.7199999999998
2024-02-01,2024,2,125549.99999999997,28519.999999999996,28.4,54.3,Free State,FS,0.05,0.8,39.0,6277.499999999999,1140.8
2024-02-01,2024,2,125549.99999999997,28519.999999999996,28.4,54.3,North West,NW,0.05,0.75,44.0,6277.499999999999,1069.5
2024-02-01,2024,2,125549.99999999997,28519.999999999996,28.4,54.3,Northern Cape,NC,0.02,0.7,35.0,2510.9999999999995,399.28
2024-03-01,2024,3,132299.99999999997,30053.33333333333,28.4,54.3,Gauteng,GP,0.35,1.1,22.0,46304.999999999985,11570.533333333331
2024-03-01,2024,3,132299.99999999997,30053.33333333333,28.4,54.3,KwaZulu-Natal,KZN,0.18,0.95,32.0,23813.999999999993,5139.119999999998
2024-03-01,2024,3,132299.99999999997,30053.33333333333,28.4,54.3,Western Cape,WC,0.15,1.25,18.0,19844.999999999996,5634.999999999999
2024-03-01,2024,3,132299.99999999997,30053.33333333333,28.4,54.3,Eastern Cape,EC,0.08,0.9,38.0,10583.999999999998,2163.8399999999997
2024-03-01,2024,3,132299.99999999997,30053.33333333333,28.4,54.3,Mpumalanga,MP,0.06,0.85,41.0,7937.999999999998,1532.7199999999996
2024-03-01,2024,3,132299.99999999997,30053.33333333333,28.4,54.3,Limpopo,LP,0.06,0.6,52.0,7937.999999999998,1081.9199999999996
2024-03-01,2024,3,132299.99999999997,30053.33333333333,28.4,54.3,Free State,FS,0.05,0.8,39.0,6614.999999999999,1202.1333333333332
2024-03-01,2024,3,132299.99999999997,30053.33333333333,28.4,54.3,North West,NW,0.05,0.75,44.0,6614.999999999999,1127.0
2024-03-01,2024,3,132299.99999999997,30053.33333333333,28.4,54.3,Northern Cape,NC,0.02,0.7,35.0,2645.9999999999995,420.7466666666666
2024-04-01,2024,4,130949.99999999997,29746.66666666666,28.4,54.3,Gauteng,GP,0.35,1.1,22.0,45832.499999999985,11452.466666666664
2024-04-01,2024,4,130949.99999999997,29746.66666666666,28.4,54.3,KwaZulu-Natal,KZN,0.18,0.95,32.0,23570.999999999993,5086.6799999999985
2024-04-01,2024,4,130949.99999999997,29746.66666666666,28.4,54.3,Western Cape,WC,0.15,1.25,18.0,19642.499999999996,5577.499999999999
2024-04-01,2024,4,130949.99999999997,29746.66666666666,28.4,54.3,Eastern Cape,EC,0.08,0.9,38.0,10475.999999999998,2141.7599999999998
2024-04-01,2024,4,130949.99999999997,29746.66666666666,28.4,54.3,Mpumalanga,MP,0.06,0.85,41.0,7856.999999999998,1517.0799999999995
2024-04-01,2024,4,130949.99999999997,29746.66666666666,28.4,54.3,Limpopo,LP,0.06,0.6,52.0,7856.999999999998,1070.8799999999997
2024-04-01,2024,4,130949.99999999997,29746.66666666666,28.4,54.3,Free State,FS,0.05,0.8,39.0,6547.499999999999,1189.8666666666666
2024-04-01,2024,4,130949.99999999997,29746.66666666666,28.4,54.3,North West,NW,0.05,0.75,44.0,6547.499999999999,1115.4999999999998
2024-04-01,2024,4,130949.99999999997,29746.66666666666,28.4,54.3,Northern Cape,NC,0.02,0.7,35.0,2618.9999999999995,416.45333333333326
2024-05-01,2024,5,133649.99999999997,30359.999999999993,28.4,54.3,Gauteng,GP,0.35,1.1,22.0,46777.499999999985,11688.599999999997
2024-05-01,2024,5,133649.99999999997,30359.999999999993,28.4,54.3,KwaZulu-Natal,KZN,0.18,0.95,32.0,24056.999999999993,5191.559999999999
2024-05-01,2024,5,133649.99999999997,30359.999999999993,28.4,54.3,Western Cape,WC,0.15,1.25,18.0,20047.499999999996,5692.499999999999
2024-05-01,2024,5,133649.99999999997,30359.999999999993,28.4,54.3,Eastern Cape,EC,0.08,0.9,38.0,10691.999999999998,2185.9199999999996
2024-05-01,2024,5,133649.99999999997,30359.999999999993,28.4,54.3,Mpumalanga,MP,0.06,0.85,41.0,8018.999999999998,1548.3599999999994
2024-05-01,2024,5,133649.99999999997,30359.999999999993,28.4,54.3,Limpopo,LP,0.06,0.6,52.0,8018.999999999998,1092.9599999999996
2024-05-01,2024,5,133649.99999999997,30359.999999999993,28.4,54.3,Free State,FS,0.05,0.8,39.0,6682.499999999999,1214.3999999999999
2024-05-01,2024,5,133649.99999999997,30359.999999999993,28.4,54.3,North West,NW,0.05,0.75,44.0,6682.499999999999,1138.4999999999998
2024-05-01,2024,5,133649.99999999997,30359.999999999993,28.4,54.3,Northern Cape,NC,0.02,0.7,35.0,2672.9999999999995,425.03999999999985
2024-06-01,2024,6,132299.99999999997,30053.33333333333,28.4,54.3,Gauteng,GP,0.35,1.1,22.0,46304.999999999985,11570.533333333331
2024-06-01,2024,6,132299.99999999997,30053.33333333333,28.4,54.3,KwaZulu-Natal,KZN,0.18,0.95,32.0,23813.999999999993,5139.119999999998
2024-06-01,2024,6,132299.99999999997,30053.33333333333,28.4,54.3,Western Cape,WC,0.15,1.25,18.0,19844.999999999996,5634.999999999999
2024-06-01,2024,6,132299.99999999997,30053.33333333333,28.4,54.3,Eastern Cape,EC,0.08,0.9,38.0,10583.999999999998,2163.8399999999997
2024-06-01,2024,6,132299.99999999997,30053.33333333333,28.4,54.3,Mpumalanga,MP,0.06,0.85,41.0,7937.999999999998,1532.7199999999996
2024-06-01,2024,6,132299.99999999997,30053.33333333333,28.4,54.3,Limpopo,LP,0.06,0.6,52.0,7937.999999999998,1081.9199999999996
2024-06-01,2024,6,132299.99999999997,30053.33333333333,28.4,54.3,Free State,FS,0.05,0.8,39.0,6614.999999999999,1202.1333333333332
2024-06-01,2024,6,132299.99999999997,30053.33333333333,28.4,54.3,North West,NW,0.05,0.75,44.0,6614.999999999999,1127.0
2024-06-01,2024,6,132299.99999999997,30053.33333333333,28.4,54.3,Northern Cape,NC,0.02,0.7,35.0,2645.9999999999995,420.7466666666666
2024-07-01,2024,7,133649.99999999997,30359.999999999993,28.4,54.3,Gauteng,GP,0.35,1.1,22.0,46777.499999999985,11688.599999999997
2024-07-01,2024,7,133649.99999999997,30359.999999999993,28.4,54.3,KwaZulu-Natal,KZN,0.18,0.95,32.0,24056.999999999993,5191.559999999999
2024-07-01,2024,7,133649.99999999997,30359.999999999993,28.4,54.3,Western Cape,WC,0.15,1.25,18.0,20047.499999999996,5692.499999999999
2024-07-01,2024,7,133649.99999999997,30359.999999999993,28.4,54.3,Eastern Cape,EC,0.08,0.9,38.0,10691.999999999998,2185.9199999999996
2024-07-01,2024,7,133649.99999999997,30359.999999999993,28.4,54.3,Mpumalanga,MP,0.06,0.85,41.0,8018.999999999998,1548.3599999999994
2024-07-01,2024,7,133649.99999999997,30359.999999999993,28.4,54.3,Limpopo,LP,0.06,0.6,52.0,8018.999999999998,1092.9599999999996
2024-07-01,2024,7,133649.99999999997,30359.999999999993,28.4,54.3,Free State,FS,0.05,0.8,39.0,6682.499999999999,1214.3999999999999
2024-07-01,2024,7,133649.99999999997,30359.999999999993,28.4,54.3,North West,NW,0.05,0.75,44.0,6682.499999999999,1138.4999999999998
2024-07-01,2024,7,133649.99999999997,30359.999999999993,28.4,54.3,Northern Cape,NC,0.02,0.7,35.0,2672.9999999999995,425.03999999999985
2024-08-01,2024,8,136349.99999999997,30973.33333333333,28.4,54.3,Gauteng,GP,0.35,1.1,22.0,47722.499999999985,11924.733333333332
2024-08-01,2024,8,136349.99999999997,30973.33333333333,28.4,54.3,KwaZulu-Natal,KZN,0.18,0.95,32.0,24542.999999999993,5296.439999999999
2024-08-01,2024,8,136349.99999999997,30973.33333333333,28.4,54.3,Western Cape,WC,0.15,1.25,18.0,20452.499999999996,5807.499999999999
2024-08-01,2024,8,136349.99999999997,30973.33333333333,28.4,54.3,Eastern Cape,EC,0.08,0.9,38.0,10907.999999999998,2230.08
2024-08-01,2024,8,136349.99999999997,30973.33333333333,28.4,54.3,Mpumalanga,MP,0.06,0.85,41.0,8180.999999999998,1579.6399999999996
2024-08-01,2024,8,136349.99999999997,30973.33333333333,28.4,54.3,Limpopo,LP,0.06,0.6,52.0,8180.999999999998,1115.0399999999997
2024-08-01,2024,8,136349.99999999997,30973.33333333333,28.4,54.3,Free State,FS,0.05,0.8,39.0,6817.499999999999,1238.9333333333334
2024-08-01,2024,8,136349.99999999997,30973.33333333333,28.4,54.3,North West,NW,0.05,0.75,44.0,6817.499999999999,1161.5
2024-08-01,2024,8,136349.99999999997,30973.33333333333,28.4,54.3,Northern Cape,NC,0.02,0.7,35.0,2726.9999999999995,433.6266666666666
2024-09-01,2024,9,137699.99999999997,31279.999999999996,28.4,54.3,Gauteng,GP,0.35,1.1,22.0,48194.999999999985,12042.8
2024-09-01,2024,9,137699.99999999997,31279.999999999996,28.4,54.3,KwaZulu-Natal,KZN,0.18,0.95,32.0,24785.999999999993,5348.879999999998
2024-09-01,2024,9,137699.99999999997,31279.999999999996,28.4,54.3,Western Cape,WC,0.15,1.25,18.0,20654.999999999996,5864.999999999999
2024-09-01,2024,9,137699.99999999997,31279.999999999996,28.4,54.3,Eastern Cape,EC,0.08,0.9,38.0,11015.999999999998,2252.16
2024-09-01,2024,9,137699.99999999997,31279.999999999996,28.4,54.3,Mpumalanga,MP,0.06,0.85,41.0,8261.999999999998,1595.2799999999997
2024-09-01,2024,9,137699.99999999997,31279.999999999996,28.4,54.3,Limpopo,LP,0.06,0.6,52.0,8261.999999999998,1126.0799999999997
2024-09-01,2024,9,137699.99999999997,31279.999999999996,28.4,54.3,Free State,FS,0.05,0.8,39.0,6884.999999999999,1251.2
2024-09-01,2024,9,137699.99999999997,31279.999999999996,28.4,54.3,North West,NW,0.05,0.75,44.0,6884.999999999999,1173.0
2024-09-01,2024,9,137699.99999999997,31279.999999999996,28.4,54.3,Northern Cape,NC,0.02,0.7,35.0,2753.9999999999995,437.9199999999999
2024-10-01,2024,10,140399.99999999997,31893.33333333333,28.4,54.3,Gauteng,GP,0.35,1.1,22.0,49139.999999999985,12278.933333333332
2024-10-01,2024,10,140399.99999999997,31893.33333333333,28.4,54.3,KwaZulu-Natal,KZN,0.18,0.95,32.0,25271.999999999993,5453.759999999999
2024-10-01,2024,10,140399.99999999997,31893.33333333333,28.4,54.3,Western Cape,WC,0.15,1.25,18.0,21059.999999999996,5979.999999999999
2024-10-01,2024,10,140399.99999999997,31893.33333333333,28.4,54.3,Eastern Cape,EC,0.08,0.9,38.0,11231.999999999998,2296.3199999999997
2024-10-01,2024,10,140399.99999999997,31893.33333333333,28.4,54.3,Mpumalanga,MP,0.06,0.85,41.0,8423.999999999998,1626.5599999999997
2024-10-01,2024,10,140399.99999999997,31893.33333333333,28.4,54.3,Limpopo,LP,0.06,0.6,52.0,8423.999999999998,1148.1599999999999
2024-10-01,2024,10,140399.99999999997,31893.33333333333,28.4,54.3,Free State,FS,0.05,0.8,39.0,7019.999999999999,1275.7333333333333
2024-10-01,2024,10,140399.99999999997,31893.33333333333,28.4,54.3,North West,NW,0.05,0.75,44.0,7019.999999999999,1196.0
2024-10-01,2024,10,140399.99999999997,31893.33333333333,28.4,54.3,Northern Cape,NC,0.02,0.7,35.0,2807.9999999999995,446.50666666666655
2024-11-01,2024,11,145799.99999999997,33120.0,28.4,54.3,Gauteng,GP,0.35,1.1,22.0,51029.999999999985,12751.2
2024-11-01,2024,11,145799.99999999997,33120.0,28.4,54.3,KwaZulu-Natal,KZN,0.18,0.95,32.0,26243.999999999993,5663.5199999999995
2024-11-01,2024,11,145799.99999999997,33120.0,28.4,54.3,Western Cape,WC,0.15,1.25,18.0,21869.999999999996,6210.0
2024-11-01,2024,11,145799.99999999997,33120.0,28.4,54.3,Eastern Cape,EC,0.08,0.9,38.0,11663.999999999998,2384.64
2024-11-01,2024,11,145799.99999999997,33120.0,28.4,54.3,Mpumalanga,MP,0.06,0.85,41.0,8747.999999999998,1689.12
2024-11-01,2024,11,145799.99999999997,33120.0,28.4,54.3,Limpopo,LP,0.06,0.6,52.0,8747.999999999998,1192.32
2024-11-01,2024,11,145799.99999999997,33120.0,28.4,54.3,Free State,FS,0.05,0.8,39.0,7289.999999999999,1324.8000000000002
2024-11-01,2024,11,145799.99999999997,33120.0,28.4,54.3,North West,NW,0.05,0.75,44.0,7289.999999999999,1242.0
2024-11-01,2024,11,145799.99999999997,33120.0,28.4,54.3,Northern Cape,NC,0.02,0.7,35.0,2915.9999999999995,463.67999999999995
2024-12-01,2024,12,144449.99999999997,32813.33333333333,28.4,54.3,Gauteng,GP,0.35,1.1,22.0,50557.499999999985,12633.133333333331
2024-12-01,2024,12,144449.99999999997,32813.33333333333,28.4,54.3,KwaZulu-Natal,KZN,0.18,0.95,32.0,26000.999999999993,5611.079999999998
2024-12-01,2024,12,144449.99999999997,32813.33333333333,28.4,54.3,Western Cape,WC,0.15,1.25,18.0,21667.499999999996,6152.499999999999
2024-12-01,2024,12,144449.99999999997,32813.33333333333,28.4,54.3,Eastern Cape,EC,0.08,0.9,38.0,11555.999999999998,2362.5599999999995
2024-12-01,2024,12,144449.99999999997,32813.33333333333,28.4,54.3,Mpumalanga,MP,0.06,0.85,41.0,8666.999999999998,1673.4799999999998
2024-12-01,2024,12,144449.99999999997,32813.33333333333,28.4,54.3,Limpopo,LP,0.06,0.6,52.0,8666.999999999998,1181.2799999999997
2024-12-01,2024,12,144449.99999999997,32813.33333333333,28.4,54.3,Free State,FS,0.05,0.8,39.0,7222.499999999999,1312.5333333333333
2024-12-01,2024,12,144449.99999999997,32813.33333333333,28.4,54.3,North West,NW,0.05,0.75,44.0,7222.499999999999,1230.5
2024-12-01,2024,12,144449.99999999997,32813.33333333333,28.4,54.3,Northern Cape,NC,0.02,0.7,35.0,2888.9999999999995,459.38666666666654
2025-01-01,2025,1,129249.99999999996,29766.66666666666,28.8,54.5,Gauteng,GP,0.35,1.1,22.0,45237.499999999985,11460.166666666664
2025-01-01,2025,1,129249.99999999996,29766.66666666666,28.8,54.5,KwaZulu-Natal,KZN,0.18,0.95,32.0,23264.999999999993,5090.0999999999985
2025-01-01,2025,1,129249.99999999996,29766.66666666666,28.8,54.5,Western Cape,WC,0.15,1.25,18.0,19387.499999999993,5581.249999999999
2025-01-01,2025,1,129249.99999999996,29766.66666666666,28.8,54.5,Eastern Cape,EC,0.08,0.9,38.0,10339.999999999996,2143.2
2025-01-01,2025,1,129249.99999999996,29766.66666666666,28.8,54.5,Mpumalanga,MP,0.06,0.85,41.0,7754.999999999997,1518.0999999999997
2025-01-01,2025,1,129249.99999999996,29766.66666666666,28.8,54.5,Limpopo,LP,0.06,0.6,52.0,7754.999999999997,1071.5999999999997
2025-01-01,2025,1,129249.99999999996,29766.66666666666,28.8,54.5,Free State,FS,0.05,0.8,39.0,6462.499999999998,1190.6666666666665
2025-01-01,2025,1,129249.99999999996,29766.66666666666,28.8,54.5,North West,NW,0.05,0.75,44.0,6462.499999999998,1116.2499999999998
2025-01-01,2025,1,129249.99999999996,29766.66666666666,28.8,54.5,Northern Cape,NC,0.02,0.7,35.0,2584.999999999999,416.73333333333323
2025-02-01,2025,2,127874.99999999997,29449.999999999996,28.8,54.5,Gauteng,GP,0.35,1.1,22.0,44756.249999999985,11338.249999999998
2025-02-01,2025,2,127874.99999999997,29449.999999999996,28.8,54.5,KwaZulu-Natal,KZN,0.18,0.95,32.0,23017.499999999993,5035.949999999999
2025-02-01,2025,2,127874.99999999997,29449.999999999996,28.8,54.5,Western Cape,WC,0.15,1.25,18.0,19181.249999999996,5521.874999999999
2025-02-01,2025,2,127874.99999999997,29449.999999999996,28.8,54.5,Eastern Cape,EC,0.08,0.9,38.0,10229.999999999998,2120.3999999999996
2025-02-01,2025,2,127874.99999999997,29449.999999999996,28.8,54.5,Mpumalanga,MP,0.06,0.85,41.0,7672.499999999998,1501.9499999999998
2025-02-01,2025,2,127874.99999999997,29449.999999999996,28.8,54.5,Limpopo,LP,0.06,0.6,52.0,7672.499999999998,1060.1999999999998
2025-02-01,2025,2,127874.99999999997,29449.999999999996,28.8,54.5,Free State,FS,0.05,0.8,39.0,6393.749999999999,1178.0
2025-02-01,2025,2,127874.99999999997,29449.999999999996,28.8,54.5,North West,NW,0.05,0.75,44.0,6393.749999999999,1104.375
2025-02-01,2025,2,127874.99999999997,29449.999999999996,28.8,54.5,Northern Cape,NC,0.02,0.7,35.0,2557.4999999999995,412.2999999999999
2025-03-01,2025,3,134749.99999999997,31033.33333333333,28.8,54.5,Gauteng,GP,0.35,1.1,22.0,47162.499999999985,11947.833333333332
2025-03-01,2025,3,134749.99999999997,31033.33333333333,28.8,54.5,KwaZulu-Natal,KZN,0.18,0.95,32.0,24254.999999999993,5306.699999999999
2025-03-01,2025,3,134749.99999999997,31033.33333333333,28.8,54.5,Western Cape,WC,0.15,1.25,18.0,20212.499999999996,5818.749999999999
2025-03-01,2025,3,134749.99999999997,31033.33333333333,28.8,54.5,Eastern Cape,EC,0.08,0.9,38.0,10779.999999999998,2234.4
2025-03-01,2025,3,134749.99999999997,31033.33333333333,28.8,54.5,Mpumalanga,MP,0.06,0.85,41.0,8084.999999999998,1582.6999999999996
2025-03-01,2025,3,134749.99999999997,31033.33333333333,28.8,54.5,Limpopo,LP,0.06,0.6,52.0,8084.999999999998,1117.1999999999996
2025-03-01,2025,3,134749.99999999997,31033.33333333333,28.8,54.5,Free State,FS,0.05,0.8,39.0,6737.499999999999,1241.3333333333333
2025-03-01,2025,3,134749.99999999997,31033.33333333333,28.8,54.5,North West,NW,0.05,0.75,44.0,6737.499999999999,1163.75
2025-03-01,2025,3,134749.99999999997,31033.33333333333,28.8,54.5,Northern Cape,NC,0.02,0.7,35.0,2694.9999999999995,434.46666666666664
2025-04-01,2025,4,133374.99999999997,30716.66666666666,28.8,54.5,Gauteng,GP,0.35,1.1,22.0,46681.249999999985,11825.916666666664
2025-04-01,2025,4,133374.99999999997,30716.66666666666,28.8,54.5,KwaZulu-Natal,KZN,0.18,0.95,32.0,24007.499999999993,5252.549999999999
2025-04-01,2025,4,133374.99999999997,30716.66666666666,28.8,54.5,Western Cape,WC,0.15,1.25,18.0,20006.249999999996,5759.374999999999
2025-04-01,2025,4,133374.99999999997,30716.66666666666,28.8,54.5,Eastern Cape,EC,0.08,0.9,38.0,10669.999999999998,2211.6
2025-04-01,2025,4,133374.99999999997,30716.66666666666,28.8,54.5,Mpumalanga,MP,0.06,0.85,41.0,8002.499999999998,1566.5499999999995
2025-04-01,2025,4,133374.99999999997,30716.66666666666,28.8,54.5,Limpopo,LP,0.06,0.6,52.0,8002.499999999998,1105.7999999999997
2025-04-01,2025,4,133374.99999999997,30716.66666666666,28.8,54.5,Free State,FS,0.05,0.8,39.0,6668.749999999999,1228.6666666666665
2025-04-01,2025,4,133374.99999999997,30716.66666666666,28.8,54.5,North West,NW,0.05,0.75,44.0,6668.749999999999,1151.8749999999998
2025-04-01,2025,4,133374.99999999997,30716.66666666666,28.8,54.5,Northern Cape,NC,0.02,0.7,35.0,2667.4999999999995,430.03333333333325
2025-05-01,2025,5,136124.99999999997,31349.999999999993,28.8,54.5,Gauteng,GP,0.35,1.1,22.0,47643.749999999985,12069.749999999996
2025-05-01,2025,5,136124.99999999997,31349.999999999993,28.8,54.5,KwaZulu-Natal,KZN,0.18,0.95,32.0,24502.499999999993,5360.849999999998
2025-05-01,2025,5,136124.99999999997,31349.999999999993,28.8,54.5,Western Cape,WC,0.15,1.25,18.0,20418.749999999996,5878.124999999999
2025-05-01,2025,5,136124.99999999997,31349.999999999993,28.8,54.5,Eastern Cape,EC,0.08,0.9,38.0,10889.999999999998,2257.2
2025-05-01,2025,5,136124.99999999997,31349.999999999993,28.8,54.5,Mpumalanga,MP,0.06,0.85,41.0,8167.499999999998,1598.8499999999997
2025-05-01,2025,5,136124.99999999997,31349.999999999993,28.8,54.5,Limpopo,LP,0.06,0.6,52.0,8167.499999999998,1128.5999999999997
2025-05-01,2025,5,136124.99999999997,31349.999999999993,28.8,54.5,Free State,FS,0.05,0.8,39.0,6806.249999999999,1254.0
2025-05-01,2025,5,136124.99999999997,31349.999999999993,28.8,54.5,North West,NW,0.05,0.75,44.0,6806.249999999999,1175.6249999999998
2025-05-01,2025,5,136124.99999999997,31349.999999999993,28.8,54.5,Northern Cape,NC,0.02,0.7,35.0,2722.4999999999995,438.8999999999999
2025-06-01,2025,6,134749.99999999997,31033.33333333333,28.8,54.5,Gauteng,GP,0.35,1.1,22.0,47162.499999999985,11947.833333333332
2025-06-01,2025,6,134749.99999999997,31033.33333333333,28.8,54.5,KwaZulu-Natal,KZN,0.18,0.95,32.0,24254.999999999993,5306.699999999999
2025-06-01,2025,6,134749.99999999997,31033.33333333333,28.8,54.5,Western Cape,WC,0.15,1.25,18.0,20212.499999999996,5818.749999999999
2025-06-01,2025,6,134749.99999999997,31033.33333333333,28.8,54.5,Eastern Cape,EC,0.08,0.9,38.0,10779.999999999998,2234.4
2025-06-01,2025,6,134749.99999999997,31033.33333333333,28.8,54.5,Mpumalanga,MP,0.06,0.85,41.0,8084.999999999998,1582.6999999999996
2025-06-01,2025,6,134749.99999999997,31033.33333333333,28.8,54.5,Limpopo,LP,0.06,0.6,52.0,8084.999999999998,1117.1999999999996
2025-06-01,2025,6,134749.99999999997,31033.33333333333,28.8,54.5,Free State,FS,0.05,0.8,39.0,6737.499999999999,1241.3333333333333
2025-06-01,2025,6,134749.99999999997,31033.33333333333,28.8,54.5,North West,NW,0.05,0.75,44.0,6737.499999999999,1163.75
2025-06-01,2025,6,134749.99999999997,31033.33333333333,28.8,54.5,Northern Cape,NC,0.02,0.7,35.0,2694.9999999999995,434.46666666666664
2025-07-01,2025,7,136124.99999999997,31349.999999999993,28.8,54.5,Gauteng,GP,0.35,1.1,22.0,47643.749999999985,12069.749999999996
2025-07-01,2025,7,136124.99999999997,31349.999999999993,28.8,54.5,KwaZulu-Natal,KZN,0.18,0.95,32.0,24502.499999999993,5360.849999999998
2025-07-01,2025,7,136124.99999999997,31349.999999999993,28.8,54.5,Western Cape,WC,0.15,1.25,18.0,20418.749999999996,5878.124999999999
2025-07-01,2025,7,136124.99999999997,31349.999999999993,28.8,54.5,Eastern Cape,EC,0.08,0.9,38.0,10889.999999999998,2257.2
2025-07-01,2025,7,136124.99999999997,31349.999999999993,28.8,54.5,Mpumalanga,MP,0.06,0.85,41.0,8167.499999999998,1598.8499999999997
2025-07-01,2025,7,136124.99999999997,31349.999999999993,28.8,54.5,Limpopo,LP,0.06,0.6,52.0,8167.499999999998,1128.5999999999997
2025-07-01,2025,7,136124.99999999997,31349.999999999993,28.8,54.5,Free State,FS,0.05,0.8,39.0,6806.249999999999,1254.0
2025-07-01,2025,7,136124.99999999997,31349.999999999993,28.8,54.5,North West,NW,0.05,0.75,44.0,6806.249999999999,1175.6249999999998
2025-07-01,2025,7,136124.99999999997,31349.999999999993,28.8,54.5,Northern Cape,NC,0.02,0.7,35.0,2722.4999999999995,438.8999999999999
2025-08-01,2025,8,138874.99999999997,31983.33333333333,28.8,54.5,Gauteng,GP,0.35,1.1,22.0,48606.249999999985,12313.583333333332
2025-08-01,2025,8,138874.99999999997,31983.33333333333,28.8,54.5,KwaZulu-Natal,KZN,0.18,0.95,32.0,24997.499999999993,5469.149999999999
2025-08-01,2025,8,138874.99999999997,31983.33333333333,28.8,54.5,Western Cape,WC,0.15,1.25,18.0,20831.249999999996,5996.874999999999
2025-08-01,2025,8,138874.99999999997,31983.33333333333,28.8,54.5,Eastern Cape,EC,0.08,0.9,38.0,11109.999999999998,2302.7999999999997
2025-08-01,2025,8,138874.99999999997,31983.33333333333,28.8,54.5,Mpumalanga,MP,0.06,0.85,41.0,8332.499999999998,1631.1499999999996
2025-08-01,2025,8,138874.99999999997,31983.33333333333,28.8,54.5,Limpopo,LP,0.06,0.6,52.0,8332.499999999998,1151.3999999999996
2025-08-01,2025,8,138874.99999999997,31983.33333333333,28.8,54.5,Free State,FS,0.05,0.8,39.0,6943.749999999999,1279.3333333333333
2025-08-01,2025,8,138874.99999999997,31983.33333333333,28.8,54.5,North West,NW,0.05,0.75,44.0,6943.749999999999,1199.375
2025-08-01,2025,8,138874.99999999997,31983.33333333333,28.8,54.5,Northern Cape,NC,0.02,0.7,35.0,2777.4999999999995,447.7666666666666
2025-09-01,2025,9,140249.99999999997,32299.999999999996,28.8,54.5,Gauteng,GP,0.35,1.1,22.0,49087.499999999985,12435.499999999998
2025-09-01,2025,9,140249.99999999997,32299.999999999996,28.8,54.5,KwaZulu-Natal,KZN,0.18,0.95,32.0,25244.999999999993,5523.299999999999
2025-09-01,2025,9,140249.99999999997,32299.999999999996,28.8,54.5,Western Cape,WC,0.15,1.25,18.0,21037.499999999996,6056.249999999999
2025-09-01,2025,9,140249.99999999997,32299.999999999996,28.8,54.5,Eastern Cape,EC,0.08,0.9,38.0,11219.999999999998,2325.5999999999995
2025-09-01,2025,9,140249.99999999997,32299.999999999996,28.8,54.5,Mpumalanga,MP,0.06,0.85,41.0,8414.999999999998,1647.2999999999997
2025-09-01,2025,9,140249.99999999997,32299.999999999996,28.8,54.5,Limpopo,LP,0.06,0.6,52.0,8414.999999999998,1162.7999999999997
2025-09-01,2025,9,140249.99999999997,32299.999999999996,28.8,54.5,Free State,FS,0.05,0.8,39.0,7012.499999999999,1292.0
2025-09-01,2025,9,140249.99999999997,32299.999999999996,28.8,54.5,North West,NW,0.05,0.75,44.0,7012.499999999999,1211.25
2025-09-01,2025,9,140249.99999999997,32299.999999999996,28.8,54.5,Northern Cape,NC,0.02,0.7,35.0,2804.9999999999995,452.1999999999999
2025-10-01,2025,10,142999.99999999997,32933.33333333333,28.8,54.5,Gauteng,GP,0.35,1.1,22.0,50049.999999999985,12679.333333333332
2025-10-01,2025,10,142999.99999999997,32933.33333333333,28.8,54.5,KwaZulu-Natal,KZN,0.18,0.95,32.0,25739.999999999993,5631.5999999999985
2025-10-01,2025,10,142999.99999999997,32933.33333333333,28.8,54.5,Western Cape,WC,0.15,1.25,18.0,21449.999999999996,6174.999999999999
2025-10-01,2025,10,142999.99999999997,32933.33333333333,28.8,54.5,Eastern Cape,EC,0.08,0.9,38.0,11439.999999999998,2371.2
2025-10-01,2025,10,142999.99999999997,32933.33333333333,28.8,54.5,Mpumalanga,MP,0.06,0.85,41.0,8579.999999999998,1679.5999999999997
2025-10-01,2025,10,142999.99999999997,32933.33333333333,28.8,54.5,Limpopo,LP,0.06,0.6,52.0,8579.999999999998,1185.5999999999997
2025-10-01,2025,10,142999.99999999997,32933.33333333333,28.8,54.5,Free State,FS,0.05,0.8,39.0,7149.999999999999,1317.3333333333333
2025-10-01,2025,10,142999.99999999997,32933.33333333333,28.8,54.5,North West,NW,0.05,0.75,44.0,7149.999999999999,1235.0
2025-10-01,2025,10,142999.99999999997,32933.33333333333,28.8,54.5,Northern Cape,NC,0.02,0.7,35.0,2859.9999999999995,461.0666666666666
2025-11-01,2025,11,148499.99999999997,34200.0,28.8,54.5,Gauteng,GP,0.35,1.1,22.0,51974.999999999985,13167.000000000002
2025-11-01,2025,11,148499.99999999997,34200.0,28.8,54.5,KwaZulu-Natal,KZN,0.18,0.95,32.0,26729.999999999993,5848.2
2025-11-01,2025,11,148499.99999999997,34200.0,28.8,54.5,Western Cape,WC,0.15,1.25,18.0,22274.999999999996,6412.5
2025-11-01,2025,11,148499.99999999997,34200.0,28.8,54.5,Eastern Cape,EC,0.08,0.9,38.0,11879.999999999998,2462.4
2025-11-01,2025,11,148499.99999999997,34200.0,28.8,54.5,Mpumalanga,MP,0.06,0.85,41.0,8909.999999999998,1744.2
2025-11-01,2025,11,148499.99999999997,34200.0,28.8,54.5,Limpopo,LP,0.06,0.6,52.0,8909.999999999998,1231.2
2025-11-01,2025,11,148499.99999999997,34200.0,28.8,54.5,Free State,FS,0.05,0.8,39.0,7424.999999999999,1368.0
2025-11-01,2025,11,148499.99999999997,34200.0,28.8,54.5,North West,NW,0.05,0.75,44.0,7424.999999999999,1282.5
2025-11-01,2025,11,148499.99999999997,34200.0,28.8,54.5,Northern Cape,NC,0.02,0.7,35.0,2969.9999999999995,478.79999999999995
2025-12-01,2025,12,147124.99999999997,33883.33333333333,28.8,54.5,Gauteng,GP,0.35,1.1,22.0,51493.749999999985,13045.083333333332
2025-12-01,2025,12,147124.99999999997,33883.33333333333,28.8,54.5,KwaZulu-Natal,KZN,0.18,0.95,32.0,26482.499999999993,5794.049999999999
2025-12-01,2025,12,147124.99999999997,33883.33333333333,28.8,54.5,Western Cape,WC,0.15,1.25,18.0,22068.749999999996,6353.124999999999
2025-12-01,2025,12,147124.99999999997,33883.33333333333,28.8,54.5,Eastern Cape,EC,0.08,0.9,38.0,11769.999999999998,2439.6
2025-12-01,2025,12,147124.99999999997,33883.33333333333,28.8,54.5,Mpumalanga,MP,0.06,0.85,41.0,8827.499999999998,1728.0499999999995
2025-12-01,2025,12,147124.99999999997,33883.33333333333,28.8,54.5,Limpopo,LP,0.06,0.6,52.0,8827.499999999998,1219.7999999999997
2025-12-01,2025,12,147124.99999999997,33883.33333333333,28.8,54.5,Free State,FS,0.05,0.8,39.0,7356.249999999999,1355.3333333333333
2025-12-01,2025,12,147124.99999999997,33883.33333333333,28.8,54.5,North West,NW,0.05,0.75,44.0,7356.249999999999,1270.625
2025-12-01,2025,12,147124.99999999997,33883.33333333333,28.8,54.5,Northern Cape,NC,0.02,0.7,35.0,2942.4999999999995,474.3666666666666
